<?xml version = '1.0' encoding = 'UTF-8'?>
<Arc class="oracle.dbtools.crest.model.design.logical.Arc" directorySegmentName="seg_0" id="0CB81F02-4311-FF23-F12A-6B2BD1EF8AAC" name="Arc_3">
<createdBy>leand</createdBy>
<createdTime>2017-09-02 20:29:06 UTC</createdTime>
<ownerDesignName>VFC_VIRTUAL_FACTORY_CHALLENGE</ownerDesignName>
<engineerTo>
<item key="79DBAC6E-7ECE-7411-7C89-31B79CF16E25" value="true"/>
</engineerTo>
<entity>768D2B28-730A-A22B-8B95-8F54C13A7C8A</entity>
<relations>
<relationID>9E632964-D631-6AC7-9FBA-11A861D3DD75</relationID>
<relationID>CE521DA5-393C-F6C2-B6AE-972164439751</relationID>
</relations>
</Arc>