<?xml version = '1.0' encoding = 'UTF-8'?>
<Diagram class="oracle.dbtools.crest.swingui.relational.DPVRelational" name="Relational_1" id="D98A2855-FAD6-E632-99A9-F4A4F8573432">
<createdBy>logonrm</createdBy>
<modifiedBy>logonrm</modifiedBy>
<createdTime>2017-09-21 12:01:12 UTC</createdTime>
<autoRoute>false</autoRoute>
<boxInbox>true</boxInbox>
<showLegend>false</showLegend>
<showLabels>false</showLabels>
<showRelAttributes>false</showRelAttributes>
<gridEnabled>false</gridEnabled>
<showGrid>false</showGrid>
<diagramColor>-1</diagramColor>
<display>false</display>
<notation>1</notation>
<objectViews>
<OView class="oracle.dbtools.crest.swingui.relational.TVTable" oid="0B4817CA-89FA-828B-04A7-C5FEE6F26E43" otype="Table" vid="5D28D04F-3EBC-9943-CF54-04007584FB30">
<hideElementsInCurrentOnly>false</hideElementsInCurrentOnly>
<bounds x="1145" y="711" width="224" height="147"/>
</OView>
<OView class="oracle.dbtools.crest.swingui.relational.TVTable" oid="121F70E6-FC6E-67C2-31C9-E36610CBECF1" otype="Table" vid="285645FC-3601-CFE8-7B23-4D913313A75F">
<hideElementsInCurrentOnly>false</hideElementsInCurrentOnly>
<bounds x="471" y="1103" width="170" height="165"/>
</OView>
<OView class="oracle.dbtools.crest.swingui.relational.TVTable" oid="24DBE33F-1887-5EE8-CE26-8C1C7DD19126" otype="Table" vid="00AD40C6-0C04-1645-2FCB-AA631BA6E784">
<hideElementsInCurrentOnly>false</hideElementsInCurrentOnly>
<bounds x="482" y="527" width="174" height="108"/>
</OView>
<OView class="oracle.dbtools.crest.swingui.relational.TVTable" oid="24E9DB02-7601-DECB-B706-2C7D2D884959" otype="Table" vid="01C77FA5-C8CE-8D3D-3813-C54C5ABABC5C">
<hideElementsInCurrentOnly>false</hideElementsInCurrentOnly>
<bounds x="27" y="868" width="216" height="106"/>
</OView>
<OView class="oracle.dbtools.crest.swingui.relational.TVTable" oid="2F599968-6E93-CD4E-0175-E3D0FFCF6287" otype="Table" vid="DA006282-CB0A-556E-EFA2-20C4FCAF802F">
<hideElementsInCurrentOnly>false</hideElementsInCurrentOnly>
<bounds x="1516" y="414" width="191" height="115"/>
<useCustomFormat>true</useCustomFormat>
<useDefaultColor>false</useDefaultColor>
<backgroundColor>-16724839</backgroundColor>
<foregroundColor>-16776961</foregroundColor>
<fonts itemClass="oracle.dbtools.crest.model.design.FontObjectWr">
<FontObject>
<foType>Title</foType>
<fontStyle>1</fontStyle>
<colorRGB>-16776961</colorRGB>
</FontObject>
<FontObject>
<foType>Column</foType>
<colorRGB>-16777216</colorRGB>
</FontObject>
<FontObject>
<foType>Not Null</foType>
<colorRGB>-65536</colorRGB>
</FontObject>
<FontObject>
<foType>PK Element</foType>
<colorRGB>-16776961</colorRGB>
</FontObject>
<FontObject>
<foType>Datatype</foType>
<colorRGB>-16744448</colorRGB>
</FontObject>
<FontObject>
<foType>FK Element</foType>
<colorRGB>-16777216</colorRGB>
</FontObject>
<FontObject>
<foType>Key</foType>
<colorRGB>-16777216</colorRGB>
</FontObject>
</fonts>
</OView>
<OView class="oracle.dbtools.crest.swingui.relational.TVTable" oid="2FB76DE4-8A2A-F12D-B876-027FF748F7D6" otype="Table" vid="E82C0533-5B59-A17A-C5AB-E36984D588F8">
<hideElementsInCurrentOnly>false</hideElementsInCurrentOnly>
<bounds x="1916" y="602" width="170" height="90"/>
<useCustomFormat>true</useCustomFormat>
<useDefaultColor>false</useDefaultColor>
<backgroundColor>-16724839</backgroundColor>
<foregroundColor>-16776961</foregroundColor>
<fonts itemClass="oracle.dbtools.crest.model.design.FontObjectWr">
<FontObject>
<foType>Title</foType>
<fontStyle>1</fontStyle>
<colorRGB>-16776961</colorRGB>
</FontObject>
<FontObject>
<foType>Column</foType>
<colorRGB>-16777216</colorRGB>
</FontObject>
<FontObject>
<foType>Not Null</foType>
<colorRGB>-65536</colorRGB>
</FontObject>
<FontObject>
<foType>PK Element</foType>
<colorRGB>-16776961</colorRGB>
</FontObject>
<FontObject>
<foType>Datatype</foType>
<colorRGB>-16744448</colorRGB>
</FontObject>
<FontObject>
<foType>Key</foType>
<colorRGB>-16777216</colorRGB>
</FontObject>
</fonts>
</OView>
<OView class="oracle.dbtools.crest.swingui.relational.TVTable" oid="3DB50617-2D00-3676-DFC4-8185CEDD10BB" otype="Table" vid="1E59AEAA-54AA-94FF-BD0D-31C3279F676A">
<hideElementsInCurrentOnly>false</hideElementsInCurrentOnly>
<bounds x="676" y="330" width="165" height="68"/>
</OView>
<OView class="oracle.dbtools.crest.swingui.relational.TVTable" oid="4131E675-280C-C3AB-296A-7FBE59B1EFB0" otype="Table" vid="E2526F0F-E69D-3044-D48B-49A2252ACEA2">
<hideElementsInCurrentOnly>false</hideElementsInCurrentOnly>
<bounds x="875" y="697" width="205" height="148"/>
</OView>
<OView class="oracle.dbtools.crest.swingui.relational.TVTable" oid="45735231-7358-DC2B-4D0E-35C2D1E701E7" otype="Table" vid="94E94BA0-7A0F-DFF3-EF81-25D35BDC68F1">
<hideElementsInCurrentOnly>false</hideElementsInCurrentOnly>
<bounds x="1331" y="144" width="258" height="246"/>
</OView>
<OView class="oracle.dbtools.crest.swingui.relational.TVTable" oid="47B22645-AF56-F842-BD0E-1D7BF8618698" otype="Table" vid="75EC6746-0444-5806-5356-D90068327051">
<hideElementsInCurrentOnly>false</hideElementsInCurrentOnly>
<bounds x="1709" y="1019" width="177" height="77"/>
<useCustomFormat>true</useCustomFormat>
<useDefaultColor>false</useDefaultColor>
<backgroundColor>-6684775</backgroundColor>
<foregroundColor>-16776961</foregroundColor>
<fonts itemClass="oracle.dbtools.crest.model.design.FontObjectWr">
<FontObject>
<foType>Title</foType>
<fontStyle>1</fontStyle>
<colorRGB>-16776961</colorRGB>
</FontObject>
<FontObject>
<foType>Column</foType>
<colorRGB>-16777216</colorRGB>
</FontObject>
<FontObject>
<foType>Not Null</foType>
<colorRGB>-65536</colorRGB>
</FontObject>
<FontObject>
<foType>PK Element</foType>
<colorRGB>-16776961</colorRGB>
</FontObject>
<FontObject>
<foType>Datatype</foType>
<colorRGB>-16744448</colorRGB>
</FontObject>
<FontObject>
<foType>Key</foType>
<colorRGB>-16777216</colorRGB>
</FontObject>
</fonts>
</OView>
<OView class="oracle.dbtools.crest.swingui.relational.TVTable" oid="591F7A71-D465-B521-1375-BFA3C2068B17" otype="Table" vid="028617F9-C804-02E3-E9DB-61BE11C14789">
<hideElementsInCurrentOnly>false</hideElementsInCurrentOnly>
<bounds x="1137" y="1141" width="162" height="127"/>
<useCustomFormat>true</useCustomFormat>
<useDefaultColor>false</useDefaultColor>
<backgroundColor>-6684775</backgroundColor>
<foregroundColor>-16776961</foregroundColor>
<fonts itemClass="oracle.dbtools.crest.model.design.FontObjectWr">
<FontObject>
<foType>Title</foType>
<fontStyle>1</fontStyle>
<colorRGB>-16776961</colorRGB>
</FontObject>
<FontObject>
<foType>Column</foType>
<colorRGB>-16777216</colorRGB>
</FontObject>
<FontObject>
<foType>Not Null</foType>
<colorRGB>-65536</colorRGB>
</FontObject>
<FontObject>
<foType>PK Element</foType>
<colorRGB>-16776961</colorRGB>
</FontObject>
<FontObject>
<foType>Datatype</foType>
<colorRGB>-16744448</colorRGB>
</FontObject>
<FontObject>
<foType>FK Element</foType>
<colorRGB>-16777216</colorRGB>
</FontObject>
<FontObject>
<foType>Key</foType>
<colorRGB>-16777216</colorRGB>
</FontObject>
</fonts>
</OView>
<OView class="oracle.dbtools.crest.swingui.relational.TVTable" oid="5A23A3E8-EBC4-ABFC-637C-58DD8A7A2513" otype="Table" vid="4AFE99A6-C6A3-5F33-1890-E53D3D4F12F5">
<hideElementsInCurrentOnly>false</hideElementsInCurrentOnly>
<bounds x="1763" y="168" width="211" height="150"/>
</OView>
<OView class="oracle.dbtools.crest.swingui.relational.TVTable" oid="5A624E54-EC08-9439-BBCC-601ED771756C" otype="Table" vid="35FCED9F-CBA8-5DE3-7A90-1BC73D955536">
<hideElementsInCurrentOnly>false</hideElementsInCurrentOnly>
<bounds x="1638" y="1120" width="172" height="110"/>
<useCustomFormat>true</useCustomFormat>
<useDefaultColor>false</useDefaultColor>
<backgroundColor>-6684775</backgroundColor>
<foregroundColor>-16776961</foregroundColor>
<fonts itemClass="oracle.dbtools.crest.model.design.FontObjectWr">
<FontObject>
<foType>Title</foType>
<fontStyle>1</fontStyle>
<colorRGB>-16776961</colorRGB>
</FontObject>
<FontObject>
<foType>Column</foType>
<colorRGB>-16777216</colorRGB>
</FontObject>
<FontObject>
<foType>Not Null</foType>
<colorRGB>-65536</colorRGB>
</FontObject>
<FontObject>
<foType>PK Element</foType>
<colorRGB>-16776961</colorRGB>
</FontObject>
<FontObject>
<foType>Datatype</foType>
<colorRGB>-16744448</colorRGB>
</FontObject>
<FontObject>
<foType>UK Element</foType>
<colorRGB>-16776961</colorRGB>
</FontObject>
<FontObject>
<foType>Key</foType>
<colorRGB>-16777216</colorRGB>
</FontObject>
</fonts>
</OView>
<OView class="oracle.dbtools.crest.swingui.relational.TVTable" oid="5C2CDCBE-6643-129B-3E6A-605706E29FE6" otype="Table" vid="5DDC3036-0F8E-2591-8D4B-D60208CD80A9">
<hideElementsInCurrentOnly>false</hideElementsInCurrentOnly>
<bounds x="610" y="875" width="219" height="129"/>
</OView>
<OView class="oracle.dbtools.crest.swingui.relational.TVTable" oid="6088070C-D2B3-F326-B518-F172EBF481B6" otype="Table" vid="75463A18-AD64-D9D8-DC7B-AAE000AFE655">
<hideElementsInCurrentOnly>false</hideElementsInCurrentOnly>
<bounds x="1362" y="995" width="195" height="122"/>
<useCustomFormat>true</useCustomFormat>
<useDefaultColor>false</useDefaultColor>
<backgroundColor>-6684775</backgroundColor>
<foregroundColor>-16776961</foregroundColor>
<fonts itemClass="oracle.dbtools.crest.model.design.FontObjectWr">
<FontObject>
<foType>Title</foType>
<fontStyle>1</fontStyle>
<colorRGB>-16776961</colorRGB>
</FontObject>
<FontObject>
<foType>Column</foType>
<colorRGB>-16777216</colorRGB>
</FontObject>
<FontObject>
<foType>Not Null</foType>
<colorRGB>-65536</colorRGB>
</FontObject>
<FontObject>
<foType>PK Element</foType>
<colorRGB>-16776961</colorRGB>
</FontObject>
<FontObject>
<foType>Datatype</foType>
<colorRGB>-16744448</colorRGB>
</FontObject>
<FontObject>
<foType>FK Element</foType>
<colorRGB>-16777216</colorRGB>
</FontObject>
<FontObject>
<foType>Key</foType>
<colorRGB>-16777216</colorRGB>
</FontObject>
</fonts>
</OView>
<OView class="oracle.dbtools.crest.swingui.relational.TVTable" oid="6645F73A-A941-EC24-3EE3-F7BD077D4D3A" otype="Table" vid="BEFFB851-E441-B91D-3CB0-BB6C6E0A0EFB">
<hideElementsInCurrentOnly>false</hideElementsInCurrentOnly>
<bounds x="122" y="243" width="170" height="122"/>
</OView>
<OView class="oracle.dbtools.crest.swingui.relational.TVTable" oid="722478DF-575D-D0AC-4C18-1307BAB8C978" otype="Table" vid="2CC3D041-ED05-2ABD-3792-C64B0B06A2D4">
<hideElementsInCurrentOnly>false</hideElementsInCurrentOnly>
<bounds x="613" y="197" width="242" height="120"/>
</OView>
<OView class="oracle.dbtools.crest.swingui.relational.TVTable" oid="7DE18DF1-3701-B0C9-0A53-CB52695105BF" otype="Table" vid="F0DCA122-EEC2-EDBC-4A8F-957823066056">
<hideElementsInCurrentOnly>false</hideElementsInCurrentOnly>
<bounds x="15" y="527" width="170" height="110"/>
<useCustomFormat>true</useCustomFormat>
<useDefaultColor>false</useDefaultColor>
<backgroundColor>-256</backgroundColor>
<foregroundColor>-16776961</foregroundColor>
<fonts itemClass="oracle.dbtools.crest.model.design.FontObjectWr">
<FontObject>
<foType>Title</foType>
<fontStyle>1</fontStyle>
<colorRGB>-16776961</colorRGB>
</FontObject>
<FontObject>
<foType>Column</foType>
<colorRGB>-16777216</colorRGB>
</FontObject>
<FontObject>
<foType>Not Null</foType>
<colorRGB>-65536</colorRGB>
</FontObject>
<FontObject>
<foType>PK Element</foType>
<colorRGB>-16776961</colorRGB>
</FontObject>
<FontObject>
<foType>Datatype</foType>
<colorRGB>-16744448</colorRGB>
</FontObject>
<FontObject>
<foType>Key</foType>
<colorRGB>-16777216</colorRGB>
</FontObject>
</fonts>
</OView>
<OView class="oracle.dbtools.crest.swingui.relational.TVTable" oid="87AB2012-2A7F-6278-0FA5-83F5187BAC43" otype="Table" vid="A060409F-2CC1-D29B-AD9A-87A47733B719">
<hideElementsInCurrentOnly>false</hideElementsInCurrentOnly>
<bounds x="679" y="456" width="196" height="131"/>
</OView>
<OView class="oracle.dbtools.crest.swingui.relational.TVTable" oid="8CE4A8C9-4E8B-5A2A-10F6-AF51ADCC90DA" otype="Table" vid="825C5324-25B3-794E-8E92-591CDD124AFB">
<hideElementsInCurrentOnly>false</hideElementsInCurrentOnly>
<bounds x="1375" y="613" width="217" height="131"/>
<useCustomFormat>true</useCustomFormat>
<useDefaultColor>false</useDefaultColor>
<backgroundColor>-205</backgroundColor>
<foregroundColor>-16776961</foregroundColor>
<fonts itemClass="oracle.dbtools.crest.model.design.FontObjectWr">
<FontObject>
<foType>Title</foType>
<fontStyle>1</fontStyle>
<colorRGB>-16776961</colorRGB>
</FontObject>
<FontObject>
<foType>Column</foType>
<colorRGB>-16777216</colorRGB>
</FontObject>
<FontObject>
<foType>Not Null</foType>
<colorRGB>-65536</colorRGB>
</FontObject>
<FontObject>
<foType>PK Element</foType>
<colorRGB>-16776961</colorRGB>
</FontObject>
<FontObject>
<foType>Datatype</foType>
<colorRGB>-16744448</colorRGB>
</FontObject>
<FontObject>
<foType>Key</foType>
<colorRGB>-16777216</colorRGB>
</FontObject>
</fonts>
</OView>
<OView class="oracle.dbtools.crest.swingui.relational.TVTable" oid="8F578FDE-071A-2872-9344-E91E50B59DA4" otype="Table" vid="6FB6DE53-1D96-7F08-824D-B1441A1D5324">
<hideElementsInCurrentOnly>false</hideElementsInCurrentOnly>
<bounds x="1881" y="397" width="200" height="115"/>
<useCustomFormat>true</useCustomFormat>
<useDefaultColor>false</useDefaultColor>
<backgroundColor>-16724839</backgroundColor>
<foregroundColor>-16776961</foregroundColor>
<fonts itemClass="oracle.dbtools.crest.model.design.FontObjectWr">
<FontObject>
<foType>Title</foType>
<fontStyle>1</fontStyle>
<colorRGB>-16776961</colorRGB>
</FontObject>
<FontObject>
<foType>Column</foType>
<colorRGB>-16777216</colorRGB>
</FontObject>
<FontObject>
<foType>Not Null</foType>
<colorRGB>-65536</colorRGB>
</FontObject>
<FontObject>
<foType>PK Element</foType>
<colorRGB>-16776961</colorRGB>
</FontObject>
<FontObject>
<foType>Datatype</foType>
<colorRGB>-16744448</colorRGB>
</FontObject>
<FontObject>
<foType>FK Element</foType>
<colorRGB>-16777216</colorRGB>
</FontObject>
<FontObject>
<foType>Key</foType>
<colorRGB>-16777216</colorRGB>
</FontObject>
</fonts>
</OView>
<OView class="oracle.dbtools.crest.swingui.relational.TVTable" oid="95C10D4A-1B47-0CC0-A7F2-A53E26434E63" otype="Table" vid="133E56A8-5EDF-8720-53D9-994D343A3BE8">
<hideElementsInCurrentOnly>false</hideElementsInCurrentOnly>
<bounds x="12" y="24" width="242" height="198"/>
</OView>
<OView class="oracle.dbtools.crest.swingui.relational.TVTable" oid="9AEA2189-4919-0D8D-B0C6-A914BD6759CE" otype="Table" vid="3D152E63-E16C-0432-4EF2-7C0C522798F6">
<hideElementsInCurrentOnly>false</hideElementsInCurrentOnly>
<bounds x="884" y="198" width="288" height="90"/>
</OView>
<OView class="oracle.dbtools.crest.swingui.relational.TVTable" oid="9BB1541A-6ADF-8FD5-387C-4FB56DDC59F1" otype="Table" vid="CD051E29-8F83-6EEA-233A-A17D790510DF">
<hideElementsInCurrentOnly>false</hideElementsInCurrentOnly>
<bounds x="1046" y="42" width="225" height="141"/>
</OView>
<OView class="oracle.dbtools.crest.swingui.relational.TVTable" oid="9DDCB394-3E04-AC8F-74B5-5353A34FAC76" otype="Table" vid="A190ADDA-21FC-F179-9E56-CE407194829E">
<hideElementsInCurrentOnly>false</hideElementsInCurrentOnly>
<bounds x="581" y="701" width="242" height="110"/>
</OView>
<OView class="oracle.dbtools.crest.swingui.relational.TVTable" oid="A2592B1A-BD7E-2ABC-1420-313C7B44FBBD" otype="Table" vid="81FE1B85-E7AE-168C-76C3-AB3EF38CA50F">
<hideElementsInCurrentOnly>false</hideElementsInCurrentOnly>
<bounds x="1016" y="879" width="201" height="123"/>
<useCustomFormat>true</useCustomFormat>
<useDefaultColor>false</useDefaultColor>
<backgroundColor>-256</backgroundColor>
<foregroundColor>-16776961</foregroundColor>
<fonts itemClass="oracle.dbtools.crest.model.design.FontObjectWr">
<FontObject>
<foType>Title</foType>
<fontStyle>1</fontStyle>
<colorRGB>-16776961</colorRGB>
</FontObject>
<FontObject>
<foType>Column</foType>
<colorRGB>-16777216</colorRGB>
</FontObject>
<FontObject>
<foType>Not Null</foType>
<colorRGB>-65536</colorRGB>
</FontObject>
<FontObject>
<foType>PK Element</foType>
<colorRGB>-16776961</colorRGB>
</FontObject>
<FontObject>
<foType>Datatype</foType>
<colorRGB>-16744448</colorRGB>
</FontObject>
<FontObject>
<foType>Key</foType>
<colorRGB>-16777216</colorRGB>
</FontObject>
</fonts>
</OView>
<OView class="oracle.dbtools.crest.swingui.relational.TVTable" oid="B007C825-D511-1C39-51F3-1827E3A0FDF4" otype="Table" vid="9905AA44-5A0E-6B30-7AC2-5E8FF61FC329">
<hideElementsInCurrentOnly>false</hideElementsInCurrentOnly>
<bounds x="1069" y="434" width="212" height="133"/>
</OView>
<OView class="oracle.dbtools.crest.swingui.relational.TVTable" oid="B40A12F8-8A21-D9C6-1CF9-A69B998E6019" otype="Table" vid="817F1CBD-53F9-7540-AD54-042D14B79459">
<hideElementsInCurrentOnly>false</hideElementsInCurrentOnly>
<bounds x="839" y="1030" width="206" height="126"/>
</OView>
<OView class="oracle.dbtools.crest.swingui.relational.TVTable" oid="B8AD4610-1CF7-34A8-77CA-D8A21A90C9CE" otype="Table" vid="F4B3A48C-6F51-D33F-3B21-239FA9B5D8CC">
<hideElementsInCurrentOnly>false</hideElementsInCurrentOnly>
<bounds x="397" y="195" width="170" height="87"/>
<useCustomFormat>true</useCustomFormat>
<useDefaultColor>false</useDefaultColor>
<backgroundColor>-256</backgroundColor>
<foregroundColor>-16776961</foregroundColor>
<fonts itemClass="oracle.dbtools.crest.model.design.FontObjectWr">
<FontObject>
<foType>Title</foType>
<fontStyle>1</fontStyle>
<colorRGB>-16776961</colorRGB>
</FontObject>
<FontObject>
<foType>Column</foType>
<colorRGB>-16777216</colorRGB>
</FontObject>
<FontObject>
<foType>Not Null</foType>
<colorRGB>-65536</colorRGB>
</FontObject>
<FontObject>
<foType>PK Element</foType>
<colorRGB>-16776961</colorRGB>
</FontObject>
<FontObject>
<foType>Datatype</foType>
<colorRGB>-16744448</colorRGB>
</FontObject>
<FontObject>
<foType>Key</foType>
<colorRGB>-16777216</colorRGB>
</FontObject>
</fonts>
</OView>
<OView class="oracle.dbtools.crest.swingui.relational.TVTable" oid="CB2A4BF1-FF8A-726B-4E61-E2511705DA14" otype="Table" vid="CDA7B50F-7903-37F6-3935-6BB0DBEC45A1">
<hideElementsInCurrentOnly>false</hideElementsInCurrentOnly>
<bounds x="355" y="59" width="272" height="110"/>
</OView>
<OView class="oracle.dbtools.crest.swingui.relational.TVTable" oid="CD51CC37-D322-1AAD-EFA3-BCF492215C03" otype="Table" vid="216C8B8D-3AC9-94CE-8C53-20415AB49CF2">
<hideElementsInCurrentOnly>false</hideElementsInCurrentOnly>
<bounds x="1060" y="301" width="187" height="119"/>
</OView>
<OView class="oracle.dbtools.crest.swingui.relational.TVTable" oid="CDBEB10D-F79B-46E2-9AFB-3E2DED3BDC0E" otype="Table" vid="FAE11C27-7461-3321-DA6B-7A8418DAECCB">
<hideElementsInCurrentOnly>false</hideElementsInCurrentOnly>
<bounds x="224" y="596" width="203" height="155"/>
</OView>
<OView class="oracle.dbtools.crest.swingui.relational.TVTable" oid="D6670F7F-8B02-FA07-094F-3F40725590AE" otype="Table" vid="E16AE7EC-370B-8598-06CE-EAE867DDA8AD">
<hideElementsInCurrentOnly>false</hideElementsInCurrentOnly>
<bounds x="57" y="1046" width="244" height="168"/>
<useCustomFormat>true</useCustomFormat>
<useDefaultColor>false</useDefaultColor>
<backgroundColor>-256</backgroundColor>
<foregroundColor>-16776961</foregroundColor>
<fonts itemClass="oracle.dbtools.crest.model.design.FontObjectWr">
<FontObject>
<foType>Title</foType>
<fontStyle>1</fontStyle>
<colorRGB>-16776961</colorRGB>
</FontObject>
<FontObject>
<foType>Column</foType>
<colorRGB>-16777216</colorRGB>
</FontObject>
<FontObject>
<foType>Not Null</foType>
<colorRGB>-65536</colorRGB>
</FontObject>
<FontObject>
<foType>PK Element</foType>
<colorRGB>-16776961</colorRGB>
</FontObject>
<FontObject>
<foType>Datatype</foType>
<colorRGB>-16744448</colorRGB>
</FontObject>
<FontObject>
<foType>FK Element</foType>
<colorRGB>-16777216</colorRGB>
</FontObject>
<FontObject>
<foType>Key</foType>
<colorRGB>-16777216</colorRGB>
</FontObject>
</fonts>
</OView>
<OView class="oracle.dbtools.crest.swingui.relational.TVTable" oid="DB01CC49-953B-61BE-81C7-FD6615FADD62" otype="Table" vid="E8352337-A012-5502-5748-50C6894B8C2C">
<hideElementsInCurrentOnly>false</hideElementsInCurrentOnly>
<bounds x="223" y="401" width="219" height="140"/>
<useCustomFormat>true</useCustomFormat>
<useDefaultColor>false</useDefaultColor>
<backgroundColor>-256</backgroundColor>
<foregroundColor>-16776961</foregroundColor>
<fonts itemClass="oracle.dbtools.crest.model.design.FontObjectWr">
<FontObject>
<foType>Title</foType>
<fontStyle>1</fontStyle>
<colorRGB>-16776961</colorRGB>
</FontObject>
<FontObject>
<foType>Column</foType>
<colorRGB>-16777216</colorRGB>
</FontObject>
<FontObject>
<foType>Not Null</foType>
<colorRGB>-65536</colorRGB>
</FontObject>
<FontObject>
<foType>PK Element</foType>
<colorRGB>-16776961</colorRGB>
</FontObject>
<FontObject>
<foType>Datatype</foType>
<colorRGB>-16744448</colorRGB>
</FontObject>
<FontObject>
<foType>FK Element</foType>
<colorRGB>-16777216</colorRGB>
</FontObject>
<FontObject>
<foType>Key</foType>
<colorRGB>-16777216</colorRGB>
</FontObject>
</fonts>
</OView>
<OView class="oracle.dbtools.crest.swingui.relational.TVTable" oid="DC91BC72-CCFC-A597-9AC4-B4AAE7BAD4A3" otype="Table" vid="62B91572-8F23-F114-A45A-F4BD06676DCC">
<hideElementsInCurrentOnly>false</hideElementsInCurrentOnly>
<bounds x="334" y="878" width="170" height="133"/>
<useCustomFormat>true</useCustomFormat>
<useDefaultColor>false</useDefaultColor>
<backgroundColor>-256</backgroundColor>
<foregroundColor>-16776961</foregroundColor>
<fonts itemClass="oracle.dbtools.crest.model.design.FontObjectWr">
<FontObject>
<foType>Title</foType>
<fontStyle>1</fontStyle>
<colorRGB>-16776961</colorRGB>
</FontObject>
<FontObject>
<foType>Column</foType>
<colorRGB>-16777216</colorRGB>
</FontObject>
<FontObject>
<foType>Not Null</foType>
<colorRGB>-65536</colorRGB>
</FontObject>
<FontObject>
<foType>PK Element</foType>
<colorRGB>-16776961</colorRGB>
</FontObject>
<FontObject>
<foType>Datatype</foType>
<colorRGB>-16744448</colorRGB>
</FontObject>
<FontObject>
<foType>Key</foType>
<colorRGB>-16777216</colorRGB>
</FontObject>
</fonts>
</OView>
<OView class="oracle.dbtools.crest.swingui.relational.TVTable" oid="E764D650-FA2C-D15F-964F-8E673BB43317" otype="Table" vid="0DDA31CD-6F6A-29F3-8DF6-02DFB366E36E">
<hideElementsInCurrentOnly>false</hideElementsInCurrentOnly>
<bounds x="1375" y="1136" width="168" height="110"/>
<useCustomFormat>true</useCustomFormat>
<useDefaultColor>false</useDefaultColor>
<backgroundColor>-6684775</backgroundColor>
<foregroundColor>-16776961</foregroundColor>
<fonts itemClass="oracle.dbtools.crest.model.design.FontObjectWr">
<FontObject>
<foType>Title</foType>
<fontStyle>1</fontStyle>
<colorRGB>-16776961</colorRGB>
</FontObject>
<FontObject>
<foType>Column</foType>
<colorRGB>-16777216</colorRGB>
</FontObject>
<FontObject>
<foType>Not Null</foType>
<colorRGB>-65536</colorRGB>
</FontObject>
<FontObject>
<foType>PK Element</foType>
<colorRGB>-16776961</colorRGB>
</FontObject>
<FontObject>
<foType>Datatype</foType>
<colorRGB>-16744448</colorRGB>
</FontObject>
<FontObject>
<foType>FK Element</foType>
<colorRGB>-16777216</colorRGB>
</FontObject>
<FontObject>
<foType>Key</foType>
<colorRGB>-16777216</colorRGB>
</FontObject>
</fonts>
</OView>
</objectViews>
<connectors>
<Connector class="oracle.dbtools.crest.swingui.relational.TVFKRelation" oid="14997D83-750F-D7C4-3035-BBC2E62F5E5A" otype="FKIndexAssociation" vid_source="133E56A8-5EDF-8720-53D9-994D343A3BE8" vid_target="4AFE99A6-C6A3-5F33-1890-E53D3D4F12F5">
<hideElementsInCurrentOnly>false</hideElementsInCurrentOnly>
<lineWidth>1</lineWidth>
<points>
<point x="254" y="24"/>
<point x="1543" y="17"/>
<point x="1794" y="113"/>
<point x="1794" y="168"/>
</points>
</Connector>
<Connector class="oracle.dbtools.crest.swingui.relational.TVFKRelation" oid="170D1EF3-5187-818C-11C3-0AB639274A98" otype="FKIndexAssociation" vid_source="DA006282-CB0A-556E-EFA2-20C4FCAF802F" vid_target="6FB6DE53-1D96-7F08-824D-B1441A1D5324">
<hideElementsInCurrentOnly>false</hideElementsInCurrentOnly>
<lineWidth>1</lineWidth>
<points>
<point x="1707" y="463"/>
<point x="1881" y="463"/>
</points>
</Connector>
<Connector class="oracle.dbtools.crest.swingui.relational.TVFKRelation" oid="17878B7B-3B1F-00F6-5E68-F9AAE04BDA3A" otype="FKIndexAssociation" vid_source="FAE11C27-7461-3321-DA6B-7A8418DAECCB" vid_target="A190ADDA-21FC-F179-9E56-CE407194829E">
<hideElementsInCurrentOnly>false</hideElementsInCurrentOnly>
<lineWidth>1</lineWidth>
<points>
<point x="250" y="751"/>
<point x="250" y="782"/>
<point x="581" y="782"/>
</points>
</Connector>
<Connector class="oracle.dbtools.crest.swingui.relational.TVFKRelation" oid="21ACFC11-AEBF-C237-6083-BA3D5F17537B" otype="FKIndexAssociation" vid_source="75EC6746-0444-5806-5356-D90068327051" vid_target="75463A18-AD64-D9D8-DC7B-AAE000AFE655">
<hideElementsInCurrentOnly>false</hideElementsInCurrentOnly>
<lineWidth>1</lineWidth>
<points>
<point x="1709" y="1040"/>
<point x="1558" y="1040"/>
<point x="1557" y="1040"/>
</points>
</Connector>
<Connector class="oracle.dbtools.crest.swingui.relational.TVFKRelation" oid="2F19C4DD-0AB7-3830-13D3-4E996B4FA59B" otype="FKIndexAssociation" vid_source="817F1CBD-53F9-7540-AD54-042D14B79459" vid_target="E16AE7EC-370B-8598-06CE-EAE867DDA8AD">
<hideElementsInCurrentOnly>false</hideElementsInCurrentOnly>
<lineWidth>1</lineWidth>
<points>
<point x="839" y="1101"/>
<point x="301" y="1101"/>
</points>
</Connector>
<Connector class="oracle.dbtools.crest.swingui.relational.TVFKRelation" oid="2F924952-1A5C-AD00-660A-0CA5AD7FDE4A" otype="FKIndexAssociation" vid_source="2CC3D041-ED05-2ABD-3792-C64B0B06A2D4" vid_target="F4B3A48C-6F51-D33F-3B21-239FA9B5D8CC">
<hideElementsInCurrentOnly>false</hideElementsInCurrentOnly>
<lineWidth>1</lineWidth>
<points>
<point x="613" y="239"/>
<point x="567" y="239"/>
</points>
</Connector>
<Connector class="oracle.dbtools.crest.swingui.relational.TVFKRelation" oid="3547FAEA-3BD6-D08B-4CFB-1093EF164E0C" otype="FKIndexAssociation" vid_source="01C77FA5-C8CE-8D3D-3813-C54C5ABABC5C" vid_target="62B91572-8F23-F114-A45A-F4BD06676DCC">
<hideElementsInCurrentOnly>false</hideElementsInCurrentOnly>
<lineWidth>1</lineWidth>
<points>
<point x="243" y="936"/>
<point x="334" y="936"/>
</points>
</Connector>
<Connector class="oracle.dbtools.crest.swingui.relational.TVFKRelation" oid="3C0C1C23-60B7-DF5D-7A62-5D46D4FD8B77" otype="FKIndexAssociation" vid_source="75463A18-AD64-D9D8-DC7B-AAE000AFE655" vid_target="825C5324-25B3-794E-8E92-591CDD124AFB">
<hideElementsInCurrentOnly>false</hideElementsInCurrentOnly>
<lineWidth>1</lineWidth>
<points>
<point x="1506" y="995"/>
<point x="1506" y="916"/>
<point x="1505" y="866"/>
<point x="1505" y="744"/>
</points>
</Connector>
<Connector class="oracle.dbtools.crest.swingui.relational.TVFKRelation" oid="42DF60F3-28B1-FD80-C683-36492E7CF283" otype="FKIndexAssociation" vid_source="01C77FA5-C8CE-8D3D-3813-C54C5ABABC5C" vid_target="F0DCA122-EEC2-EDBC-4A8F-957823066056">
<hideElementsInCurrentOnly>false</hideElementsInCurrentOnly>
<lineWidth>1</lineWidth>
<points>
<point x="106" y="868"/>
<point x="106" y="637"/>
</points>
</Connector>
<Connector class="oracle.dbtools.crest.swingui.relational.TVFKRelation" oid="59AB4571-60FF-AA95-3AE4-1E69BCDD7C29" otype="FKIndexAssociation" vid_source="BEFFB851-E441-B91D-3CB0-BB6C6E0A0EFB" vid_target="F4B3A48C-6F51-D33F-3B21-239FA9B5D8CC">
<hideElementsInCurrentOnly>false</hideElementsInCurrentOnly>
<lineWidth>1</lineWidth>
<points>
<point x="292" y="262"/>
<point x="397" y="262"/>
</points>
</Connector>
<Connector class="oracle.dbtools.crest.swingui.relational.TVFKRelation" oid="5AF981E1-99BD-A96B-16AD-56E63FAEBB8D" otype="FKIndexAssociation" vid_source="3D152E63-E16C-0432-4EF2-7C0C522798F6" vid_target="94E94BA0-7A0F-DFF3-EF81-25D35BDC68F1">
<hideElementsInCurrentOnly>false</hideElementsInCurrentOnly>
<lineWidth>1</lineWidth>
<points>
<point x="1172" y="253"/>
<point x="1331" y="253"/>
</points>
</Connector>
<Connector class="oracle.dbtools.crest.swingui.relational.TVFKRelation" oid="5CA7510D-80F1-F382-7AEF-FE987B77362F" otype="FKIndexAssociation" vid_source="9905AA44-5A0E-6B30-7AC2-5E8FF61FC329" vid_target="DA006282-CB0A-556E-EFA2-20C4FCAF802F">
<hideElementsInCurrentOnly>false</hideElementsInCurrentOnly>
<lineWidth>1</lineWidth>
<points>
<point x="1281" y="471"/>
<point x="1516" y="471"/>
</points>
</Connector>
<Connector class="oracle.dbtools.crest.swingui.relational.TVFKRelation" oid="6292B0F4-4241-9CF8-91C0-38514FADFCF4" otype="FKIndexAssociation" vid_source="133E56A8-5EDF-8720-53D9-994D343A3BE8" vid_target="CDA7B50F-7903-37F6-3935-6BB0DBEC45A1">
<hideElementsInCurrentOnly>false</hideElementsInCurrentOnly>
<lineWidth>1</lineWidth>
<points>
<point x="254" y="114"/>
<point x="355" y="114"/>
</points>
</Connector>
<Connector class="oracle.dbtools.crest.swingui.relational.TVFKRelation" oid="6DFD9F81-AFC2-BB73-68BB-B5D3FFA4F73C" otype="FKIndexAssociation" vid_source="A060409F-2CC1-D29B-AD9A-87A47733B719" vid_target="216C8B8D-3AC9-94CE-8C53-20415AB49CF2">
<hideElementsInCurrentOnly>false</hideElementsInCurrentOnly>
<lineWidth>1</lineWidth>
<points>
<point x="856" y="456"/>
<point x="856" y="325"/>
<point x="1060" y="325"/>
</points>
</Connector>
<Connector class="oracle.dbtools.crest.swingui.relational.TVFKRelation" oid="77DF408B-0E4C-2363-C63A-5E16E963876A" otype="FKIndexAssociation" vid_source="028617F9-C804-02E3-E9DB-61BE11C14789" vid_target="75463A18-AD64-D9D8-DC7B-AAE000AFE655">
<hideElementsInCurrentOnly>false</hideElementsInCurrentOnly>
<lineWidth>1</lineWidth>
<points>
<point x="1222" y="1141"/>
<point x="1222" y="1061"/>
<point x="1362" y="1061"/>
</points>
</Connector>
<Connector class="oracle.dbtools.crest.swingui.relational.TVFKRelation" oid="82DBC4B5-64D1-FF46-37F7-C25A13DF4729" otype="FKIndexAssociation" vid_source="E2526F0F-E69D-3044-D48B-49A2252ACEA2" vid_target="817F1CBD-53F9-7540-AD54-042D14B79459">
<hideElementsInCurrentOnly>false</hideElementsInCurrentOnly>
<lineWidth>1</lineWidth>
<points>
<point x="960" y="845"/>
<point x="960" y="1030"/>
</points>
</Connector>
<Connector class="oracle.dbtools.crest.swingui.relational.TVFKRelation" oid="84E20684-2E4E-5B87-54D3-430D1E67042F" otype="FKIndexAssociation" vid_source="94E94BA0-7A0F-DFF3-EF81-25D35BDC68F1" vid_target="4AFE99A6-C6A3-5F33-1890-E53D3D4F12F5">
<hideElementsInCurrentOnly>false</hideElementsInCurrentOnly>
<lineWidth>1</lineWidth>
<points>
<point x="1589" y="243"/>
<point x="1763" y="243"/>
</points>
</Connector>
<Connector class="oracle.dbtools.crest.swingui.relational.TVFKRelation" oid="8A7C6BE6-AE2A-5238-3A23-215D8232343B" otype="FKIndexAssociation" vid_source="5DDC3036-0F8E-2591-8D4B-D60208CD80A9" vid_target="81FE1B85-E7AE-168C-76C3-AB3EF38CA50F">
<hideElementsInCurrentOnly>false</hideElementsInCurrentOnly>
<lineWidth>1</lineWidth>
<points>
<point x="829" y="940"/>
<point x="1016" y="940"/>
</points>
</Connector>
<Connector class="oracle.dbtools.crest.swingui.relational.TVFKRelation" oid="8B2F700C-5D86-5906-74A5-890B307376AC" otype="FKIndexAssociation" vid_source="133E56A8-5EDF-8720-53D9-994D343A3BE8" vid_target="F0DCA122-EEC2-EDBC-4A8F-957823066056">
<hideElementsInCurrentOnly>false</hideElementsInCurrentOnly>
<lineWidth>1</lineWidth>
<points>
<point x="100" y="222"/>
<point x="100" y="527"/>
</points>
</Connector>
<Connector class="oracle.dbtools.crest.swingui.relational.TVFKRelation" oid="91AFE58D-40B4-C8FE-4533-EA5C860C53C5" otype="FKIndexAssociation" vid_source="5DDC3036-0F8E-2591-8D4B-D60208CD80A9" vid_target="62B91572-8F23-F114-A45A-F4BD06676DCC">
<hideElementsInCurrentOnly>false</hideElementsInCurrentOnly>
<lineWidth>1</lineWidth>
<points>
<point x="610" y="951"/>
<point x="504" y="951"/>
</points>
</Connector>
<Connector class="oracle.dbtools.crest.swingui.relational.TVFKRelation" oid="9238F196-5144-0444-17B4-EE00B14F5F98" otype="FKIndexAssociation" vid_source="35FCED9F-CBA8-5DE3-7A90-1BC73D955536" vid_target="0DDA31CD-6F6A-29F3-8DF6-02DFB366E36E">
<hideElementsInCurrentOnly>false</hideElementsInCurrentOnly>
<lineWidth>1</lineWidth>
<points>
<point x="1638" y="1183"/>
<point x="1543" y="1183"/>
</points>
</Connector>
<Connector class="oracle.dbtools.crest.swingui.relational.TVFKRelation" oid="9957E2E8-531E-44ED-C29F-7F8D18DADA6C" otype="FKIndexAssociation" vid_source="00AD40C6-0C04-1645-2FCB-AA631BA6E784" vid_target="FAE11C27-7461-3321-DA6B-7A8418DAECCB">
<hideElementsInCurrentOnly>false</hideElementsInCurrentOnly>
<lineWidth>1</lineWidth>
<points>
<point x="482" y="625"/>
<point x="427" y="625"/>
</points>
</Connector>
<Connector class="oracle.dbtools.crest.swingui.relational.TVFKRelation" oid="9F20C402-BE4B-12A4-7373-F51015C536A0" otype="FKIndexAssociation" vid_source="2CC3D041-ED05-2ABD-3792-C64B0B06A2D4" vid_target="00AD40C6-0C04-1645-2FCB-AA631BA6E784">
<hideElementsInCurrentOnly>false</hideElementsInCurrentOnly>
<lineWidth>1</lineWidth>
<points>
<point x="634" y="317"/>
<point x="634" y="527"/>
</points>
</Connector>
<Connector class="oracle.dbtools.crest.swingui.relational.TVFKRelation" oid="A2C15B17-8A33-FD74-07BF-5F3978382851" otype="FKIndexAssociation" vid_source="E16AE7EC-370B-8598-06CE-EAE867DDA8AD" vid_target="285645FC-3601-CFE8-7B23-4D913313A75F">
<hideElementsInCurrentOnly>false</hideElementsInCurrentOnly>
<lineWidth>1</lineWidth>
<points>
<point x="301" y="1178"/>
<point x="471" y="1178"/>
</points>
</Connector>
<Connector class="oracle.dbtools.crest.swingui.relational.TVFKRelation" oid="A2F98CBF-3D59-64E7-09C2-85D9797318B9" otype="FKIndexAssociation" vid_source="9905AA44-5A0E-6B30-7AC2-5E8FF61FC329" vid_target="94E94BA0-7A0F-DFF3-EF81-25D35BDC68F1">
<hideElementsInCurrentOnly>false</hideElementsInCurrentOnly>
<lineWidth>1</lineWidth>
<points>
<point x="1281" y="448"/>
<point x="1466" y="448"/>
<point x="1466" y="390"/>
</points>
</Connector>
<Connector class="oracle.dbtools.crest.swingui.relational.TVFKRelation" oid="A3E91CA2-A87D-28B9-992A-D07EEB4B278F" otype="FKIndexAssociation" vid_source="1E59AEAA-54AA-94FF-BD0D-31C3279F676A" vid_target="A060409F-2CC1-D29B-AD9A-87A47733B719">
<hideElementsInCurrentOnly>false</hideElementsInCurrentOnly>
<lineWidth>1</lineWidth>
<points>
<point x="796" y="398"/>
<point x="796" y="397"/>
<point x="796" y="456"/>
</points>
</Connector>
<Connector class="oracle.dbtools.crest.swingui.relational.TVFKRelation" oid="A669254A-AD8C-21C0-BAE8-E0DDC317D07F" otype="FKIndexAssociation" vid_source="01C77FA5-C8CE-8D3D-3813-C54C5ABABC5C" vid_target="E16AE7EC-370B-8598-06CE-EAE867DDA8AD">
<hideElementsInCurrentOnly>false</hideElementsInCurrentOnly>
<lineWidth>1</lineWidth>
<points>
<point x="160" y="974"/>
<point x="160" y="1046"/>
</points>
</Connector>
<Connector class="oracle.dbtools.crest.swingui.relational.TVFKRelation" oid="A899EAD3-9290-2E1F-B356-01559E847910" otype="FKIndexAssociation" vid_source="94E94BA0-7A0F-DFF3-EF81-25D35BDC68F1" vid_target="9905AA44-5A0E-6B30-7AC2-5E8FF61FC329">
<hideElementsInCurrentOnly>false</hideElementsInCurrentOnly>
<lineWidth>1</lineWidth>
<points>
<point x="1466" y="390"/>
<point x="1466" y="448"/>
<point x="1281" y="448"/>
</points>
</Connector>
<Connector class="oracle.dbtools.crest.swingui.relational.TVFKRelation" oid="B10CB0F5-39C0-D811-5F95-5105FB60B333" otype="FKIndexAssociation" vid_source="285645FC-3601-CFE8-7B23-4D913313A75F" vid_target="E16AE7EC-370B-8598-06CE-EAE867DDA8AD">
<hideElementsInCurrentOnly>false</hideElementsInCurrentOnly>
<lineWidth>1</lineWidth>
<points>
<point x="471" y="1138"/>
<point x="301" y="1138"/>
</points>
</Connector>
<Connector class="oracle.dbtools.crest.swingui.relational.TVFKRelation" oid="B111DAEC-79FA-AF78-866D-52688290A60A" otype="FKIndexAssociation" vid_source="9905AA44-5A0E-6B30-7AC2-5E8FF61FC329" vid_target="A060409F-2CC1-D29B-AD9A-87A47733B719">
<hideElementsInCurrentOnly>false</hideElementsInCurrentOnly>
<lineWidth>1</lineWidth>
<points>
<point x="1069" y="531"/>
<point x="875" y="531"/>
</points>
</Connector>
<Connector class="oracle.dbtools.crest.swingui.relational.TVFKRelation" oid="B147F521-9523-650A-9100-80F1F24681CE" otype="FKIndexAssociation" vid_source="6FB6DE53-1D96-7F08-824D-B1441A1D5324" vid_target="E82C0533-5B59-A17A-C5AB-E36984D588F8">
<hideElementsInCurrentOnly>false</hideElementsInCurrentOnly>
<lineWidth>1</lineWidth>
<points>
<point x="2008" y="512"/>
<point x="2008" y="602"/>
</points>
</Connector>
<Connector class="oracle.dbtools.crest.swingui.relational.TVFKRelation" oid="B60046D1-8416-5751-B4B4-391CCB82F437" otype="FKIndexAssociation" vid_source="BEFFB851-E441-B91D-3CB0-BB6C6E0A0EFB" vid_target="E8352337-A012-5502-5748-50C6894B8C2C">
<hideElementsInCurrentOnly>false</hideElementsInCurrentOnly>
<lineWidth>1</lineWidth>
<points>
<point x="267" y="365"/>
<point x="267" y="401"/>
</points>
</Connector>
<Connector class="oracle.dbtools.crest.swingui.relational.TVFKRelation" oid="B67AD690-A247-A562-6AF1-3BC4392669A4" otype="FKIndexAssociation" vid_source="0DDA31CD-6F6A-29F3-8DF6-02DFB366E36E" vid_target="028617F9-C804-02E3-E9DB-61BE11C14789">
<hideElementsInCurrentOnly>false</hideElementsInCurrentOnly>
<lineWidth>1</lineWidth>
<points>
<point x="1375" y="1193"/>
<point x="1299" y="1193"/>
</points>
</Connector>
<Connector class="oracle.dbtools.crest.swingui.relational.TVFKRelation" oid="C042CA1B-A042-B6AD-9677-E41854166558" otype="FKIndexAssociation" vid_source="9905AA44-5A0E-6B30-7AC2-5E8FF61FC329" vid_target="5D28D04F-3EBC-9943-CF54-04007584FB30">
<hideElementsInCurrentOnly>false</hideElementsInCurrentOnly>
<lineWidth>1</lineWidth>
<points>
<point x="1223" y="567"/>
<point x="1223" y="711"/>
</points>
</Connector>
<Connector class="oracle.dbtools.crest.swingui.relational.TVFKRelation" oid="C2852DA1-3C56-01A5-3EF0-355E9F29AFBF" otype="FKIndexAssociation" vid_source="A060409F-2CC1-D29B-AD9A-87A47733B719" vid_target="A190ADDA-21FC-F179-9E56-CE407194829E">
<hideElementsInCurrentOnly>false</hideElementsInCurrentOnly>
<lineWidth>1</lineWidth>
<points>
<point x="751" y="587"/>
<point x="751" y="701"/>
</points>
</Connector>
<Connector class="oracle.dbtools.crest.swingui.relational.TVFKRelation" oid="C36318E1-5993-B1D0-BF7E-586B70B845E1" otype="FKIndexAssociation" vid_source="FAE11C27-7461-3321-DA6B-7A8418DAECCB" vid_target="E8352337-A012-5502-5748-50C6894B8C2C">
<hideElementsInCurrentOnly>false</hideElementsInCurrentOnly>
<lineWidth>1</lineWidth>
<points>
<point x="335" y="596"/>
<point x="335" y="541"/>
</points>
</Connector>
<Connector class="oracle.dbtools.crest.swingui.relational.TVFKRelation" oid="C44F5455-83C4-5354-026F-0453A7CD2703" otype="FKIndexAssociation" vid_source="9905AA44-5A0E-6B30-7AC2-5E8FF61FC329" vid_target="E2526F0F-E69D-3044-D48B-49A2252ACEA2">
<hideElementsInCurrentOnly>false</hideElementsInCurrentOnly>
<lineWidth>1</lineWidth>
<points>
<point x="1069" y="540"/>
<point x="933" y="540"/>
<point x="933" y="697"/>
</points>
</Connector>
<Connector class="oracle.dbtools.crest.swingui.relational.TVFKRelation" oid="CA278FA1-2F73-DFCE-3F73-79C8C6064AA1" otype="FKIndexAssociation" vid_source="75463A18-AD64-D9D8-DC7B-AAE000AFE655" vid_target="81FE1B85-E7AE-168C-76C3-AB3EF38CA50F">
<hideElementsInCurrentOnly>false</hideElementsInCurrentOnly>
<lineWidth>1</lineWidth>
<points>
<point x="1405" y="995"/>
<point x="1405" y="928"/>
<point x="1217" y="928"/>
</points>
</Connector>
<Connector class="oracle.dbtools.crest.swingui.relational.TVFKRelation" oid="E189F6BD-E18A-4036-8441-D4A620D49C10" otype="FKIndexAssociation" vid_source="CD051E29-8F83-6EEA-233A-A17D790510DF" vid_target="94E94BA0-7A0F-DFF3-EF81-25D35BDC68F1">
<hideElementsInCurrentOnly>false</hideElementsInCurrentOnly>
<lineWidth>1</lineWidth>
<points>
<point x="1271" y="74"/>
<point x="1433" y="74"/>
<point x="1433" y="144"/>
</points>
</Connector>
<Connector class="oracle.dbtools.crest.swingui.relational.TVFKRelation" oid="F48F2F8A-04EA-C608-6BCF-DF333ED05A9B" otype="FKIndexAssociation" vid_source="94E94BA0-7A0F-DFF3-EF81-25D35BDC68F1" vid_target="CD051E29-8F83-6EEA-233A-A17D790510DF">
<hideElementsInCurrentOnly>false</hideElementsInCurrentOnly>
<lineWidth>1</lineWidth>
<points>
<point x="1433" y="144"/>
<point x="1433" y="74"/>
<point x="1271" y="74"/>
</points>
</Connector>
<Connector class="oracle.dbtools.crest.swingui.relational.TVFKRelation" oid="F8C00734-57E1-BCB1-41E0-30F86CA9227E" otype="FKIndexAssociation" vid_source="9905AA44-5A0E-6B30-7AC2-5E8FF61FC329" vid_target="825C5324-25B3-794E-8E92-591CDD124AFB">
<hideElementsInCurrentOnly>false</hideElementsInCurrentOnly>
<lineWidth>1</lineWidth>
<points>
<point x="1281" y="545"/>
<point x="1472" y="545"/>
<point x="1472" y="613"/>
</points>
</Connector>
</connectors>
<arcs>
<Arc class="oracle.dbtools.crest.swingui.relational.TVFKArc" oid="5162AFE8-9275-E8D7-157E-7E86BC7609A1" otype="FKArc" vid="17145CE2-37B1-AB8E-8079-DCCE2543DA38">
<hideElementsInCurrentOnly>false</hideElementsInCurrentOnly>
<bounds x="1049" y="414" width="252" height="173"/>
</Arc>
</arcs>
</Diagram>