<?xml version = '1.0' encoding = 'UTF-8'?>
<Relation class="oracle.dbtools.crest.model.design.logical.Relation" name="comporv10" directorySegmentName="seg_0" id="15C2FE7D-2669-B0F4-3080-A38F3AA8B986">
<createdBy>logonrm</createdBy>
<createdTime>2017-09-04 13:45:18 UTC</createdTime>
<ownerDesignName>BANCO_V2</ownerDesignName>
<engineerTo>
<item key="38C8A164-6624-3EDF-5B66-63584B8B65C8" value="true"/>
</engineerTo>
<sourcePk>C552E395-0141-6DC8-73B5-7EC3CF36CF79</sourcePk>
<identifying>true</identifying>
<optionalSource>true</optionalSource>
<optionalTarget>false</optionalTarget>
<sourceCardinality>1</sourceCardinality>
<sourceEntity>810D356B-B651-3E9E-D77B-9A0F746EE8A3</sourceEntity>
<targetCardinalityString>*</targetCardinalityString>
<targetEntity>DC4F2853-181C-26FA-92F5-4D5F41036F50</targetEntity>
<transferable>true</transferable>
<deleteRule>NO ACTION</deleteRule>
</Relation>