<?xml version = '1.0' encoding = 'UTF-8'?>
<Relation class="oracle.dbtools.crest.model.design.logical.Relation" name="terv2" directorySegmentName="seg_0" id="1AD19CFB-0DE0-134F-F82A-05991A7B5250">
<createdBy>leand</createdBy>
<createdTime>2017-09-02 20:31:23 UTC</createdTime>
<ownerDesignName>BANCO_V2</ownerDesignName>
<engineerTo>
<item key="38C8A164-6624-3EDF-5B66-63584B8B65C8" value="true"/>
</engineerTo>
<sourcePk>5D90D823-A085-55DA-875A-D93345791EDE</sourcePk>
<identifying>false</identifying>
<optionalSource>true</optionalSource>
<optionalTarget>false</optionalTarget>
<sourceCardinality>1</sourceCardinality>
<sourceEntity>0B5B62F9-8ADF-8C77-7960-EE8D0B9CBB18</sourceEntity>
<targetCardinalityString>*</targetCardinalityString>
<targetEntity>9B36229F-3FB0-3ED0-E1CF-32C3EAC1D91F</targetEntity>
<transferable>true</transferable>
<deleteRule>NO ACTION</deleteRule>
</Relation>