<?xml version = '1.0' encoding = 'UTF-8'?>
<Relation class="oracle.dbtools.crest.model.design.logical.Relation" name="pertencerv12" directorySegmentName="seg_0" id="38B3E6A5-CF30-BE17-87FC-1216671B0C46">
<createdBy>logonrm</createdBy>
<createdTime>2017-09-04 12:32:46 UTC</createdTime>
<ownerDesignName>BANCO_V2</ownerDesignName>
<engineerTo>
<item key="38C8A164-6624-3EDF-5B66-63584B8B65C8" value="true"/>
</engineerTo>
<sourcePk>B7D2202C-27E0-4770-10BE-BEF9A77DCE61</sourcePk>
<identifying>false</identifying>
<optionalSource>true</optionalSource>
<optionalTarget>false</optionalTarget>
<sourceCardinality>1</sourceCardinality>
<sourceEntity>75BB9B2E-93B0-674A-BC7B-77AA24C3B949</sourceEntity>
<targetCardinalityString>1</targetCardinalityString>
<targetEntity>B8FA1910-CD52-5126-60E4-3E6B70E61476</targetEntity>
<transferable>true</transferable>
<deleteRule>NO ACTION</deleteRule>
</Relation>