<?xml version = '1.0' encoding = 'UTF-8'?>
<Relation class="oracle.dbtools.crest.model.design.logical.Relation" name="pertencerv14" directorySegmentName="seg_0" id="484C8651-3EE8-40CB-2838-B7D84DF50B0E">
<createdBy>logonrm</createdBy>
<createdTime>2017-09-18 15:12:28 UTC</createdTime>
<ownerDesignName>BANCO_V2</ownerDesignName>
<engineerTo>
<item key="38C8A164-6624-3EDF-5B66-63584B8B65C8" value="true"/>
</engineerTo>
<sourcePk>B7D2202C-27E0-4770-10BE-BEF9A77DCE61</sourcePk>
<identifying>true</identifying>
<optionalSource>true</optionalSource>
<optionalTarget>false</optionalTarget>
<sourceCardinality>1</sourceCardinality>
<sourceEntity>75BB9B2E-93B0-674A-BC7B-77AA24C3B949</sourceEntity>
<targetCardinalityString>*</targetCardinalityString>
<targetEntity>B5E8D421-1C27-038A-1351-0A86F086125B</targetEntity>
<transferable>true</transferable>
<deleteRule>NO ACTION</deleteRule>
</Relation>