<?xml version = '1.0' encoding = 'UTF-8'?>
<Relation class="oracle.dbtools.crest.model.design.logical.Relation" name="comporv3" directorySegmentName="seg_0" id="5C50AEAF-D11D-D20D-B106-29D5FC729C24">
<createdBy>logonrm</createdBy>
<createdTime>2017-09-19 18:50:15 UTC</createdTime>
<ownerDesignName>BANCO_V2</ownerDesignName>
<engineerTo>
<item key="38C8A164-6624-3EDF-5B66-63584B8B65C8" value="true"/>
</engineerTo>
<sourcePk>FD3B0E30-E3D3-8816-CA76-9AB86828CE54</sourcePk>
<identifying>false</identifying>
<optionalSource>true</optionalSource>
<optionalTarget>false</optionalTarget>
<sourceCardinality>1</sourceCardinality>
<sourceEntity>39BEB9EC-7EA4-BEB9-F979-7CAB594E445C</sourceEntity>
<targetCardinalityString>*</targetCardinalityString>
<targetEntity>FCA1E6D5-4C3A-F4A2-5839-400134B78702</targetEntity>
<transferable>true</transferable>
<deleteRule>NO ACTION</deleteRule>
</Relation>