<?xml version = '1.0' encoding = 'UTF-8'?>
<Relation class="oracle.dbtools.crest.model.design.logical.Relation" name="terv6" directorySegmentName="seg_0" id="63DBF8D2-61DD-D178-B990-27EAEAAB23DB">
<createdBy>leand</createdBy>
<createdTime>2017-09-02 20:31:23 UTC</createdTime>
<ownerDesignName>BANCO_V2</ownerDesignName>
<engineerTo>
<item key="38C8A164-6624-3EDF-5B66-63584B8B65C8" value="true"/>
</engineerTo>
<sourcePk>32F137AF-12E1-6182-8829-EACC7338FF7B</sourcePk>
<identifying>true</identifying>
<optionalSource>false</optionalSource>
<optionalTarget>false</optionalTarget>
<sourceCardinality>1</sourceCardinality>
<sourceEntity>9B36229F-3FB0-3ED0-E1CF-32C3EAC1D91F</sourceEntity>
<targetCardinalityString>*</targetCardinalityString>
<targetEntity>C9A88C88-1889-8804-CD54-5A941FD119A1</targetEntity>
<transferable>true</transferable>
<deleteRule>NO ACTION</deleteRule>
</Relation>