<?xml version = '1.0' encoding = 'UTF-8'?>
<Relation class="oracle.dbtools.crest.model.design.logical.Relation" name="terv3" directorySegmentName="seg_0" id="907C1787-9C1A-EFF1-DBA7-F98A9960CE7B">
<createdBy>leand</createdBy>
<createdTime>2017-09-02 20:31:23 UTC</createdTime>
<ownerDesignName>BANCO_V2</ownerDesignName>
<engineerTo>
<item key="38C8A164-6624-3EDF-5B66-63584B8B65C8" value="true"/>
</engineerTo>
<sourcePk>9A3F79DF-B647-C032-5896-6305358071C6</sourcePk>
<identifying>false</identifying>
<optionalSource>false</optionalSource>
<optionalTarget>false</optionalTarget>
<sourceCardinality>1</sourceCardinality>
<sourceEntity>FB4EA689-84D4-382E-2CEC-302F372FE324</sourceEntity>
<targetCardinalityString>*</targetCardinalityString>
<targetEntity>C9A88C88-1889-8804-CD54-5A941FD119A1</targetEntity>
<transferable>true</transferable>
<deleteRule>NO ACTION</deleteRule>
</Relation>