<?xml version = '1.0' encoding = 'UTF-8'?>
<Relation class="oracle.dbtools.crest.model.design.logical.Relation" name="compor" directorySegmentName="seg_0" id="974E7849-7700-488F-5366-069CF6C0CCE7">
<createdBy>logonrm</createdBy>
<createdTime>2017-09-18 13:53:21 UTC</createdTime>
<ownerDesignName>BANCO_V2</ownerDesignName>
<engineerTo>
<item key="38C8A164-6624-3EDF-5B66-63584B8B65C8" value="true"/>
</engineerTo>
<sourcePk>9A3F79DF-B647-C032-5896-6305358071C6</sourcePk>
<identifying>true</identifying>
<optionalSource>true</optionalSource>
<optionalTarget>false</optionalTarget>
<sourceCardinality>1</sourceCardinality>
<sourceEntity>FB4EA689-84D4-382E-2CEC-302F372FE324</sourceEntity>
<targetCardinalityString>*</targetCardinalityString>
<targetEntity>0363959F-0DBF-C9CD-135E-7F057DEAF7D7</targetEntity>
<transferable>true</transferable>
<deleteRule>NO ACTION</deleteRule>
</Relation>