<?xml version = '1.0' encoding = 'UTF-8'?>
<Relation class="oracle.dbtools.crest.model.design.logical.Relation" name="pertencer" directorySegmentName="seg_0" id="98EFD32E-B791-323B-D6EB-A4998D8B285F">
<createdBy>logonrm</createdBy>
<createdTime>2017-09-18 17:45:49 UTC</createdTime>
<ownerDesignName>BANCO_V2</ownerDesignName>
<engineerTo>
<item key="38C8A164-6624-3EDF-5B66-63584B8B65C8" value="true"/>
</engineerTo>
<sourcePk>181876FF-B4A5-1C96-F00F-45F32FF7FD20</sourcePk>
<identifying>false</identifying>
<optionalSource>true</optionalSource>
<optionalTarget>false</optionalTarget>
<sourceCardinality>1</sourceCardinality>
<sourceEntity>66B218AC-B90F-8385-D20D-EC42B7297F6F</sourceEntity>
<targetCardinalityString>1</targetCardinalityString>
<targetEntity>0677392C-389D-A3E3-7B6F-891AF34DB01C</targetEntity>
<transferable>true</transferable>
<deleteRule>NO ACTION</deleteRule>
</Relation>