<?xml version = '1.0' encoding = 'UTF-8'?>
<Relation class="oracle.dbtools.crest.model.design.logical.Relation" name="pertencerv2" directorySegmentName="seg_0" id="9E632964-D631-6AC7-9FBA-11A861D3DD75">
<createdBy>leand</createdBy>
<createdTime>2017-09-02 20:29:06 UTC</createdTime>
<ownerDesignName>BANCO_V2</ownerDesignName>
<engineerTo>
<item key="38C8A164-6624-3EDF-5B66-63584B8B65C8" value="true"/>
</engineerTo>
<sourcePk>EA2B034D-4F94-9B52-2E74-AB6D1D0DC455</sourcePk>
<arc>0CB81F02-4311-FF23-F12A-6B2BD1EF8AAC</arc>
<dominantRole>768D2B28-730A-A22B-8B95-8F54C13A7C8A</dominantRole>
<identifying>true</identifying>
<optionalSource>true</optionalSource>
<optionalTarget>false</optionalTarget>
<sourceCardinality>1</sourceCardinality>
<sourceEntity>768D2B28-730A-A22B-8B95-8F54C13A7C8A</sourceEntity>
<targetCardinalityString>1</targetCardinalityString>
<targetEntity>47E1CC02-E522-734A-0504-68CEC6E9363C</targetEntity>
<transferable>true</transferable>
<deleteRule>NO ACTION</deleteRule>
</Relation>