<?xml version = '1.0' encoding = 'UTF-8'?>
<Relation class="oracle.dbtools.crest.model.design.logical.Relation" name="pertencerv13" directorySegmentName="seg_0" id="B24F6DDB-AD6A-6FA3-009E-03D07925B38C">
<createdBy>logonpf</createdBy>
<createdTime>2017-03-27 14:05:17 UTC</createdTime>
<ownerDesignName>BANCO_V2</ownerDesignName>
<engineerTo>
<item key="38C8A164-6624-3EDF-5B66-63584B8B65C8" value="true"/>
</engineerTo>
<sourcePk>6E78BF22-2FC5-E025-94E4-55498C834F13</sourcePk>
<identifying>false</identifying>
<optionalSource>true</optionalSource>
<optionalTarget>false</optionalTarget>
<sourceCardinality>1</sourceCardinality>
<sourceEntity>AE2BFBFB-CC4E-2A5C-D198-21A39B4FB4BF</sourceEntity>
<targetCardinalityString>*</targetCardinalityString>
<targetEntity>75BB9B2E-93B0-674A-BC7B-77AA24C3B949</targetEntity>
<transferable>true</transferable>
<deleteRule>NO ACTION</deleteRule>
</Relation>