<?xml version = '1.0' encoding = 'UTF-8'?>
<Relation class="oracle.dbtools.crest.model.design.logical.Relation" name="comporv2" directorySegmentName="seg_0" id="BCF696DF-5B93-C178-7B25-C6176581A434">
<createdBy>logonrm</createdBy>
<createdTime>2017-09-18 13:53:44 UTC</createdTime>
<ownerDesignName>BANCO_V2</ownerDesignName>
<engineerTo>
<item key="38C8A164-6624-3EDF-5B66-63584B8B65C8" value="true"/>
</engineerTo>
<sourcePk>FD9C47CA-CF11-6A6A-1613-48B9ECD1E667</sourcePk>
<identifying>true</identifying>
<optionalSource>true</optionalSource>
<optionalTarget>false</optionalTarget>
<sourceCardinality>1</sourceCardinality>
<sourceEntity>FEF0C899-6CDB-03BA-7314-B934D397EDEA</sourceEntity>
<targetCardinalityString>*</targetCardinalityString>
<targetEntity>0363959F-0DBF-C9CD-135E-7F057DEAF7D7</targetEntity>
<transferable>true</transferable>
<deleteRule>NO ACTION</deleteRule>
</Relation>