<?xml version = '1.0' encoding = 'UTF-8'?>
<Relation class="oracle.dbtools.crest.model.design.logical.Relation" name="pertencerv10" directorySegmentName="seg_0" id="CE521DA5-393C-F6C2-B6AE-972164439751">
<createdBy>leand</createdBy>
<createdTime>2017-09-02 20:29:06 UTC</createdTime>
<ownerDesignName>BANCO_V2</ownerDesignName>
<engineerTo>
<item key="38C8A164-6624-3EDF-5B66-63584B8B65C8" value="true"/>
</engineerTo>
<sourcePk>EA2B034D-4F94-9B52-2E74-AB6D1D0DC455</sourcePk>
<arc>0CB81F02-4311-FF23-F12A-6B2BD1EF8AAC</arc>
<dominantRole>768D2B28-730A-A22B-8B95-8F54C13A7C8A</dominantRole>
<identifying>true</identifying>
<optionalSource>true</optionalSource>
<optionalTarget>false</optionalTarget>
<sourceCardinality>1</sourceCardinality>
<sourceEntity>768D2B28-730A-A22B-8B95-8F54C13A7C8A</sourceEntity>
<targetCardinalityString>1</targetCardinalityString>
<targetEntity>E926951B-778A-C369-F11D-EF67D7486E52</targetEntity>
<transferable>true</transferable>
<deleteRule>NO ACTION</deleteRule>
</Relation>