<?xml version = '1.0' encoding = 'UTF-8'?>
<Relation class="oracle.dbtools.crest.model.design.logical.Relation" name="comporv9" directorySegmentName="seg_0" id="E033C7DE-E97E-72FA-15B3-2F7CECABAF83">
<createdBy>logonrm</createdBy>
<createdTime>2017-09-18 16:39:13 UTC</createdTime>
<ownerDesignName>BANCO_V2</ownerDesignName>
<engineerTo>
<item key="38C8A164-6624-3EDF-5B66-63584B8B65C8" value="true"/>
</engineerTo>
<sourcePk>1B640DBD-2F05-D13D-1D29-6D90C1D962DF</sourcePk>
<identifying>true</identifying>
<optionalSource>true</optionalSource>
<optionalTarget>false</optionalTarget>
<sourceCardinality>1</sourceCardinality>
<sourceEntity>9C86880F-0087-E19F-949F-0CEF71EC927B</sourceEntity>
<targetCardinalityString>*</targetCardinalityString>
<targetEntity>DC4F2853-181C-26FA-92F5-4D5F41036F50</targetEntity>
<transferable>true</transferable>
<deleteRule>NO ACTION</deleteRule>
</Relation>