<?xml version = '1.0' encoding = 'UTF-8'?>
<Relation class="oracle.dbtools.crest.model.design.logical.Relation" name="TER" directorySegmentName="seg_0" id="EED20A65-287C-425A-7B9E-BAA922508A12">
<createdBy>logonrm</createdBy>
<createdTime>2017-09-04 12:13:20 UTC</createdTime>
<ownerDesignName>BANCO_V2</ownerDesignName>
<engineerTo>
<item key="38C8A164-6624-3EDF-5B66-63584B8B65C8" value="true"/>
</engineerTo>
<sourcePk>EA2B034D-4F94-9B52-2E74-AB6D1D0DC455</sourcePk>
<identifying>false</identifying>
<optionalSource>false</optionalSource>
<optionalTarget>false</optionalTarget>
<sourceCardinality>1</sourceCardinality>
<sourceEntity>768D2B28-730A-A22B-8B95-8F54C13A7C8A</sourceEntity>
<targetCardinalityString>*</targetCardinalityString>
<targetEntity>5CAA0A82-64BC-7525-1399-AA19EA7C3E25</targetEntity>
<transferable>true</transferable>
<deleteRule>NO ACTION</deleteRule>
</Relation>