<?xml version = '1.0' encoding = 'UTF-8'?>
<Entity class="oracle.dbtools.crest.model.design.logical.Entity" directorySegmentName="seg_0" id="39BEB9EC-7EA4-BEB9-F979-7CAB594E445C" name="T_VFC_PRODUCAO">
<createdBy>logonrm</createdBy>
<createdTime>2017-09-18 14:11:25 UTC</createdTime>
<ownerDesignName>banco</ownerDesignName>
<engineerTo>
<item key="79DBAC6E-7ECE-7411-7C89-31B79CF16E25" value="true"/>
</engineerTo>
<adequatelyNormalized>NO</adequatelyNormalized>
<expectedVolumes>0</expectedVolumes>
<fwdEngineeringStrategyName>Single Table</fwdEngineeringStrategyName>
<growthPercent>0</growthPercent>
<growthType>Year</growthType>
<maxVolumes>9999999</maxVolumes>
<minVolumes>0</minVolumes>
<normalForm>Third</normalForm>
<attributes itemClass="oracle.dbtools.crest.model.design.logical.Attribute">
<Attribute name="cd_producao" id="C2825622-3CE3-0B1E-5BEE-58276E148B31">
<createdBy>logonrm</createdBy>
<createdTime>2017-09-18 14:11:40 UTC</createdTime>
<ownerDesignName>banco</ownerDesignName>
<engineerTo>
<item key="79DBAC6E-7ECE-7411-7C89-31B79CF16E25" value="true"/>
</engineerTo>
<useDomainConstraints>false</useDomainConstraints>
<use>1</use>
<logicalDatatype>LOGDT019</logicalDatatype>
<dataTypePrecision>5</dataTypePrecision>
<ownDataTypeParameters>,5,</ownDataTypeParameters>
</Attribute>
<Attribute name="cd_ordem_producao" id="C75194D1-2711-F4A5-F4A2-CDED1AAA40BD">
<createdBy>logonrm</createdBy>
<createdTime>2017-09-18 16:19:49 UTC</createdTime>
<generatorID>F026754F-C0FB-1693-315C-E4B464301DD3</generatorID>
<ownerDesignName>banco</ownerDesignName>
<engineerTo>
<item key="79DBAC6E-7ECE-7411-7C89-31B79CF16E25" value="true"/>
</engineerTo>
<referedAttribute>C99BA2BF-6385-D766-B749-62C51CE6383F</referedAttribute>
<useDomainConstraints>false</useDomainConstraints>
<use>1</use>
<logicalDatatype>LOGDT019</logicalDatatype>
<dataTypePrecision>10</dataTypePrecision>
<ownDataTypeParameters>,10,</ownDataTypeParameters>
</Attribute>
<Attribute name="dt_producao" id="2DAD0BD3-B168-9A17-8EEB-25290B9E66DA">
<createdBy>logonrm</createdBy>
<createdTime>2017-09-18 14:11:47 UTC</createdTime>
<ownerDesignName>banco</ownerDesignName>
<engineerTo>
<item key="79DBAC6E-7ECE-7411-7C89-31B79CF16E25" value="true"/>
</engineerTo>
<useDomainConstraints>false</useDomainConstraints>
<use>1</use>
<logicalDatatype>LOGDT007</logicalDatatype>
<ownDataTypeParameters>,,</ownDataTypeParameters>
</Attribute>
<Attribute name="inicio_producao" id="EC2F564D-ADED-B5A1-C371-8B5236018D5A">
<createdBy>logonrm</createdBy>
<createdTime>2017-09-18 14:29:07 UTC</createdTime>
<ownerDesignName>banco</ownerDesignName>
<engineerTo>
<item key="79DBAC6E-7ECE-7411-7C89-31B79CF16E25" value="true"/>
</engineerTo>
<useDomainConstraints>false</useDomainConstraints>
<use>1</use>
<logicalDatatype>LOGDT008</logicalDatatype>
<ownDataTypeParameters>,,</ownDataTypeParameters>
</Attribute>
<Attribute name="termino_producao" id="F62324B6-A4B1-E6D3-4C2A-CDCE4C2358E8">
<createdBy>logonrm</createdBy>
<createdTime>2017-09-18 14:30:31 UTC</createdTime>
<ownerDesignName>banco</ownerDesignName>
<engineerTo>
<item key="79DBAC6E-7ECE-7411-7C89-31B79CF16E25" value="true"/>
</engineerTo>
<useDomainConstraints>false</useDomainConstraints>
<use>1</use>
<logicalDatatype>LOGDT008</logicalDatatype>
<ownDataTypeParameters>,,</ownDataTypeParameters>
</Attribute>
<Attribute name="inicio_parada" id="245D9E41-49B3-A2C1-41AC-77DEF5B6F707">
<createdBy>logonrm</createdBy>
<createdTime>2017-09-18 14:31:30 UTC</createdTime>
<ownerDesignName>banco</ownerDesignName>
<engineerTo>
<item key="79DBAC6E-7ECE-7411-7C89-31B79CF16E25" value="true"/>
</engineerTo>
<nullsAllowed>true</nullsAllowed>
<useDomainConstraints>false</useDomainConstraints>
<use>1</use>
<logicalDatatype>LOGDT008</logicalDatatype>
<ownDataTypeParameters>,,</ownDataTypeParameters>
</Attribute>
<Attribute name="fim_parada" id="444AB0E3-178D-947F-5472-F5D73E3012AF">
<createdBy>logonrm</createdBy>
<createdTime>2017-09-18 14:32:28 UTC</createdTime>
<ownerDesignName>banco</ownerDesignName>
<engineerTo>
<item key="79DBAC6E-7ECE-7411-7C89-31B79CF16E25" value="true"/>
</engineerTo>
<nullsAllowed>true</nullsAllowed>
<useDomainConstraints>false</useDomainConstraints>
<use>1</use>
<logicalDatatype>LOGDT008</logicalDatatype>
<ownDataTypeParameters>,,</ownDataTypeParameters>
</Attribute>
</attributes>
<identifiers itemClass="oracle.dbtools.crest.model.design.logical.CandidateKey">
<identifier id="FD3B0E30-E3D3-8816-CA76-9AB86828CE54" name="T_VFC_PRODUCAO PK">
<createdBy>logonrm</createdBy>
<createdTime>2017-09-18 14:11:48 UTC</createdTime>
<ownerDesignName>banco</ownerDesignName>
<engineerTo>
<item key="79DBAC6E-7ECE-7411-7C89-31B79CF16E25" value="true"/>
</engineerTo>
<pk>true</pk>
<usedAttributes>
<attributeRef>C2825622-3CE3-0B1E-5BEE-58276E148B31</attributeRef>
<attributeRef>C75194D1-2711-F4A5-F4A2-CDED1AAA40BD</attributeRef>
</usedAttributes>
</identifier>
</identifiers>
</Entity>