<?xml version = '1.0' encoding = 'UTF-8'?>
<Entity class="oracle.dbtools.crest.model.design.logical.Entity" directorySegmentName="seg_0" id="47E1CC02-E522-734A-0504-68CEC6E9363C" name="T_VFC_PESSOA_FISICA">
<createdBy>leand</createdBy>
<createdTime>2017-09-02 20:29:05 UTC</createdTime>
<ownerDesignName>banco</ownerDesignName>
<engineerTo>
<item key="79DBAC6E-7ECE-7411-7C89-31B79CF16E25" value="true"/>
</engineerTo>
<adequatelyNormalized>NO</adequatelyNormalized>
<expectedVolumes>0</expectedVolumes>
<fwdEngineeringStrategyName>Single Table</fwdEngineeringStrategyName>
<growthPercent>0</growthPercent>
<growthType>Year</growthType>
<maxVolumes>9999999</maxVolumes>
<minVolumes>0</minVolumes>
<normalForm>Third</normalForm>
<attributes itemClass="oracle.dbtools.crest.model.design.logical.Attribute">
<Attribute name="cd_pessoa" id="2F7F3D16-5C47-17F5-6515-CE48F3FBF93F">
<createdBy>leand</createdBy>
<createdTime>2017-09-02 20:29:05 UTC</createdTime>
<generatorID>9E632964-D631-6AC7-9FBA-11A861D3DD75</generatorID>
<ownerDesignName>banco</ownerDesignName>
<importedID>59E4336A-4F8D-14CC-C8C4-5CEEFDE71B78</importedID>
<engineerTo>
<item key="79DBAC6E-7ECE-7411-7C89-31B79CF16E25" value="true"/>
</engineerTo>
<referedAttribute>ABEFA446-A376-CB9E-DFB4-427D35BA94E2</referedAttribute>
<useDomainConstraints>false</useDomainConstraints>
<use>1</use>
<logicalDatatype>LOGDT019</logicalDatatype>
<dataTypePrecision>5</dataTypePrecision>
<ownDataTypeParameters>,5,</ownDataTypeParameters>
</Attribute>
<Attribute name="nr_rg" id="3A25DF6F-74C6-7412-852A-1626425B37A8">
<createdBy>leand</createdBy>
<createdTime>2017-09-02 20:29:05 UTC</createdTime>
<ownerDesignName>banco</ownerDesignName>
<importedID>EA73E388-3AF0-F407-1566-9100A723FF93</importedID>
<engineerTo>
<item key="79DBAC6E-7ECE-7411-7C89-31B79CF16E25" value="true"/>
</engineerTo>
<useDomainConstraints>false</useDomainConstraints>
<use>1</use>
<logicalDatatype>LOGDT019</logicalDatatype>
<dataTypePrecision>12</dataTypePrecision>
<ownDataTypeParameters>,12,</ownDataTypeParameters>
</Attribute>
<Attribute name="nr_cpf" id="8FD0F743-D321-6E06-23C6-D946304B7D41">
<createdBy>leand</createdBy>
<createdTime>2017-09-02 20:29:05 UTC</createdTime>
<ownerDesignName>banco</ownerDesignName>
<importedID>FA555A8F-6FC7-CBDF-7AE0-971C9957EB09</importedID>
<engineerTo>
<item key="79DBAC6E-7ECE-7411-7C89-31B79CF16E25" value="true"/>
</engineerTo>
<useDomainConstraints>false</useDomainConstraints>
<use>1</use>
<logicalDatatype>LOGDT024</logicalDatatype>
<dataTypeSize>12</dataTypeSize>
<ownDataTypeParameters>12,,</ownDataTypeParameters>
</Attribute>
<Attribute name="dt_nascimento" id="4FF4E796-0DC3-E141-027D-66556B2DE578">
<createdBy>leand</createdBy>
<createdTime>2017-09-02 20:29:05 UTC</createdTime>
<ownerDesignName>banco</ownerDesignName>
<importedID>6A82D26D-237C-033A-06AA-BFECE0CF3E5C</importedID>
<engineerTo>
<item key="79DBAC6E-7ECE-7411-7C89-31B79CF16E25" value="true"/>
</engineerTo>
<useDomainConstraints>false</useDomainConstraints>
<use>1</use>
<logicalDatatype>LOGDT007</logicalDatatype>
<ownDataTypeParameters>,,</ownDataTypeParameters>
</Attribute>
<Attribute name="ds_sexo" id="F26304A8-009F-1AA9-6722-49ABBBC396CE">
<createdBy>leand</createdBy>
<createdTime>2017-09-02 20:29:05 UTC</createdTime>
<ownerDesignName>banco</ownerDesignName>
<importedID>313151E4-966C-28AC-E44B-D0CE63426B0B</importedID>
<engineerTo>
<item key="79DBAC6E-7ECE-7411-7C89-31B79CF16E25" value="true"/>
</engineerTo>
<useDomainConstraints>false</useDomainConstraints>
<use>1</use>
<logicalDatatype>LOGDT025</logicalDatatype>
<dataTypeSize>1</dataTypeSize>
<ownDataTypeParameters>1,,</ownDataTypeParameters>
</Attribute>
<Attribute name="nm_pessoa" id="5132D671-46AD-F713-490D-BDFD89B504FE">
<createdBy>logonrm</createdBy>
<createdTime>2017-09-04 13:33:02 UTC</createdTime>
<ownerDesignName>banco</ownerDesignName>
<engineerTo>
<item key="79DBAC6E-7ECE-7411-7C89-31B79CF16E25" value="true"/>
</engineerTo>
<useDomainConstraints>false</useDomainConstraints>
<use>1</use>
<logicalDatatype>LOGDT024</logicalDatatype>
<dataTypeSize>50</dataTypeSize>
<ownDataTypeParameters>50,,</ownDataTypeParameters>
</Attribute>
</attributes>
<identifiers itemClass="oracle.dbtools.crest.model.design.logical.CandidateKey">
<identifier id="1EAC0720-BC2B-DAFC-F71D-9C42AA401F7A" name="PK_VFC_PESSOA_F">
<createdBy>leand</createdBy>
<createdTime>2017-09-02 20:29:05 UTC</createdTime>
<ownerDesignName>banco</ownerDesignName>
<engineerTo>
<item key="79DBAC6E-7ECE-7411-7C89-31B79CF16E25" value="true"/>
</engineerTo>
<pk>true</pk>
<newElementsIDs>9E632964-D631-6AC7-9FBA-11A861D3DD75</newElementsIDs>
<usedAttributes>
<attributeRef>2F7F3D16-5C47-17F5-6515-CE48F3FBF93F</attributeRef>
</usedAttributes>
</identifier>
</identifiers>
</Entity>