<?xml version = '1.0' encoding = 'UTF-8'?>
<Entity class="oracle.dbtools.crest.model.design.logical.Entity" directorySegmentName="seg_0" id="5C4E50BD-1A4E-9FD1-1B51-94936C2A3D9B" name="T_VFC_TELEFONE">
<createdBy>Vitor</createdBy>
<createdTime>2017-09-03 20:33:01 UTC</createdTime>
<generatorID>Gerado pelo usuário</generatorID>
<ownerDesignName>banco</ownerDesignName>
<engineerTo>
<item key="79DBAC6E-7ECE-7411-7C89-31B79CF16E25" value="true"/>
</engineerTo>
<adequatelyNormalized>NO</adequatelyNormalized>
<expectedVolumes>0</expectedVolumes>
<fwdEngineeringStrategyName>Single Table</fwdEngineeringStrategyName>
<growthPercent>0</growthPercent>
<growthType>Year</growthType>
<maxVolumes>9999999</maxVolumes>
<minVolumes>0</minVolumes>
<normalForm>Third</normalForm>
<attributes itemClass="oracle.dbtools.crest.model.design.logical.Attribute">
<Attribute name="nr_fone_completo" id="CAEF48A3-C372-9A77-2CD2-955DC4EC85B6">
<createdBy>Vitor</createdBy>
<createdTime>2017-09-03 20:33:01 UTC</createdTime>
<ownerDesignName>banco</ownerDesignName>
<importedID>E6901DC2-0B61-22AE-9A64-87C48F47E27E</importedID>
<engineerTo>
<item key="79DBAC6E-7ECE-7411-7C89-31B79CF16E25" value="true"/>
</engineerTo>
<useDomainConstraints>false</useDomainConstraints>
<use>1</use>
<logicalDatatype>LOGDT019</logicalDatatype>
<dataTypePrecision>11</dataTypePrecision>
<ownDataTypeParameters>,11,</ownDataTypeParameters>
</Attribute>
<Attribute name="nr_telefone" id="DEC9B93F-93C5-1D0F-A4CC-BFEE3DC4B6FE">
<createdBy>Vitor</createdBy>
<createdTime>2017-09-03 20:33:01 UTC</createdTime>
<ownerDesignName>banco</ownerDesignName>
<importedID>3CA0A3A7-CAEE-222B-4099-97973779A51E</importedID>
<engineerTo>
<item key="79DBAC6E-7ECE-7411-7C89-31B79CF16E25" value="true"/>
</engineerTo>
<useDomainConstraints>false</useDomainConstraints>
<use>1</use>
<logicalDatatype>LOGDT019</logicalDatatype>
<dataTypePrecision>9</dataTypePrecision>
<ownDataTypeParameters>,9,</ownDataTypeParameters>
</Attribute>
<Attribute name="nr_ddd" id="BBDDAC04-1E74-42C5-FDA4-66680A98ED05">
<createdBy>Vitor</createdBy>
<createdTime>2017-09-03 20:33:01 UTC</createdTime>
<ownerDesignName>banco</ownerDesignName>
<importedID>55DD5738-8DDB-5C90-6132-4893E907BD4B</importedID>
<engineerTo>
<item key="79DBAC6E-7ECE-7411-7C89-31B79CF16E25" value="true"/>
</engineerTo>
<useDomainConstraints>false</useDomainConstraints>
<use>1</use>
<logicalDatatype>LOGDT019</logicalDatatype>
<dataTypePrecision>2</dataTypePrecision>
<ownDataTypeParameters>,2,</ownDataTypeParameters>
</Attribute>
<Attribute name="cd_tipo_fone" id="32A8CF3B-9F87-EBDA-DEA8-C314EBFFACC6">
<createdBy>Vitor</createdBy>
<createdTime>2017-09-03 20:35:22 UTC</createdTime>
<generatorID>2AC1B058-0899-EED6-CBA5-B9AE43D86729</generatorID>
<ownerDesignName>banco</ownerDesignName>
<engineerTo>
<item key="79DBAC6E-7ECE-7411-7C89-31B79CF16E25" value="true"/>
</engineerTo>
<referedAttribute>3CD17672-DB1A-F8EC-56A3-F2D0FF8C963E</referedAttribute>
<useDomainConstraints>false</useDomainConstraints>
<use>1</use>
<logicalDatatype>LOGDT019</logicalDatatype>
<dataTypePrecision>2</dataTypePrecision>
<ownDataTypeParameters>,2,</ownDataTypeParameters>
</Attribute>
</attributes>
<identifiers itemClass="oracle.dbtools.crest.model.design.logical.CandidateKey">
<identifier id="3162BC81-61FA-DCD4-178A-A2FD585BEB10" name="PK_VFC_TELEFONE">
<createdBy>Vitor</createdBy>
<createdTime>2017-09-03 20:33:01 UTC</createdTime>
<generatorID>Gerado pelo usuário</generatorID>
<ownerDesignName>banco</ownerDesignName>
<engineerTo>
<item key="79DBAC6E-7ECE-7411-7C89-31B79CF16E25" value="true"/>
</engineerTo>
<pk>true</pk>
<newElementsIDs>CAEF48A3-C372-9A77-2CD2-955DC4EC85B6</newElementsIDs>
<usedAttributes>
<attributeRef>CAEF48A3-C372-9A77-2CD2-955DC4EC85B6</attributeRef>
</usedAttributes>
</identifier>
</identifiers>
</Entity>