<?xml version = '1.0' encoding = 'UTF-8'?>
<Entity class="oracle.dbtools.crest.model.design.logical.Entity" directorySegmentName="seg_0" id="768D2B28-730A-A22B-8B95-8F54C13A7C8A" name="T_VFC_PESSOA">
<createdBy>leand</createdBy>
<createdTime>2017-09-02 20:29:05 UTC</createdTime>
<ownerDesignName>banco</ownerDesignName>
<engineerTo>
<item key="79DBAC6E-7ECE-7411-7C89-31B79CF16E25" value="true"/>
</engineerTo>
<adequatelyNormalized>NO</adequatelyNormalized>
<expectedVolumes>0</expectedVolumes>
<fwdEngineeringStrategyName>Single Table</fwdEngineeringStrategyName>
<growthPercent>0</growthPercent>
<growthType>Year</growthType>
<maxVolumes>9999999</maxVolumes>
<minVolumes>0</minVolumes>
<normalForm>Third</normalForm>
<attributes itemClass="oracle.dbtools.crest.model.design.logical.Attribute">
<Attribute name="cd_pessoa" id="ABEFA446-A376-CB9E-DFB4-427D35BA94E2">
<createdBy>leand</createdBy>
<createdTime>2017-09-02 20:29:05 UTC</createdTime>
<ownerDesignName>banco</ownerDesignName>
<importedID>FC781671-325D-D828-A5F0-3E6F63509D16</importedID>
<engineerTo>
<item key="79DBAC6E-7ECE-7411-7C89-31B79CF16E25" value="true"/>
</engineerTo>
<useDomainConstraints>false</useDomainConstraints>
<use>1</use>
<logicalDatatype>LOGDT019</logicalDatatype>
<dataTypePrecision>5</dataTypePrecision>
<ownDataTypeParameters>,5,</ownDataTypeParameters>
</Attribute>
<Attribute name="nr_nota_fiscal" id="EE30CE48-69CC-1BBA-F962-E79B72E8E2DF">
<createdBy>logonrm</createdBy>
<createdTime>2017-09-04 11:44:32 UTC</createdTime>
<generatorID>BCAD85B5-C9F0-2F0F-BD7A-2300539FFA02</generatorID>
<ownerDesignName>banco</ownerDesignName>
<engineerTo>
<item key="79DBAC6E-7ECE-7411-7C89-31B79CF16E25" value="true"/>
</engineerTo>
<referedAttribute>DDA29808-8F69-5622-82C6-BC01F1D55DF3</referedAttribute>
<useDomainConstraints>false</useDomainConstraints>
<use>1</use>
<logicalDatatype>LOGDT019</logicalDatatype>
<dataTypePrecision>6</dataTypePrecision>
<ownDataTypeParameters>,6,</ownDataTypeParameters>
</Attribute>
<Attribute name="ds_email" id="674415C2-A105-A2AC-05BA-B091B4E02DEF">
<createdBy>leand</createdBy>
<createdTime>2017-09-02 20:29:05 UTC</createdTime>
<ownerDesignName>banco</ownerDesignName>
<importedID>5D68B5B7-1FF9-B211-5D8B-1749E5A8E25F</importedID>
<engineerTo>
<item key="79DBAC6E-7ECE-7411-7C89-31B79CF16E25" value="true"/>
</engineerTo>
<useDomainConstraints>false</useDomainConstraints>
<use>1</use>
<logicalDatatype>LOGDT024</logicalDatatype>
<dataTypeSize>40</dataTypeSize>
<ownDataTypeParameters>40,,</ownDataTypeParameters>
</Attribute>
</attributes>
<identifiers itemClass="oracle.dbtools.crest.model.design.logical.CandidateKey">
<identifier id="EA2B034D-4F94-9B52-2E74-AB6D1D0DC455" name="PK_VFC_PESSOA">
<createdBy>leand</createdBy>
<createdTime>2017-09-02 20:29:05 UTC</createdTime>
<ownerDesignName>banco</ownerDesignName>
<engineerTo>
<item key="79DBAC6E-7ECE-7411-7C89-31B79CF16E25" value="true"/>
</engineerTo>
<pk>true</pk>
<newElementsIDs>ABEFA446-A376-CB9E-DFB4-427D35BA94E2</newElementsIDs>
<usedAttributes>
<attributeRef>ABEFA446-A376-CB9E-DFB4-427D35BA94E2</attributeRef>
</usedAttributes>
</identifier>
</identifiers>
</Entity>