<?xml version = '1.0' encoding = 'UTF-8'?>
<Entity class="oracle.dbtools.crest.model.design.logical.Entity" directorySegmentName="seg_0" id="8F57EF78-75B1-4097-54B5-5A709C805078" name="T_VFC_MOVIM_ESTOQUE">
<createdBy>logonrm</createdBy>
<createdTime>2017-09-18 17:21:51 UTC</createdTime>
<ownerDesignName>banco</ownerDesignName>
<engineerTo>
<item key="79DBAC6E-7ECE-7411-7C89-31B79CF16E25" value="true"/>
</engineerTo>
<adequatelyNormalized>NO</adequatelyNormalized>
<expectedVolumes>0</expectedVolumes>
<fwdEngineeringStrategyName>Single Table</fwdEngineeringStrategyName>
<growthPercent>0</growthPercent>
<growthType>Year</growthType>
<maxVolumes>9999999</maxVolumes>
<minVolumes>0</minVolumes>
<normalForm>Third</normalForm>
<attributes itemClass="oracle.dbtools.crest.model.design.logical.Attribute">
<Attribute name="cd_movimentacao" id="34DD9766-24B1-0634-B1CD-4F236D694D52">
<createdBy>logonrm</createdBy>
<createdTime>2017-09-18 17:53:06 UTC</createdTime>
<ownerDesignName>banco</ownerDesignName>
<engineerTo>
<item key="79DBAC6E-7ECE-7411-7C89-31B79CF16E25" value="true"/>
</engineerTo>
<useDomainConstraints>false</useDomainConstraints>
<use>1</use>
<logicalDatatype>LOGDT019</logicalDatatype>
<dataTypePrecision>5</dataTypePrecision>
<ownDataTypeParameters>,5,</ownDataTypeParameters>
</Attribute>
<Attribute name="cd_patio" id="46AF082C-4C19-2FB7-0B1E-31455F5C6C7B">
<createdBy>logonrm</createdBy>
<createdTime>2017-09-18 17:30:36 UTC</createdTime>
<generatorID>353C3C95-A11D-84DA-6798-F1125CF7D11D</generatorID>
<ownerDesignName>banco</ownerDesignName>
<engineerTo>
<item key="79DBAC6E-7ECE-7411-7C89-31B79CF16E25" value="true"/>
</engineerTo>
<referedAttribute>A07C7A01-0C7B-B78A-0E1D-F0E084A09544</referedAttribute>
<useDomainConstraints>false</useDomainConstraints>
<use>1</use>
<logicalDatatype>LOGDT019</logicalDatatype>
<dataTypePrecision>5</dataTypePrecision>
<ownDataTypeParameters>,5,</ownDataTypeParameters>
</Attribute>
<Attribute name="cd_estoque" id="E64CC689-EE60-861E-B41D-7D34D2D226E7">
<createdBy>logonrm</createdBy>
<createdTime>2017-09-18 17:31:10 UTC</createdTime>
<generatorID>C7ABFB0A-7475-AB59-C8A1-17B4AC540FCD</generatorID>
<ownerDesignName>banco</ownerDesignName>
<engineerTo>
<item key="79DBAC6E-7ECE-7411-7C89-31B79CF16E25" value="true"/>
</engineerTo>
<referedAttribute>19DD4619-4D11-34F2-8B2F-251D3FA97C0E</referedAttribute>
<useDomainConstraints>false</useDomainConstraints>
<use>1</use>
<logicalDatatype>LOGDT019</logicalDatatype>
<dataTypePrecision>5</dataTypePrecision>
<ownDataTypeParameters>,5,</ownDataTypeParameters>
</Attribute>
<Attribute name="dt_entrada" id="830E7D78-050D-2043-F602-D0D60CFC868A">
<createdBy>logonrm</createdBy>
<createdTime>2017-09-18 17:22:08 UTC</createdTime>
<ownerDesignName>banco</ownerDesignName>
<engineerTo>
<item key="79DBAC6E-7ECE-7411-7C89-31B79CF16E25" value="true"/>
</engineerTo>
<useDomainConstraints>false</useDomainConstraints>
<use>1</use>
<logicalDatatype>LOGDT007</logicalDatatype>
<ownDataTypeParameters>,,</ownDataTypeParameters>
</Attribute>
</attributes>
<identifiers itemClass="oracle.dbtools.crest.model.design.logical.CandidateKey">
<identifier id="EC973455-029E-CE84-61C2-BFF883D9296E" name="PK_VFC_MOVIM_ESTOQUE">
<createdBy>logonrm</createdBy>
<createdTime>2017-09-18 17:30:36 UTC</createdTime>
<ownerDesignName>banco</ownerDesignName>
<engineerTo>
<item key="79DBAC6E-7ECE-7411-7C89-31B79CF16E25" value="true"/>
</engineerTo>
<pk>true</pk>
<newElementsIDs>353C3C95-A11D-84DA-6798-F1125CF7D11D,C7ABFB0A-7475-AB59-C8A1-17B4AC540FCD,34DD9766-24B1-0634-B1CD-4F236D694D52</newElementsIDs>
<usedAttributes>
<attributeRef>46AF082C-4C19-2FB7-0B1E-31455F5C6C7B</attributeRef>
<attributeRef>E64CC689-EE60-861E-B41D-7D34D2D226E7</attributeRef>
<attributeRef>34DD9766-24B1-0634-B1CD-4F236D694D52</attributeRef>
</usedAttributes>
</identifier>
</identifiers>
</Entity>