<?xml version = '1.0' encoding = 'UTF-8'?>
<Entity class="oracle.dbtools.crest.model.design.logical.Entity" directorySegmentName="seg_0" id="AE2BFBFB-CC4E-2A5C-D198-21A39B4FB4BF" name="T_VFC_DEPARTAMENTO">
<createdBy>logonpf</createdBy>
<createdTime>2017-03-20 12:30:29 UTC</createdTime>
<ownerDesignName>banco</ownerDesignName>
<engineerTo>
<item key="79DBAC6E-7ECE-7411-7C89-31B79CF16E25" value="true"/>
</engineerTo>
<adequatelyNormalized>NO</adequatelyNormalized>
<expectedVolumes>0</expectedVolumes>
<fwdEngineeringStrategyName>Single Table</fwdEngineeringStrategyName>
<growthPercent>0</growthPercent>
<growthType>Year</growthType>
<maxVolumes>9999999</maxVolumes>
<minVolumes>0</minVolumes>
<normalForm>Third</normalForm>
<attributes itemClass="oracle.dbtools.crest.model.design.logical.Attribute">
<Attribute name="cd_depto" id="37E0EA09-60BE-A550-02C2-0C190E2E5A16">
<createdBy>logonpf</createdBy>
<createdTime>2017-03-20 12:30:44 UTC</createdTime>
<ownerDesignName>banco</ownerDesignName>
<engineerTo>
<item key="79DBAC6E-7ECE-7411-7C89-31B79CF16E25" value="true"/>
</engineerTo>
<useDomainConstraints>false</useDomainConstraints>
<use>1</use>
<logicalDatatype>LOGDT019</logicalDatatype>
<dataTypePrecision>2</dataTypePrecision>
<ownDataTypeParameters>,2,</ownDataTypeParameters>
</Attribute>
<Attribute name="nm_depto" id="8410E21B-F778-CCF0-8266-285A677C0C12">
<createdBy>logonpf</createdBy>
<createdTime>2017-03-20 12:30:50 UTC</createdTime>
<ownerDesignName>banco</ownerDesignName>
<engineerTo>
<item key="79DBAC6E-7ECE-7411-7C89-31B79CF16E25" value="true"/>
</engineerTo>
<useDomainConstraints>false</useDomainConstraints>
<use>1</use>
<logicalDatatype>LOGDT024</logicalDatatype>
<dataTypeSize>30</dataTypeSize>
<ownDataTypeParameters>30,,</ownDataTypeParameters>
</Attribute>
</attributes>
<identifiers itemClass="oracle.dbtools.crest.model.design.logical.CandidateKey">
<identifier id="6E78BF22-2FC5-E025-94E4-55498C834F13" name="PK_VFC_DEPARTAMENTO">
<createdBy>logonpf</createdBy>
<createdTime>2017-03-20 12:30:48 UTC</createdTime>
<ownerDesignName>banco</ownerDesignName>
<engineerTo>
<item key="79DBAC6E-7ECE-7411-7C89-31B79CF16E25" value="true"/>
</engineerTo>
<pk>true</pk>
<usedAttributes>
<attributeRef>37E0EA09-60BE-A550-02C2-0C190E2E5A16</attributeRef>
</usedAttributes>
</identifier>
<identifier id="269BA9F2-A6EE-39B5-2BDB-B5A3540CD750" name="UN_VFC_DEPTO_NOME">
<createdBy>Vitor</createdBy>
<createdTime>2017-09-02 21:30:48 UTC</createdTime>
<generatorID>0EC48E12-6EAE-F46F-984A-AE9E08FCEAA0</generatorID>
<ownerDesignName>banco</ownerDesignName>
<engineerTo>
<item key="79DBAC6E-7ECE-7411-7C89-31B79CF16E25" value="true"/>
</engineerTo>
<newElementsIDs>8410E21B-F778-CCF0-8266-285A677C0C12</newElementsIDs>
<usedAttributes>
<attributeRef>8410E21B-F778-CCF0-8266-285A677C0C12</attributeRef>
</usedAttributes>
</identifier>
</identifiers>
</Entity>