<?xml version = '1.0' encoding = 'UTF-8'?>
<Entity class="oracle.dbtools.crest.model.design.logical.Entity" directorySegmentName="seg_0" id="C9A88C88-1889-8804-CD54-5A941FD119A1" name="T_VFC_ITEM_NOTA_FISCAL">
<createdBy>leand</createdBy>
<createdTime>2017-09-02 20:31:23 UTC</createdTime>
<generatorID>Gerado pelo usuário</generatorID>
<ownerDesignName>banco</ownerDesignName>
<engineerTo>
<item key="79DBAC6E-7ECE-7411-7C89-31B79CF16E25" value="true"/>
</engineerTo>
<adequatelyNormalized>NO</adequatelyNormalized>
<expectedVolumes>0</expectedVolumes>
<fwdEngineeringStrategyName>Single Table</fwdEngineeringStrategyName>
<growthPercent>0</growthPercent>
<growthType>Year</growthType>
<maxVolumes>9999999</maxVolumes>
<minVolumes>0</minVolumes>
<normalForm>Third</normalForm>
<attributes itemClass="oracle.dbtools.crest.model.design.logical.Attribute">
<Attribute name="nr_nota_fiscal" id="6E336A43-59A9-A08C-8D19-6D68F019D231">
<createdBy>leand</createdBy>
<createdTime>2017-09-02 20:31:23 UTC</createdTime>
<generatorID>63DBF8D2-61DD-D178-B990-27EAEAAB23DB</generatorID>
<ownerDesignName>banco</ownerDesignName>
<importedID>6B460ABB-AD99-4347-230F-BDC80B2BDA4D</importedID>
<engineerTo>
<item key="79DBAC6E-7ECE-7411-7C89-31B79CF16E25" value="true"/>
</engineerTo>
<referedAttribute>DDA29808-8F69-5622-82C6-BC01F1D55DF3</referedAttribute>
<useDomainConstraints>false</useDomainConstraints>
<use>1</use>
<logicalDatatype>LOGDT019</logicalDatatype>
<dataTypePrecision>6</dataTypePrecision>
<ownDataTypeParameters>,6,</ownDataTypeParameters>
</Attribute>
<Attribute name="cd_item" id="96F677F8-B470-6CAC-4AB0-FA6BD9257147">
<createdBy>leand</createdBy>
<createdTime>2017-09-02 20:31:23 UTC</createdTime>
<ownerDesignName>banco</ownerDesignName>
<importedID>ADAA111E-83C6-CD43-7AE1-5709142B7A28</importedID>
<engineerTo>
<item key="79DBAC6E-7ECE-7411-7C89-31B79CF16E25" value="true"/>
</engineerTo>
<useDomainConstraints>false</useDomainConstraints>
<use>1</use>
<logicalDatatype>LOGDT019</logicalDatatype>
<dataTypePrecision>3</dataTypePrecision>
<ownDataTypeParameters>,3,</ownDataTypeParameters>
</Attribute>
<Attribute name="cd_produto" id="9C1E037A-4EA1-610E-06C6-A82013469548">
<createdBy>leand</createdBy>
<createdTime>2017-09-02 20:31:23 UTC</createdTime>
<generatorID>907C1787-9C1A-EFF1-DBA7-F98A9960CE7B</generatorID>
<ownerDesignName>banco</ownerDesignName>
<importedID>D9F4EC7F-170C-89A2-3E0C-7A8A80EE68DD</importedID>
<engineerTo>
<item key="79DBAC6E-7ECE-7411-7C89-31B79CF16E25" value="true"/>
</engineerTo>
<referedAttribute>8539B5C7-0142-AEC2-2609-A608BBE0B22D</referedAttribute>
<useDomainConstraints>false</useDomainConstraints>
<use>1</use>
<logicalDatatype>LOGDT019</logicalDatatype>
<dataTypePrecision>6</dataTypePrecision>
<dataTypeScale>0</dataTypeScale>
<ownDataTypeParameters>,6,0</ownDataTypeParameters>
</Attribute>
<Attribute name="qt_vendida" id="030CFBF8-E1DE-7A9D-9577-CEA4B5FE3683">
<createdBy>leand</createdBy>
<createdTime>2017-09-02 20:31:23 UTC</createdTime>
<ownerDesignName>banco</ownerDesignName>
<importedID>DD56A7BD-CB3B-0062-4A06-9D1712D0D8B5</importedID>
<engineerTo>
<item key="79DBAC6E-7ECE-7411-7C89-31B79CF16E25" value="true"/>
</engineerTo>
<useDomainConstraints>false</useDomainConstraints>
<use>1</use>
<logicalDatatype>LOGDT019</logicalDatatype>
<dataTypePrecision>3</dataTypePrecision>
<ownDataTypeParameters>,3,</ownDataTypeParameters>
</Attribute>
<Attribute name="vl_preco_unitario" id="95E82A3C-6289-E548-6668-D2CA4800C966">
<createdBy>leand</createdBy>
<createdTime>2017-09-02 20:31:23 UTC</createdTime>
<ownerDesignName>banco</ownerDesignName>
<importedID>724FF328-BF28-6AE8-2689-47F32EB24E4F</importedID>
<engineerTo>
<item key="79DBAC6E-7ECE-7411-7C89-31B79CF16E25" value="true"/>
</engineerTo>
<useDomainConstraints>false</useDomainConstraints>
<use>1</use>
<logicalDatatype>LOGDT019</logicalDatatype>
<dataTypePrecision>6</dataTypePrecision>
<dataTypeScale>2</dataTypeScale>
<ownDataTypeParameters>,6,2</ownDataTypeParameters>
</Attribute>
</attributes>
<identifiers itemClass="oracle.dbtools.crest.model.design.logical.CandidateKey">
<identifier id="C0AC3D44-07A6-6072-0C39-93334D6C8B13" name="PK_VFC_ITEM_NOTA_F">
<createdBy>leand</createdBy>
<createdTime>2017-09-02 20:31:23 UTC</createdTime>
<generatorID>Gerado pelo usuário</generatorID>
<ownerDesignName>banco</ownerDesignName>
<engineerTo>
<item key="79DBAC6E-7ECE-7411-7C89-31B79CF16E25" value="true"/>
</engineerTo>
<pk>true</pk>
<newElementsIDs>63DBF8D2-61DD-D178-B990-27EAEAAB23DB,96F677F8-B470-6CAC-4AB0-FA6BD9257147</newElementsIDs>
<usedAttributes>
<attributeRef>6E336A43-59A9-A08C-8D19-6D68F019D231</attributeRef>
<attributeRef>96F677F8-B470-6CAC-4AB0-FA6BD9257147</attributeRef>
</usedAttributes>
</identifier>
</identifiers>
</Entity>