<?xml version = '1.0' encoding = 'UTF-8'?>
<FKIndexAssociation class="oracle.dbtools.crest.model.design.relational.FKIndexAssociation" directorySegmentName="seg_0" id="14997D83-750F-D7C4-3035-BBC2E62F5E5A" containerWithKeyObject="5A23A3E8-EBC4-ABFC-637C-58DD8A7A2513" localFKIndex="B4D0DAEA-9378-FF12-E3F6-92B65408A580" name="T_VFC_ITEM_NOTA_FISCAL_T_VFC_PRODUTO_FK">
<createdBy>logonrm</createdBy>
<createdTime>2017-09-21 12:01:12 UTC</createdTime>
<generatorID>907C1787-9C1A-EFF1-DBA7-F98A9960CE7B</generatorID>
<ownerDesignName>BANCO_V2</ownerDesignName>
<deleteRule>NO ACTION</deleteRule>
<referredTableID>95C10D4A-1B47-0CC0-A7F2-A53E26434E63</referredTableID>
<keyObject>B43CE6C8-E6A5-B43B-6BAF-6277F97B280C</keyObject>
<referredKeyID>B43CE6C8-E6A5-B43B-6BAF-6277F97B280C</referredKeyID>
<mandatory>true</mandatory>
<transferable>true</transferable>
<rely>false</rely>
<columnDependencyConstraintGenerateInDDL>true</columnDependencyConstraintGenerateInDDL>
</FKIndexAssociation>