<?xml version = '1.0' encoding = 'UTF-8'?>
<FKIndexAssociation class="oracle.dbtools.crest.model.design.relational.FKIndexAssociation" directorySegmentName="seg_0" id="170D1EF3-5187-818C-11C3-0AB639274A98" containerWithKeyObject="8F578FDE-071A-2872-9344-E91E50B59DA4" localFKIndex="DCDF3FAB-1342-F42C-206D-7EDA989338C7" name="T_VFC_TELEFONE_T_VFC_TIPO_FONE_FK">
<createdBy>logonrm</createdBy>
<createdTime>2017-09-21 12:01:12 UTC</createdTime>
<generatorID>2AC1B058-0899-EED6-CBA5-B9AE43D86729</generatorID>
<ownerDesignName>BANCO_V2</ownerDesignName>
<deleteRule>NO ACTION</deleteRule>
<referredTableID>2F599968-6E93-CD4E-0175-E3D0FFCF6287</referredTableID>
<keyObject>86F0B700-8A30-E393-35B5-E82A37185943</keyObject>
<referredKeyID>86F0B700-8A30-E393-35B5-E82A37185943</referredKeyID>
<mandatory>true</mandatory>
<transferable>true</transferable>
<rely>false</rely>
<columnDependencyConstraintGenerateInDDL>true</columnDependencyConstraintGenerateInDDL>
</FKIndexAssociation>