<?xml version = '1.0' encoding = 'UTF-8'?>
<FKIndexAssociation class="oracle.dbtools.crest.model.design.relational.FKIndexAssociation" directorySegmentName="seg_0" id="2F924952-1A5C-AD00-660A-0CA5AD7FDE4A" containerWithKeyObject="B8AD4610-1CF7-34A8-77CA-D8A21A90C9CE" localFKIndex="8E40F267-F94C-84E8-4C52-91AAA9FEDA0C" name="T_VFC_MOVIM_ESTOQUE_T_VFC_ESTOQUE_FK">
<createdBy>logonrm</createdBy>
<createdTime>2017-09-21 12:01:12 UTC</createdTime>
<generatorID>C7ABFB0A-7475-AB59-C8A1-17B4AC540FCD</generatorID>
<ownerDesignName>BANCO_V2</ownerDesignName>
<deleteRule>NO ACTION</deleteRule>
<referredTableID>722478DF-575D-D0AC-4C18-1307BAB8C978</referredTableID>
<keyObject>0F0B37F6-57ED-D7A5-4C06-3ED91AF9AD6B</keyObject>
<referredKeyID>0F0B37F6-57ED-D7A5-4C06-3ED91AF9AD6B</referredKeyID>
<mandatory>true</mandatory>
<transferable>true</transferable>
<rely>false</rely>
<columnDependencyConstraintGenerateInDDL>true</columnDependencyConstraintGenerateInDDL>
</FKIndexAssociation>