<?xml version = '1.0' encoding = 'UTF-8'?>
<FKIndexAssociation class="oracle.dbtools.crest.model.design.relational.FKIndexAssociation" directorySegmentName="seg_0" id="3C0C1C23-60B7-DF5D-7A62-5D46D4FD8B77" containerWithKeyObject="8CE4A8C9-4E8B-5A2A-10F6-AF51ADCC90DA" localFKIndex="E8575C09-EC4F-B3F4-ADD3-52673A52109A" name="T_VFC_PESSOA_ENDE_T_VFC_ENDERECO_FK">
<createdBy>logonrm</createdBy>
<createdTime>2017-09-21 12:01:12 UTC</createdTime>
<generatorID>F51A8950-1766-01E0-A713-BA4BF188EFC1</generatorID>
<ownerDesignName>BANCO_V2</ownerDesignName>
<deleteRule>NO ACTION</deleteRule>
<referredTableID>6088070C-D2B3-F326-B518-F172EBF481B6</referredTableID>
<keyObject>01CE3AFD-3218-62C9-3C8B-B587F0DFD472</keyObject>
<referredKeyID>01CE3AFD-3218-62C9-3C8B-B587F0DFD472</referredKeyID>
<mandatory>true</mandatory>
<transferable>true</transferable>
<rely>false</rely>
<columnDependencyConstraintGenerateInDDL>true</columnDependencyConstraintGenerateInDDL>
</FKIndexAssociation>