<?xml version = '1.0' encoding = 'UTF-8'?>
<FKIndexAssociation class="oracle.dbtools.crest.model.design.relational.FKIndexAssociation" directorySegmentName="seg_0" id="5CA7510D-80F1-F382-7AEF-FE987B77362F" containerWithKeyObject="2F599968-6E93-CD4E-0175-E3D0FFCF6287" localFKIndex="F04CB643-511D-F2B2-FDB2-5EF1507E27CC" name="T_VFC_TIPO_FONE_T_VFC_PESSOA_FK">
<createdBy>logonrm</createdBy>
<createdTime>2017-09-21 12:01:12 UTC</createdTime>
<generatorID>EED20A65-287C-425A-7B9E-BAA922508A12</generatorID>
<ownerDesignName>BANCO_V2</ownerDesignName>
<deleteRule>NO ACTION</deleteRule>
<referredTableID>B007C825-D511-1C39-51F3-1827E3A0FDF4</referredTableID>
<keyObject>BF3F6797-1EF9-918A-1F76-598B61B28412</keyObject>
<referredKeyID>BF3F6797-1EF9-918A-1F76-598B61B28412</referredKeyID>
<mandatory>true</mandatory>
<transferable>true</transferable>
<rely>false</rely>
<columnDependencyConstraintGenerateInDDL>true</columnDependencyConstraintGenerateInDDL>
</FKIndexAssociation>