<?xml version = '1.0' encoding = 'UTF-8'?>
<FKIndexAssociation class="oracle.dbtools.crest.model.design.relational.FKIndexAssociation" directorySegmentName="seg_0" id="82DBC4B5-64D1-FF46-37F7-C25A13DF4729" containerWithKeyObject="B40A12F8-8A21-D9C6-1CF9-A69B998E6019" localFKIndex="7882A1D6-E31D-FF31-A2EE-BA269062AA03" name="T_VFC_FORNECEDOR_T_VFC_PESSOA_JURIDICA_FK">
<createdBy>logonrm</createdBy>
<createdTime>2017-09-21 12:01:12 UTC</createdTime>
<generatorID>027D0B0B-14C2-2696-EFFD-CB1FA713C558</generatorID>
<ownerDesignName>BANCO_V2</ownerDesignName>
<deleteRule>NO ACTION</deleteRule>
<referredTableID>4131E675-280C-C3AB-296A-7FBE59B1EFB0</referredTableID>
<keyObject>74443D34-F381-0694-C022-5D3183DBCF86</keyObject>
<referredKeyID>74443D34-F381-0694-C022-5D3183DBCF86</referredKeyID>
<mandatory>true</mandatory>
<transferable>true</transferable>
<rely>false</rely>
<columnDependencyConstraintGenerateInDDL>true</columnDependencyConstraintGenerateInDDL>
</FKIndexAssociation>