<?xml version = '1.0' encoding = 'UTF-8'?>
<FKIndexAssociation class="oracle.dbtools.crest.model.design.relational.FKIndexAssociation" directorySegmentName="seg_0" id="8B2F700C-5D86-5906-74A5-890B307376AC" containerWithKeyObject="7DE18DF1-3701-B0C9-0A53-CB52695105BF" localFKIndex="1E09CF0D-D109-DA27-89AD-429E3892972C" name="T_VFC_COMPOSICAO_PROD_T_VFC_PRODUTO_FK">
<createdBy>logonrm</createdBy>
<createdTime>2017-09-21 12:01:12 UTC</createdTime>
<generatorID>974E7849-7700-488F-5366-069CF6C0CCE7</generatorID>
<ownerDesignName>BANCO_V2</ownerDesignName>
<deleteRule>NO ACTION</deleteRule>
<referredTableID>95C10D4A-1B47-0CC0-A7F2-A53E26434E63</referredTableID>
<keyObject>B43CE6C8-E6A5-B43B-6BAF-6277F97B280C</keyObject>
<referredKeyID>B43CE6C8-E6A5-B43B-6BAF-6277F97B280C</referredKeyID>
<mandatory>true</mandatory>
<transferable>true</transferable>
<rely>false</rely>
<columnDependencyConstraintGenerateInDDL>true</columnDependencyConstraintGenerateInDDL>
</FKIndexAssociation>