<?xml version = '1.0' encoding = 'UTF-8'?>
<FKIndexAssociation class="oracle.dbtools.crest.model.design.relational.FKIndexAssociation" directorySegmentName="seg_0" id="91AFE58D-40B4-C8FE-4533-EA5C860C53C5" containerWithKeyObject="DC91BC72-CCFC-A597-9AC4-B4AAE7BAD4A3" localFKIndex="940454FC-5EBF-B0FA-19D6-1655272B9BA1" name="T_VFC_ARM_MAT_T_VFC_ARMAZEM_FK">
<createdBy>logonrm</createdBy>
<createdTime>2017-09-21 12:01:12 UTC</createdTime>
<generatorID>9675815A-5C82-68C1-6C71-C28596619576</generatorID>
<ownerDesignName>BANCO_V2</ownerDesignName>
<deleteRule>NO ACTION</deleteRule>
<referredTableID>5C2CDCBE-6643-129B-3E6A-605706E29FE6</referredTableID>
<keyObject>01C6D552-3CDD-8038-A4E3-368E56CDE02A</keyObject>
<referredKeyID>01C6D552-3CDD-8038-A4E3-368E56CDE02A</referredKeyID>
<mandatory>true</mandatory>
<transferable>true</transferable>
<rely>false</rely>
<columnDependencyConstraintGenerateInDDL>true</columnDependencyConstraintGenerateInDDL>
</FKIndexAssociation>