<?xml version = '1.0' encoding = 'UTF-8'?>
<FKIndexAssociation class="oracle.dbtools.crest.model.design.relational.FKIndexAssociation" directorySegmentName="seg_0" id="9957E2E8-531E-44ED-C29F-7F8D18DADA6C" containerWithKeyObject="CDBEB10D-F79B-46E2-9AFB-3E2DED3BDC0E" localFKIndex="24CB336E-D73C-DF97-DA98-2A1F069365E4" name="T_VFC_PRODUCAO_T_VFC_ORDEM_PRODUCAO_FK">
<createdBy>logonrm</createdBy>
<createdTime>2017-09-21 12:01:12 UTC</createdTime>
<generatorID>F026754F-C0FB-1693-315C-E4B464301DD3</generatorID>
<ownerDesignName>BANCO_V2</ownerDesignName>
<deleteRule>NO ACTION</deleteRule>
<referredTableID>24DBE33F-1887-5EE8-CE26-8C1C7DD19126</referredTableID>
<keyObject>60EDDF93-2D33-248D-A870-E4682E09E5B0</keyObject>
<referredKeyID>60EDDF93-2D33-248D-A870-E4682E09E5B0</referredKeyID>
<mandatory>true</mandatory>
<transferable>true</transferable>
<rely>false</rely>
<columnDependencyConstraintGenerateInDDL>true</columnDependencyConstraintGenerateInDDL>
</FKIndexAssociation>