<?xml version = '1.0' encoding = 'UTF-8'?>
<FKIndexAssociation class="oracle.dbtools.crest.model.design.relational.FKIndexAssociation" directorySegmentName="seg_0" id="9F20C402-BE4B-12A4-7373-F51015C536A0" containerWithKeyObject="24DBE33F-1887-5EE8-CE26-8C1C7DD19126" localFKIndex="1AA78923-1589-1E52-EBB8-8070C274C9A1" name="T_VFC_ORDEM_PRODUCAO_T_VFC_ESTOQUE_FK">
<createdBy>logonrm</createdBy>
<createdTime>2017-09-21 12:01:12 UTC</createdTime>
<generatorID>98EFD32E-B791-323B-D6EB-A4998D8B285F</generatorID>
<ownerDesignName>BANCO_V2</ownerDesignName>
<deleteRule>NO ACTION</deleteRule>
<referredTableID>722478DF-575D-D0AC-4C18-1307BAB8C978</referredTableID>
<keyObject>0F0B37F6-57ED-D7A5-4C06-3ED91AF9AD6B</keyObject>
<referredKeyID>0F0B37F6-57ED-D7A5-4C06-3ED91AF9AD6B</referredKeyID>
<mandatory>true</mandatory>
<transferable>true</transferable>
<rely>false</rely>
<columnDependencyConstraintGenerateInDDL>true</columnDependencyConstraintGenerateInDDL>
</FKIndexAssociation>