<?xml version = '1.0' encoding = 'UTF-8'?>
<FKIndexAssociation class="oracle.dbtools.crest.model.design.relational.FKIndexAssociation" directorySegmentName="seg_0" id="A3E91CA2-A87D-28B9-992A-D07EEB4B278F" containerWithKeyObject="87AB2012-2A7F-6278-0FA5-83F5187BAC43" localFKIndex="C965C863-C26F-39F5-85E3-5EFD5A9F71BE" name="T_VFC_FUNCIONARIO_T_VFC_DEPARTAMENTO_FK">
<createdBy>logonrm</createdBy>
<createdTime>2017-09-21 12:01:12 UTC</createdTime>
<generatorID>B24F6DDB-AD6A-6FA3-009E-03D07925B38C</generatorID>
<ownerDesignName>BANCO_V2</ownerDesignName>
<deleteRule>NO ACTION</deleteRule>
<referredTableID>3DB50617-2D00-3676-DFC4-8185CEDD10BB</referredTableID>
<keyObject>922584EA-C0D0-0854-7262-4E23EE49DCB0</keyObject>
<referredKeyID>922584EA-C0D0-0854-7262-4E23EE49DCB0</referredKeyID>
<mandatory>true</mandatory>
<transferable>true</transferable>
<rely>false</rely>
<columnDependencyConstraintGenerateInDDL>true</columnDependencyConstraintGenerateInDDL>
</FKIndexAssociation>