<?xml version = '1.0' encoding = 'UTF-8'?>
<FKIndexAssociation class="oracle.dbtools.crest.model.design.relational.FKIndexAssociation" directorySegmentName="seg_0" id="A669254A-AD8C-21C0-BAE8-E0DDC317D07F" containerWithKeyObject="D6670F7F-8B02-FA07-094F-3F40725590AE" localFKIndex="104D8835-DA95-A906-B185-E5918E58A362" name="T_VFC_FORNECIMENTO_MP_T_VFC_MATERIA_PRIMA_FK">
<createdBy>logonrm</createdBy>
<createdTime>2017-09-21 12:01:12 UTC</createdTime>
<generatorID>FE36E522-53BC-BB3D-5C97-42A39FD35B65</generatorID>
<ownerDesignName>BANCO_V2</ownerDesignName>
<deleteRule>NO ACTION</deleteRule>
<referredTableID>24E9DB02-7601-DECB-B706-2C7D2D884959</referredTableID>
<keyObject>7FC5FCD0-B0BD-1F72-BD8D-C97A4CCB4C17</keyObject>
<referredKeyID>7FC5FCD0-B0BD-1F72-BD8D-C97A4CCB4C17</referredKeyID>
<mandatory>true</mandatory>
<transferable>true</transferable>
<rely>false</rely>
<columnDependencyConstraintGenerateInDDL>true</columnDependencyConstraintGenerateInDDL>
</FKIndexAssociation>