<?xml version = '1.0' encoding = 'UTF-8'?>
<FKIndexAssociation class="oracle.dbtools.crest.model.design.relational.FKIndexAssociation" directorySegmentName="seg_0" id="A899EAD3-9290-2E1F-B356-01559E847910" containerWithKeyObject="B007C825-D511-1C39-51F3-1827E3A0FDF4" localFKIndex="3B55C813-A8F0-D325-0E7C-BD712096BE95" name="T_VFC_PESSOA_T_VFC_NOTA_FISCAL_FK">
<createdBy>logonrm</createdBy>
<createdTime>2017-09-21 12:01:12 UTC</createdTime>
<generatorID>BCAD85B5-C9F0-2F0F-BD7A-2300539FFA02</generatorID>
<ownerDesignName>BANCO_V2</ownerDesignName>
<deleteRule>NO ACTION</deleteRule>
<referredTableID>45735231-7358-DC2B-4D0E-35C2D1E701E7</referredTableID>
<keyObject>37245B78-83AB-94C3-B033-3D0205B89EA8</keyObject>
<referredKeyID>37245B78-83AB-94C3-B033-3D0205B89EA8</referredKeyID>
<mandatory>true</mandatory>
<transferable>true</transferable>
<rely>false</rely>
<columnDependencyConstraintGenerateInDDL>true</columnDependencyConstraintGenerateInDDL>
</FKIndexAssociation>