<?xml version = '1.0' encoding = 'UTF-8'?>
<FKIndexAssociation class="oracle.dbtools.crest.model.design.relational.FKIndexAssociation" directorySegmentName="seg_0" id="B10CB0F5-39C0-D811-5F95-5105FB60B333" containerWithKeyObject="D6670F7F-8B02-FA07-094F-3F40725590AE" localFKIndex="C2A5B63A-3F1C-B655-3703-1E078B0EA691" name="T_VFC_FORNECIMENTO_MP_T_VFC_HIST_MP_FK">
<createdBy>logonrm</createdBy>
<createdTime>2017-09-21 12:01:12 UTC</createdTime>
<generatorID>E5C1B9DC-4CC7-7C48-4BD2-B94FC87F81C0</generatorID>
<ownerDesignName>BANCO_V2</ownerDesignName>
<deleteRule>NO ACTION</deleteRule>
<referredTableID>121F70E6-FC6E-67C2-31C9-E36610CBECF1</referredTableID>
<keyObject>9DB82B23-7874-C1CB-B0B6-E7FBBC24D350</keyObject>
<referredKeyID>9DB82B23-7874-C1CB-B0B6-E7FBBC24D350</referredKeyID>
<mandatory>true</mandatory>
<transferable>true</transferable>
<rely>false</rely>
<columnDependencyConstraintGenerateInDDL>true</columnDependencyConstraintGenerateInDDL>
</FKIndexAssociation>