<?xml version = '1.0' encoding = 'UTF-8'?>
<FKIndexAssociation class="oracle.dbtools.crest.model.design.relational.FKIndexAssociation" directorySegmentName="seg_0" id="B111DAEC-79FA-AF78-866D-52688290A60A" containerWithKeyObject="87AB2012-2A7F-6278-0FA5-83F5187BAC43" localFKIndex="9A105D43-4FF0-04BB-29CD-CAAC7E1DDF83" name="T_VFC_FUNCIONARIO_T_VFC_PESSOA_FK">
<createdBy>logonrm</createdBy>
<createdTime>2017-09-21 12:01:12 UTC</createdTime>
<generatorID>C5C41FE6-128F-B48E-A5CE-CDC2AFFE5CC2</generatorID>
<ownerDesignName>BANCO_V2</ownerDesignName>
<deleteRule>NO ACTION</deleteRule>
<referredTableID>B007C825-D511-1C39-51F3-1827E3A0FDF4</referredTableID>
<keyObject>BF3F6797-1EF9-918A-1F76-598B61B28412</keyObject>
<referredKeyID>BF3F6797-1EF9-918A-1F76-598B61B28412</referredKeyID>
<mandatory>true</mandatory>
<transferable>true</transferable>
<rely>false</rely>
<columnDependencyConstraintGenerateInDDL>true</columnDependencyConstraintGenerateInDDL>
</FKIndexAssociation>