<?xml version = '1.0' encoding = 'UTF-8'?>
<FKIndexAssociation class="oracle.dbtools.crest.model.design.relational.FKIndexAssociation" directorySegmentName="seg_0" id="B67AD690-A247-A562-6AF1-3BC4392669A4" containerWithKeyObject="591F7A71-D465-B521-1375-BFA3C2068B17" localFKIndex="887B6DD7-C0F5-2B60-0D1C-2D95922F4BD8" name="T_VFC_BAIRRO_T_VFC_CIDADE_FK">
<createdBy>logonrm</createdBy>
<createdTime>2017-09-21 12:01:12 UTC</createdTime>
<generatorID>B3CE161B-9FFE-0D59-149E-0D27C6D5665D</generatorID>
<ownerDesignName>BANCO_V2</ownerDesignName>
<deleteRule>NO ACTION</deleteRule>
<referredTableID>E764D650-FA2C-D15F-964F-8E673BB43317</referredTableID>
<keyObject>CA753198-0562-F76A-2D79-4C4E9118A166</keyObject>
<referredKeyID>CA753198-0562-F76A-2D79-4C4E9118A166</referredKeyID>
<mandatory>true</mandatory>
<transferable>true</transferable>
<rely>false</rely>
<columnDependencyConstraintGenerateInDDL>true</columnDependencyConstraintGenerateInDDL>
</FKIndexAssociation>