<?xml version = '1.0' encoding = 'UTF-8'?>
<FKIndexAssociation class="oracle.dbtools.crest.model.design.relational.FKIndexAssociation" directorySegmentName="seg_0" id="C042CA1B-A042-B6AD-9677-E41854166558" containerWithKeyObject="0B4817CA-89FA-828B-04A7-C5FEE6F26E43" localFKIndex="BCD9B36D-2595-AD42-FEE6-DA5B109F154B" name="T_VFC_PESSOA_FISICA_T_VFC_PESSOA_FK">
<createdBy>logonrm</createdBy>
<createdTime>2017-09-21 12:01:12 UTC</createdTime>
<generatorID>9E632964-D631-6AC7-9FBA-11A861D3DD75</generatorID>
<ownerDesignName>BANCO_V2</ownerDesignName>
<arc>5162AFE8-9275-E8D7-157E-7E86BC7609A1</arc>
<deleteRule>NO ACTION</deleteRule>
<referredTableID>B007C825-D511-1C39-51F3-1827E3A0FDF4</referredTableID>
<keyObject>BF3F6797-1EF9-918A-1F76-598B61B28412</keyObject>
<referredKeyID>BF3F6797-1EF9-918A-1F76-598B61B28412</referredKeyID>
<mandatory>true</mandatory>
<transferable>true</transferable>
<rely>false</rely>
<columnDependencyConstraintGenerateInDDL>true</columnDependencyConstraintGenerateInDDL>
</FKIndexAssociation>