<?xml version = '1.0' encoding = 'UTF-8'?>
<FKIndexAssociation class="oracle.dbtools.crest.model.design.relational.FKIndexAssociation" directorySegmentName="seg_0" id="C2852DA1-3C56-01A5-3EF0-355E9F29AFBF" containerWithKeyObject="9DDCB394-3E04-AC8F-74B5-5353A34FAC76" localFKIndex="F9FCD93B-3A10-5AEC-5320-5DC5203599FA" name="T_VFC_FUNC_PRODUCAO_T_VFC_FUNCIONARIO_FK">
<createdBy>logonrm</createdBy>
<createdTime>2017-09-21 12:01:12 UTC</createdTime>
<generatorID>484C8651-3EE8-40CB-2838-B7D84DF50B0E</generatorID>
<ownerDesignName>BANCO_V2</ownerDesignName>
<deleteRule>NO ACTION</deleteRule>
<referredTableID>87AB2012-2A7F-6278-0FA5-83F5187BAC43</referredTableID>
<keyObject>9E81E2F6-67EC-F41C-B163-87C554D99224</keyObject>
<referredKeyID>9E81E2F6-67EC-F41C-B163-87C554D99224</referredKeyID>
<mandatory>true</mandatory>
<transferable>true</transferable>
<rely>false</rely>
<columnDependencyConstraintGenerateInDDL>true</columnDependencyConstraintGenerateInDDL>
</FKIndexAssociation>