<?xml version = '1.0' encoding = 'UTF-8'?>
<FKIndexAssociation class="oracle.dbtools.crest.model.design.relational.FKIndexAssociation" directorySegmentName="seg_0" id="C36318E1-5993-B1D0-BF7E-586B70B845E1" containerWithKeyObject="DB01CC49-953B-61BE-81C7-FD6615FADD62" localFKIndex="70A4FDFC-6DAA-913C-9F59-50968FC4FAD5" name="T_VFC_DEPOSITAR_PATIO_T_VFC_PRODUCAO_FK">
<createdBy>logonrm</createdBy>
<createdTime>2017-09-21 12:01:12 UTC</createdTime>
<generatorID>5C50AEAF-D11D-D20D-B106-29D5FC729C24</generatorID>
<ownerDesignName>BANCO_V2</ownerDesignName>
<deleteRule>NO ACTION</deleteRule>
<referredTableID>CDBEB10D-F79B-46E2-9AFB-3E2DED3BDC0E</referredTableID>
<keyObject>C61430C4-0151-E9F2-D9FC-228B966B26FB</keyObject>
<referredKeyID>C61430C4-0151-E9F2-D9FC-228B966B26FB</referredKeyID>
<mandatory>true</mandatory>
<transferable>true</transferable>
<rely>false</rely>
<columnDependencyConstraintGenerateInDDL>true</columnDependencyConstraintGenerateInDDL>
</FKIndexAssociation>