<?xml version = '1.0' encoding = 'UTF-8'?>
<FKIndexAssociation class="oracle.dbtools.crest.model.design.relational.FKIndexAssociation" directorySegmentName="seg_0" id="C44F5455-83C4-5354-026F-0453A7CD2703" containerWithKeyObject="4131E675-280C-C3AB-296A-7FBE59B1EFB0" localFKIndex="24C8575A-A985-C2B5-DE67-2CA42244066B" name="T_VFC_PESSOA_JURIDICA_T_VFC_PESSOA_FK">
<createdBy>logonrm</createdBy>
<createdTime>2017-09-21 12:01:12 UTC</createdTime>
<generatorID>CE521DA5-393C-F6C2-B6AE-972164439751</generatorID>
<ownerDesignName>BANCO_V2</ownerDesignName>
<arc>5162AFE8-9275-E8D7-157E-7E86BC7609A1</arc>
<deleteRule>NO ACTION</deleteRule>
<referredTableID>B007C825-D511-1C39-51F3-1827E3A0FDF4</referredTableID>
<keyObject>BF3F6797-1EF9-918A-1F76-598B61B28412</keyObject>
<referredKeyID>BF3F6797-1EF9-918A-1F76-598B61B28412</referredKeyID>
<mandatory>true</mandatory>
<transferable>true</transferable>
<rely>false</rely>
<columnDependencyConstraintGenerateInDDL>true</columnDependencyConstraintGenerateInDDL>
</FKIndexAssociation>