<?xml version = '1.0' encoding = 'UTF-8'?>
<FKIndexAssociation class="oracle.dbtools.crest.model.design.relational.FKIndexAssociation" directorySegmentName="seg_0" id="E189F6BD-E18A-4036-8441-D4A620D49C10" containerWithKeyObject="45735231-7358-DC2B-4D0E-35C2D1E701E7" localFKIndex="D6538AA2-B708-5C92-1F97-880223066211" name="T_VFC_NOTA_FISCAL_T_VFC_PEDIDO_VENDA_FK">
<createdBy>logonrm</createdBy>
<createdTime>2017-09-21 12:01:12 UTC</createdTime>
<generatorID>09BEFE8B-8E29-AAAF-E633-4CB93E687C3A</generatorID>
<ownerDesignName>BANCO_V2</ownerDesignName>
<deleteRule>NO ACTION</deleteRule>
<referredTableID>9BB1541A-6ADF-8FD5-387C-4FB56DDC59F1</referredTableID>
<keyObject>968F2BF0-5792-BF33-848B-6D787EB80B34</keyObject>
<referredKeyID>968F2BF0-5792-BF33-848B-6D787EB80B34</referredKeyID>
<mandatory>true</mandatory>
<transferable>true</transferable>
<rely>false</rely>
<columnDependencyConstraintGenerateInDDL>true</columnDependencyConstraintGenerateInDDL>
</FKIndexAssociation>