<?xml version = '1.0' encoding = 'UTF-8'?>
<FKIndexAssociation class="oracle.dbtools.crest.model.design.relational.FKIndexAssociation" directorySegmentName="seg_0" id="F8C00734-57E1-BCB1-41E0-30F86CA9227E" containerWithKeyObject="8CE4A8C9-4E8B-5A2A-10F6-AF51ADCC90DA" localFKIndex="D5C31B9C-26F8-5F2D-589E-778D0CD267D3" name="T_VFC_PESSOA_ENDE_T_VFC_PESSOA_FK">
<createdBy>logonrm</createdBy>
<createdTime>2017-09-21 12:01:12 UTC</createdTime>
<generatorID>A8C7053D-786B-3FE1-C3AE-E8680646F02D</generatorID>
<ownerDesignName>BANCO_V2</ownerDesignName>
<deleteRule>NO ACTION</deleteRule>
<referredTableID>B007C825-D511-1C39-51F3-1827E3A0FDF4</referredTableID>
<keyObject>BF3F6797-1EF9-918A-1F76-598B61B28412</keyObject>
<referredKeyID>BF3F6797-1EF9-918A-1F76-598B61B28412</referredKeyID>
<mandatory>true</mandatory>
<transferable>true</transferable>
<rely>false</rely>
<columnDependencyConstraintGenerateInDDL>true</columnDependencyConstraintGenerateInDDL>
</FKIndexAssociation>