<?xml version = '1.0' encoding = 'UTF-8'?>
<FKIndexAssociation class="oracle.dbtools.crest.model.design.relational.FKIndexAssociation" directorySegmentName="seg_0" id="21ACFC11-AEBF-C237-6083-BA3D5F17537B" containerWithKeyObject="6088070C-D2B3-F326-B518-F172EBF481B6" localFKIndex="8A5CB0AD-7467-6EEB-11ED-6D670CC6AC8E" name="FK_VFC_ENDERECO_TIPO_LOG">
<createdBy>logonrm</createdBy>
<createdTime>2017-09-21 12:01:12 UTC</createdTime>
<generatorID>7263A996-FF16-E519-09DF-809EFDA364AA</generatorID>
<ownerDesignName>banco</ownerDesignName>
<deleteRule>NO ACTION</deleteRule>
<referredTableID>47B22645-AF56-F842-BD0E-1D7BF8618698</referredTableID>
<keyObject>E7CCEDB6-8147-F193-0528-3421404F98DA</keyObject>
<referredKeyID>E7CCEDB6-8147-F193-0528-3421404F98DA</referredKeyID>
<mandatory>true</mandatory>
<transferable>true</transferable>
<rely>false</rely>
<columnDependencyConstraintGenerateInDDL>true</columnDependencyConstraintGenerateInDDL>
</FKIndexAssociation>