<?xml version = '1.0' encoding = 'UTF-8'?>
<FKIndexAssociation class="oracle.dbtools.crest.model.design.relational.FKIndexAssociation" directorySegmentName="seg_0" id="2F19C4DD-0AB7-3830-13D3-4E996B4FA59B" containerWithKeyObject="D6670F7F-8B02-FA07-094F-3F40725590AE" localFKIndex="2A8600FF-1089-203F-04CE-4AEEE1FA44CE" name="FK_VFC_FORNECIMENTO_MP_FORN">
<createdBy>logonrm</createdBy>
<createdTime>2017-09-21 12:01:12 UTC</createdTime>
<generatorID>142FD289-C7F8-0D5D-ED19-72324271B26E</generatorID>
<ownerDesignName>banco</ownerDesignName>
<deleteRule>NO ACTION</deleteRule>
<referredTableID>B40A12F8-8A21-D9C6-1CF9-A69B998E6019</referredTableID>
<keyObject>DF3079FB-267C-0E2C-1AF5-8CD5251003F8</keyObject>
<referredKeyID>DF3079FB-267C-0E2C-1AF5-8CD5251003F8</referredKeyID>
<mandatory>true</mandatory>
<transferable>true</transferable>
<rely>false</rely>
<columnDependencyConstraintGenerateInDDL>true</columnDependencyConstraintGenerateInDDL>
</FKIndexAssociation>