<?xml version = '1.0' encoding = 'UTF-8'?>
<FKIndexAssociation class="oracle.dbtools.crest.model.design.relational.FKIndexAssociation" directorySegmentName="seg_0" id="42DF60F3-28B1-FD80-C683-36492E7CF283" containerWithKeyObject="7DE18DF1-3701-B0C9-0A53-CB52695105BF" localFKIndex="3BB0C067-059A-3EE9-A851-6893D5C20195" name="FK_VFC_COMPOSICAO_PROD_M_P">
<createdBy>logonrm</createdBy>
<createdTime>2017-09-21 12:01:12 UTC</createdTime>
<generatorID>BCF696DF-5B93-C178-7B25-C6176581A434</generatorID>
<ownerDesignName>banco</ownerDesignName>
<deleteRule>NO ACTION</deleteRule>
<referredTableID>24E9DB02-7601-DECB-B706-2C7D2D884959</referredTableID>
<keyObject>7FC5FCD0-B0BD-1F72-BD8D-C97A4CCB4C17</keyObject>
<referredKeyID>7FC5FCD0-B0BD-1F72-BD8D-C97A4CCB4C17</referredKeyID>
<mandatory>true</mandatory>
<transferable>true</transferable>
<rely>false</rely>
<columnDependencyConstraintGenerateInDDL>true</columnDependencyConstraintGenerateInDDL>
</FKIndexAssociation>