<?xml version = '1.0' encoding = 'UTF-8'?>
<FKIndexAssociation class="oracle.dbtools.crest.model.design.relational.FKIndexAssociation" directorySegmentName="seg_0" id="59AB4571-60FF-AA95-3AE4-1E69BCDD7C29" containerWithKeyObject="B8AD4610-1CF7-34A8-77CA-D8A21A90C9CE" localFKIndex="CA929D4F-F22C-8529-673F-08F569219856" name="FK_VFC_MOVIM_ESTOQUE_PATIO">
<createdBy>logonrm</createdBy>
<createdTime>2017-09-21 12:01:12 UTC</createdTime>
<generatorID>353C3C95-A11D-84DA-6798-F1125CF7D11D</generatorID>
<ownerDesignName>banco</ownerDesignName>
<deleteRule>NO ACTION</deleteRule>
<referredTableID>6645F73A-A941-EC24-3EE3-F7BD077D4D3A</referredTableID>
<keyObject>790ADD2D-4B2A-B389-56E1-6BA068B72051</keyObject>
<referredKeyID>790ADD2D-4B2A-B389-56E1-6BA068B72051</referredKeyID>
<mandatory>true</mandatory>
<transferable>true</transferable>
<rely>false</rely>
<columnDependencyConstraintGenerateInDDL>true</columnDependencyConstraintGenerateInDDL>
</FKIndexAssociation>