<?xml version = '1.0' encoding = 'UTF-8'?>
<FKIndexAssociation class="oracle.dbtools.crest.model.design.relational.FKIndexAssociation" directorySegmentName="seg_0" id="6292B0F4-4241-9CF8-91C0-38514FADFCF4" containerWithKeyObject="CB2A4BF1-FF8A-726B-4E61-E2511705DA14" localFKIndex="6701A996-0BEC-11E3-9B0C-BBA4A6929311" name="FK_VFC_HIST_PROD">
<createdBy>logonrm</createdBy>
<createdTime>2017-09-21 12:01:12 UTC</createdTime>
<generatorID>098423A7-E573-78C1-80A3-4F4072D43FDA</generatorID>
<ownerDesignName>banco</ownerDesignName>
<deleteRule>NO ACTION</deleteRule>
<referredTableID>95C10D4A-1B47-0CC0-A7F2-A53E26434E63</referredTableID>
<keyObject>B43CE6C8-E6A5-B43B-6BAF-6277F97B280C</keyObject>
<referredKeyID>B43CE6C8-E6A5-B43B-6BAF-6277F97B280C</referredKeyID>
<mandatory>true</mandatory>
<transferable>true</transferable>
<rely>false</rely>
<columnDependencyConstraintGenerateInDDL>true</columnDependencyConstraintGenerateInDDL>
</FKIndexAssociation>