<?xml version = '1.0' encoding = 'UTF-8'?>
<FKIndexAssociation class="oracle.dbtools.crest.model.design.relational.FKIndexAssociation" directorySegmentName="seg_0" id="8A7C6BE6-AE2A-5238-3A23-215D8232343B" containerWithKeyObject="A2592B1A-BD7E-2ABC-1420-313C7B44FBBD" localFKIndex="4AC23627-03B5-B4BA-3B13-32E8B54544A7" name="FK_VFC_ARMA_ENDE_ARMAZEM">
<createdBy>logonrm</createdBy>
<createdTime>2017-09-21 12:01:12 UTC</createdTime>
<generatorID>E033C7DE-E97E-72FA-15B3-2F7CECABAF83</generatorID>
<ownerDesignName>banco</ownerDesignName>
<deleteRule>NO ACTION</deleteRule>
<referredTableID>5C2CDCBE-6643-129B-3E6A-605706E29FE6</referredTableID>
<keyObject>01C6D552-3CDD-8038-A4E3-368E56CDE02A</keyObject>
<referredKeyID>01C6D552-3CDD-8038-A4E3-368E56CDE02A</referredKeyID>
<mandatory>true</mandatory>
<transferable>true</transferable>
<rely>false</rely>
<columnDependencyConstraintGenerateInDDL>true</columnDependencyConstraintGenerateInDDL>
</FKIndexAssociation>