<?xml version = '1.0' encoding = 'UTF-8'?>
<FKIndexAssociation class="oracle.dbtools.crest.model.design.relational.FKIndexAssociation" directorySegmentName="seg_0" id="9238F196-5144-0444-17B4-EE00B14F5F98" containerWithKeyObject="E764D650-FA2C-D15F-964F-8E673BB43317" localFKIndex="BB7F5A5F-CC8F-583C-DC24-C8075E4572A2" name="FK_VFC_CIDADE_ESTADO">
<createdBy>logonrm</createdBy>
<createdTime>2017-09-21 12:01:12 UTC</createdTime>
<generatorID>C8CD68AD-94FB-5F54-A72E-EA09485F25D2</generatorID>
<ownerDesignName>banco</ownerDesignName>
<deleteRule>NO ACTION</deleteRule>
<referredTableID>5A624E54-EC08-9439-BBCC-601ED771756C</referredTableID>
<keyObject>4ACAF7FB-7A4E-DF88-DAEE-60CC2E907E00</keyObject>
<referredKeyID>4ACAF7FB-7A4E-DF88-DAEE-60CC2E907E00</referredKeyID>
<mandatory>true</mandatory>
<transferable>true</transferable>
<rely>false</rely>
<columnDependencyConstraintGenerateInDDL>true</columnDependencyConstraintGenerateInDDL>
</FKIndexAssociation>