<?xml version = '1.0' encoding = 'UTF-8'?>
<FKIndexAssociation class="oracle.dbtools.crest.model.design.relational.FKIndexAssociation" directorySegmentName="seg_0" id="B147F521-9523-650A-9100-80F1F24681CE" containerWithKeyObject="2FB76DE4-8A2A-F12D-B876-027FF748F7D6" localFKIndex="BE0793C8-09AE-4FD6-C6F6-8DFE8E26DF6C" name="FK_VFC_CLIENTE_FONE_T">
<createdBy>logonrm</createdBy>
<createdTime>2017-09-21 12:01:12 UTC</createdTime>
<generatorID>71D4591C-63BF-4BFD-F4D8-EC6FF7026311</generatorID>
<ownerDesignName>banco</ownerDesignName>
<deleteRule>NO ACTION</deleteRule>
<referredTableID>8F578FDE-071A-2872-9344-E91E50B59DA4</referredTableID>
<keyObject>EF91A90C-02EA-DF0E-9DBC-74F23A9B3E64</keyObject>
<referredKeyID>EF91A90C-02EA-DF0E-9DBC-74F23A9B3E64</referredKeyID>
<mandatory>true</mandatory>
<transferable>true</transferable>
<rely>false</rely>
<columnDependencyConstraintGenerateInDDL>true</columnDependencyConstraintGenerateInDDL>
</FKIndexAssociation>