<?xml version = '1.0' encoding = 'UTF-8'?>
<FKIndexAssociation class="oracle.dbtools.crest.model.design.relational.FKIndexAssociation" directorySegmentName="seg_0" id="CA278FA1-2F73-DFCE-3F73-79C8C6064AA1" containerWithKeyObject="A2592B1A-BD7E-2ABC-1420-313C7B44FBBD" localFKIndex="1F018143-C3E1-1A29-542F-027BB6B279B2" name="FK_VFC_ARMA_ENDE_ENDERECO">
<createdBy>logonrm</createdBy>
<createdTime>2017-09-21 12:01:12 UTC</createdTime>
<generatorID>15C2FE7D-2669-B0F4-3080-A38F3AA8B986</generatorID>
<ownerDesignName>banco</ownerDesignName>
<deleteRule>NO ACTION</deleteRule>
<referredTableID>6088070C-D2B3-F326-B518-F172EBF481B6</referredTableID>
<keyObject>01CE3AFD-3218-62C9-3C8B-B587F0DFD472</keyObject>
<referredKeyID>01CE3AFD-3218-62C9-3C8B-B587F0DFD472</referredKeyID>
<mandatory>true</mandatory>
<transferable>true</transferable>
<rely>false</rely>
<columnDependencyConstraintGenerateInDDL>true</columnDependencyConstraintGenerateInDDL>
</FKIndexAssociation>