<?xml version = '1.0' encoding = 'UTF-8'?>
<FKIndexAssociation class="oracle.dbtools.crest.model.design.relational.FKIndexAssociation" directorySegmentName="seg_0" id="17878B7B-3B1F-00F6-5E68-F9AAE04BDA3A" containerWithKeyObject="9DDCB394-3E04-AC8F-74B5-5353A34FAC76" localFKIndex="ACF67359-DA14-C86F-8E63-46650D2B88AA" name="FK_VFC_FUNC_PROD_P">
<createdBy>logonrm</createdBy>
<createdTime>2017-09-21 12:01:12 UTC</createdTime>
<generatorID>DA47ABFD-E16A-44E2-B50A-E6545D6388C1</generatorID>
<ownerDesignName>banco</ownerDesignName>
<deleteRule>NO ACTION</deleteRule>
<referredTableID>CDBEB10D-F79B-46E2-9AFB-3E2DED3BDC0E</referredTableID>
<keyObject>C61430C4-0151-E9F2-D9FC-228B966B26FB</keyObject>
<referredKeyID>C61430C4-0151-E9F2-D9FC-228B966B26FB</referredKeyID>
<mandatory>true</mandatory>
<transferable>true</transferable>
<rely>false</rely>
<columnDependencyConstraintGenerateInDDL>true</columnDependencyConstraintGenerateInDDL>
</FKIndexAssociation>