<?xml version = '1.0' encoding = 'UTF-8'?>
<FKIndexAssociation class="oracle.dbtools.crest.model.design.relational.FKIndexAssociation" directorySegmentName="seg_0" id="3547FAEA-3BD6-D08B-4CFB-1093EF164E0C" containerWithKeyObject="DC91BC72-CCFC-A597-9AC4-B4AAE7BAD4A3" localFKIndex="F17E8FB9-376C-DFDD-A6DC-696C49F25D48" name="FK_VFC_ARM_MAT_M_P">
<createdBy>logonrm</createdBy>
<createdTime>2017-09-21 12:01:12 UTC</createdTime>
<generatorID>E7523CC7-2BCC-6C35-EB2E-BA0271223B1C</generatorID>
<ownerDesignName>banco</ownerDesignName>
<deleteRule>NO ACTION</deleteRule>
<referredTableID>24E9DB02-7601-DECB-B706-2C7D2D884959</referredTableID>
<keyObject>7FC5FCD0-B0BD-1F72-BD8D-C97A4CCB4C17</keyObject>
<referredKeyID>7FC5FCD0-B0BD-1F72-BD8D-C97A4CCB4C17</referredKeyID>
<mandatory>true</mandatory>
<transferable>true</transferable>
<rely>false</rely>
<columnDependencyConstraintGenerateInDDL>true</columnDependencyConstraintGenerateInDDL>
</FKIndexAssociation>