<?xml version = '1.0' encoding = 'UTF-8'?>
<FKIndexAssociation class="oracle.dbtools.crest.model.design.relational.FKIndexAssociation" directorySegmentName="seg_0" id="5AF981E1-99BD-A96B-16AD-56E63FAEBB8D" containerWithKeyObject="45735231-7358-DC2B-4D0E-35C2D1E701E7" localFKIndex="7F13F703-A410-C221-42F9-4D078C3BFC89" name="FK_VFC_NOTA_FISCAL_CLASS_F">
<createdBy>logonrm</createdBy>
<createdTime>2017-09-21 12:01:12 UTC</createdTime>
<generatorID>1AD19CFB-0DE0-134F-F82A-05991A7B5250</generatorID>
<ownerDesignName>banco</ownerDesignName>
<deleteRule>NO ACTION</deleteRule>
<referredTableID>9AEA2189-4919-0D8D-B0C6-A914BD6759CE</referredTableID>
<keyObject>AA17182A-6F7B-0F82-298E-0A026F36CE9F</keyObject>
<referredKeyID>AA17182A-6F7B-0F82-298E-0A026F36CE9F</referredKeyID>
<mandatory>true</mandatory>
<transferable>true</transferable>
<rely>false</rely>
<columnDependencyConstraintGenerateInDDL>true</columnDependencyConstraintGenerateInDDL>
</FKIndexAssociation>