<?xml version = '1.0' encoding = 'UTF-8'?>
<FKIndexAssociation class="oracle.dbtools.crest.model.design.relational.FKIndexAssociation" directorySegmentName="seg_0" id="6DFD9F81-AFC2-BB73-68BB-B5D3FFA4F73C" containerWithKeyObject="CD51CC37-D322-1AAD-EFA3-BCF492215C03" localFKIndex="6E881056-4072-2ED0-C77B-4F071E63A09D" name="FK_VFC_USUARIO_FUNC">
<createdBy>logonrm</createdBy>
<createdTime>2017-09-21 12:01:12 UTC</createdTime>
<generatorID>38B3E6A5-CF30-BE17-87FC-1216671B0C46</generatorID>
<ownerDesignName>banco</ownerDesignName>
<deleteRule>NO ACTION</deleteRule>
<referredTableID>87AB2012-2A7F-6278-0FA5-83F5187BAC43</referredTableID>
<keyObject>9E81E2F6-67EC-F41C-B163-87C554D99224</keyObject>
<referredKeyID>9E81E2F6-67EC-F41C-B163-87C554D99224</referredKeyID>
<mandatory>true</mandatory>
<transferable>true</transferable>
<rely>false</rely>
<columnDependencyConstraintGenerateInDDL>true</columnDependencyConstraintGenerateInDDL>
</FKIndexAssociation>