<?xml version = '1.0' encoding = 'UTF-8'?>
<FKIndexAssociation class="oracle.dbtools.crest.model.design.relational.FKIndexAssociation" directorySegmentName="seg_0" id="77DF408B-0E4C-2363-C63A-5E16E963876A" containerWithKeyObject="6088070C-D2B3-F326-B518-F172EBF481B6" localFKIndex="D2CF62F1-D988-F55A-1BC9-F2B9383AE07B" name="FK_VFC_ENDERECO_BAIRRO">
<createdBy>logonrm</createdBy>
<createdTime>2017-09-21 12:01:12 UTC</createdTime>
<generatorID>E95C31AD-E048-07FA-328B-B4D31B7227CB</generatorID>
<ownerDesignName>banco</ownerDesignName>
<deleteRule>NO ACTION</deleteRule>
<referredTableID>591F7A71-D465-B521-1375-BFA3C2068B17</referredTableID>
<keyObject>456FD377-8CD9-B2E3-6146-038F54A8ADA4</keyObject>
<referredKeyID>456FD377-8CD9-B2E3-6146-038F54A8ADA4</referredKeyID>
<mandatory>true</mandatory>
<transferable>true</transferable>
<rely>false</rely>
<columnDependencyConstraintGenerateInDDL>true</columnDependencyConstraintGenerateInDDL>
</FKIndexAssociation>