<?xml version = '1.0' encoding = 'UTF-8'?>
<FKIndexAssociation class="oracle.dbtools.crest.model.design.relational.FKIndexAssociation" directorySegmentName="seg_0" id="84E20684-2E4E-5B87-54D3-430D1E67042F" containerWithKeyObject="5A23A3E8-EBC4-ABFC-637C-58DD8A7A2513" localFKIndex="45097FCA-1291-6168-5B7F-8026FCB84573" name="FK_VFC_ITEM_NOTA_FISCAL">
<createdBy>logonrm</createdBy>
<createdTime>2017-09-21 12:01:12 UTC</createdTime>
<generatorID>63DBF8D2-61DD-D178-B990-27EAEAAB23DB</generatorID>
<ownerDesignName>banco</ownerDesignName>
<deleteRule>NO ACTION</deleteRule>
<referredTableID>45735231-7358-DC2B-4D0E-35C2D1E701E7</referredTableID>
<keyObject>37245B78-83AB-94C3-B033-3D0205B89EA8</keyObject>
<referredKeyID>37245B78-83AB-94C3-B033-3D0205B89EA8</referredKeyID>
<mandatory>true</mandatory>
<transferable>true</transferable>
<rely>false</rely>
<columnDependencyConstraintGenerateInDDL>true</columnDependencyConstraintGenerateInDDL>
</FKIndexAssociation>