<?xml version = '1.0' encoding = 'UTF-8'?>
<FKIndexAssociation class="oracle.dbtools.crest.model.design.relational.FKIndexAssociation" directorySegmentName="seg_0" id="A2C15B17-8A33-FD74-07BF-5F3978382851" containerWithKeyObject="121F70E6-FC6E-67C2-31C9-E36610CBECF1" localFKIndex="8BA517C4-DF76-EFC3-DA4A-7E2BB527C9E9" name="FK_VFC_HIST_MP_FORN_MP">
<createdBy>logonrm</createdBy>
<createdTime>2017-09-21 12:01:12 UTC</createdTime>
<generatorID>E5C1B9DC-4CC7-7C48-4BD2-B94FC87F81C0</generatorID>
<ownerDesignName>banco</ownerDesignName>
<deleteRule>NO ACTION</deleteRule>
<referredTableID>D6670F7F-8B02-FA07-094F-3F40725590AE</referredTableID>
<keyObject>3EDB1A29-3486-719A-7F8A-3C1E209A6F30</keyObject>
<referredKeyID>3EDB1A29-3486-719A-7F8A-3C1E209A6F30</referredKeyID>
<mandatory>true</mandatory>
<transferable>true</transferable>
<rely>false</rely>
<columnDependencyConstraintGenerateInDDL>true</columnDependencyConstraintGenerateInDDL>
</FKIndexAssociation>