<?xml version = '1.0' encoding = 'UTF-8'?>
<FKIndexAssociation class="oracle.dbtools.crest.model.design.relational.FKIndexAssociation" directorySegmentName="seg_0" id="A2F98CBF-3D59-64E7-09C2-85D9797318B9" containerWithKeyObject="45735231-7358-DC2B-4D0E-35C2D1E701E7" localFKIndex="6CE6E736-EB79-ED2D-0407-F6F6D55324E7" name="FK_VFC_NOTA_FISCAL_PES">
<createdBy>logonrm</createdBy>
<createdTime>2017-09-21 12:01:12 UTC</createdTime>
<generatorID>BCAD85B5-C9F0-2F0F-BD7A-2300539FFA02</generatorID>
<ownerDesignName>banco</ownerDesignName>
<deleteRule>NO ACTION</deleteRule>
<referredTableID>B007C825-D511-1C39-51F3-1827E3A0FDF4</referredTableID>
<keyObject>BF3F6797-1EF9-918A-1F76-598B61B28412</keyObject>
<referredKeyID>BF3F6797-1EF9-918A-1F76-598B61B28412</referredKeyID>
<mandatory>true</mandatory>
<transferable>true</transferable>
<rely>false</rely>
<columnDependencyConstraintGenerateInDDL>true</columnDependencyConstraintGenerateInDDL>
</FKIndexAssociation>