<?xml version = '1.0' encoding = 'UTF-8'?>
<FKIndexAssociation class="oracle.dbtools.crest.model.design.relational.FKIndexAssociation" directorySegmentName="seg_0" id="B60046D1-8416-5751-B4B4-391CCB82F437" containerWithKeyObject="DB01CC49-953B-61BE-81C7-FD6615FADD62" localFKIndex="E8F31188-6A04-F420-75D5-89FC32B2D5FB" name="FK_VFC_DEPOSITAR_PATIO_PATIO">
<createdBy>logonrm</createdBy>
<createdTime>2017-09-21 12:01:12 UTC</createdTime>
<generatorID>E77DAEC6-A616-CBA1-EEF1-D29977D142AD</generatorID>
<ownerDesignName>banco</ownerDesignName>
<deleteRule>NO ACTION</deleteRule>
<referredTableID>6645F73A-A941-EC24-3EE3-F7BD077D4D3A</referredTableID>
<keyObject>790ADD2D-4B2A-B389-56E1-6BA068B72051</keyObject>
<referredKeyID>790ADD2D-4B2A-B389-56E1-6BA068B72051</referredKeyID>
<mandatory>true</mandatory>
<transferable>true</transferable>
<rely>false</rely>
<columnDependencyConstraintGenerateInDDL>true</columnDependencyConstraintGenerateInDDL>
</FKIndexAssociation>