<?xml version = '1.0' encoding = 'UTF-8'?>
<FKIndexAssociation class="oracle.dbtools.crest.model.design.relational.FKIndexAssociation" directorySegmentName="seg_0" id="F48F2F8A-04EA-C608-6BCF-DF333ED05A9B" containerWithKeyObject="9BB1541A-6ADF-8FD5-387C-4FB56DDC59F1" localFKIndex="D04CEF02-B8D4-56AC-12DD-6EBB2CFEF9AD" name="FK_VFC_PEDIDO_VENDA_N_F">
<createdBy>logonrm</createdBy>
<createdTime>2017-09-21 12:01:12 UTC</createdTime>
<generatorID>09BEFE8B-8E29-AAAF-E633-4CB93E687C3A</generatorID>
<ownerDesignName>banco</ownerDesignName>
<deleteRule>NO ACTION</deleteRule>
<referredTableID>45735231-7358-DC2B-4D0E-35C2D1E701E7</referredTableID>
<keyObject>37245B78-83AB-94C3-B033-3D0205B89EA8</keyObject>
<referredKeyID>37245B78-83AB-94C3-B033-3D0205B89EA8</referredKeyID>
<mandatory>true</mandatory>
<transferable>true</transferable>
<rely>false</rely>
<columnDependencyConstraintGenerateInDDL>true</columnDependencyConstraintGenerateInDDL>
</FKIndexAssociation>