<?xml version = '1.0' encoding = 'UTF-8'?>
<Diagram class="oracle.dbtools.crest.swingui.logical.DPVLogical" name="Logical" id="206893CF-5409-102E-3211-D8AB5CBA80AE">
<createdBy>logonpf</createdBy>
<modifiedBy>logonpf</modifiedBy>
<createdTime>2017-03-20 12:17:08 UTC</createdTime>
<autoRoute>false</autoRoute>
<boxInbox>true</boxInbox>
<showLegend>false</showLegend>
<showLabels>false</showLabels>
<showRelAttributes>false</showRelAttributes>
<gridEnabled>false</gridEnabled>
<showGrid>false</showGrid>
<diagramColor>-1</diagramColor>
<display>false</display>
<notation>2</notation>
<showAllDetails>false</showAllDetails>
<showElements>true</showElements>
<showDatatype>true</showDatatype>
<objectViews>
<OView class="oracle.dbtools.crest.swingui.logical.TVEntity" oid="0363959F-0DBF-C9CD-135E-7F057DEAF7D7" otype="Entity" vid="9F1A5653-D6B0-9460-A30F-C03AC2C7EC54">
<hideElementsInCurrentOnly>false</hideElementsInCurrentOnly>
<bounds x="15" y="527" width="170" height="110"/>
<useCustomFormat>true</useCustomFormat>
<useDefaultColor>false</useDefaultColor>
<backgroundColor>-256</backgroundColor>
<foregroundColor>-16776961</foregroundColor>
<fonts itemClass="oracle.dbtools.crest.model.design.FontObjectWr">
<FontObject>
<foType>Title</foType>
<fontStyle>1</fontStyle>
<colorRGB>-16776961</colorRGB>
</FontObject>
<FontObject>
<foType>Attribute</foType>
<colorRGB>-16777216</colorRGB>
</FontObject>
<FontObject>
<foType>Datatype</foType>
<colorRGB>-16744448</colorRGB>
</FontObject>
<FontObject>
<foType>PK Element</foType>
<colorRGB>-16776961</colorRGB>
</FontObject>
<FontObject>
<foType>FK Element</foType>
<colorRGB>-16777216</colorRGB>
</FontObject>
<FontObject>
<foType>UK Element</foType>
<colorRGB>-16776961</colorRGB>
</FontObject>
<FontObject>
<foType>Not Null</foType>
<colorRGB>-65536</colorRGB>
</FontObject>
<FontObject>
<foType>Key</foType>
<colorRGB>-16777216</colorRGB>
</FontObject>
<FontObject>
<foType>Comments</foType>
<colorRGB>-12566464</colorRGB>
</FontObject>
<FontObject>
<foType>Título</foType>
<fontStyle>1</fontStyle>
<colorRGB>-16776961</colorRGB>
</FontObject>
<FontObject>
<foType>Atributo</foType>
<colorRGB>-16777216</colorRGB>
</FontObject>
<FontObject>
<foType>Elemento da Chave Primária</foType>
<colorRGB>-16776961</colorRGB>
</FontObject>
<FontObject>
<foType>Tipo de dados</foType>
<colorRGB>-16744448</colorRGB>
</FontObject>
</fonts>
</OView>
<OView class="oracle.dbtools.crest.swingui.logical.TVEntity" oid="0677392C-389D-A3E3-7B6F-891AF34DB01C" otype="Entity" vid="D3B2A2C9-C696-97D5-42CC-E58135808118">
<hideElementsInCurrentOnly>false</hideElementsInCurrentOnly>
<bounds x="482" y="527" width="174" height="108"/>
</OView>
<OView class="oracle.dbtools.crest.swingui.logical.TVEntity" oid="0B5B62F9-8ADF-8C77-7960-EE8D0B9CBB18" otype="Entity" vid="80477939-2977-3240-0CBC-A6E0793DA9C7">
<hideElementsInCurrentOnly>false</hideElementsInCurrentOnly>
<bounds x="884" y="198" width="288" height="90"/>
</OView>
<OView class="oracle.dbtools.crest.swingui.TVNote" oid="1F1443D2-9E11-D2A8-202E-7BAD8AC0159C" otype="Note" vid="D3248EDB-F9FA-BCF2-CD37-7FC68DCD0ABA">
<hideElementsInCurrentOnly>false</hideElementsInCurrentOnly>
<bounds x="1729" y="687" width="316" height="119"/>
<comment>Falta Produção -- Atributos ,campos &lt;br/&gt;</comment>
</OView>
<OView class="oracle.dbtools.crest.swingui.logical.TVEntity" oid="30ED1ACD-696D-4F36-33A7-5D8E81B7D8AF" otype="Entity" vid="B1034DE7-22D4-86C0-AB68-D3BEC1D770A2">
<hideElementsInCurrentOnly>false</hideElementsInCurrentOnly>
<bounds x="1638" y="1120" width="172" height="82"/>
<useCustomFormat>true</useCustomFormat>
<useDefaultColor>false</useDefaultColor>
<backgroundColor>-6684775</backgroundColor>
<foregroundColor>-16776961</foregroundColor>
<fonts itemClass="oracle.dbtools.crest.model.design.FontObjectWr">
<FontObject>
<foType>Title</foType>
<fontStyle>1</fontStyle>
<colorRGB>-16776961</colorRGB>
</FontObject>
<FontObject>
<foType>Attribute</foType>
<colorRGB>-16777216</colorRGB>
</FontObject>
<FontObject>
<foType>Datatype</foType>
<colorRGB>-16744448</colorRGB>
</FontObject>
<FontObject>
<foType>PK Element</foType>
<colorRGB>-16776961</colorRGB>
</FontObject>
<FontObject>
<foType>FK Element</foType>
<colorRGB>-16777216</colorRGB>
</FontObject>
<FontObject>
<foType>UK Element</foType>
<colorRGB>-16776961</colorRGB>
</FontObject>
<FontObject>
<foType>Not Null</foType>
<colorRGB>-65536</colorRGB>
</FontObject>
<FontObject>
<foType>Key</foType>
<colorRGB>-16777216</colorRGB>
</FontObject>
<FontObject>
<foType>Comments</foType>
<colorRGB>-12566464</colorRGB>
</FontObject>
<FontObject>
<foType>Título</foType>
<fontStyle>1</fontStyle>
<colorRGB>-16776961</colorRGB>
</FontObject>
<FontObject>
<foType>Atributo</foType>
<colorRGB>-16777216</colorRGB>
</FontObject>
<FontObject>
<foType>Elemento da Chave Primária</foType>
<colorRGB>-16776961</colorRGB>
</FontObject>
<FontObject>
<foType>Tipo de dados</foType>
<colorRGB>-16744448</colorRGB>
</FontObject>
<FontObject>
<foType>Elemento de Chave Exclusiva</foType>
<colorRGB>-16776961</colorRGB>
</FontObject>
</fonts>
</OView>
<OView class="oracle.dbtools.crest.swingui.logical.TVEntity" oid="390EA197-180E-8C09-9BE9-5B64FBCD24C9" otype="Entity" vid="35496A78-80B3-7FCC-9EA5-0CC013F5AEED">
<hideElementsInCurrentOnly>false</hideElementsInCurrentOnly>
<bounds x="355" y="59" width="272" height="112"/>
</OView>
<OView class="oracle.dbtools.crest.swingui.logical.TVEntity" oid="39B2A3F1-9336-59C7-0116-7B2F3374F5FB" otype="Entity" vid="D7A205C2-8B93-DBCE-673D-932710CBCC18">
<hideElementsInCurrentOnly>false</hideElementsInCurrentOnly>
<bounds x="840" y="990" width="206" height="110"/>
</OView>
<OView class="oracle.dbtools.crest.swingui.logical.TVEntity" oid="39BEB9EC-7EA4-BEB9-F979-7CAB594E445C" otype="Entity" vid="66B6E99D-749B-F0E6-51BC-C759D0295B1E">
<hideElementsInCurrentOnly>false</hideElementsInCurrentOnly>
<bounds x="224" y="596" width="203" height="148"/>
</OView>
<OView class="oracle.dbtools.crest.swingui.logical.TVEntity" oid="47E1CC02-E522-734A-0504-68CEC6E9363C" otype="Entity" vid="D78E0169-4543-84A5-CF27-35B7AA5E3DAA">
<hideElementsInCurrentOnly>false</hideElementsInCurrentOnly>
<bounds x="1145" y="711" width="224" height="122"/>
</OView>
<OView class="oracle.dbtools.crest.swingui.logical.TVEntity" oid="5A955673-35B3-77E3-47F8-C5D463D4C1EF" otype="Entity" vid="76E8DE41-54FC-4A7D-32A4-28058487BCB7">
<hideElementsInCurrentOnly>false</hideElementsInCurrentOnly>
<bounds x="471" y="1103" width="170" height="110"/>
</OView>
<OView class="oracle.dbtools.crest.swingui.logical.TVEntity" oid="5C4E50BD-1A4E-9FD1-1B51-94936C2A3D9B" otype="Entity" vid="5A604639-01FC-A229-34D0-29AE0053647D">
<hideElementsInCurrentOnly>false</hideElementsInCurrentOnly>
<bounds x="1881" y="397" width="200" height="115"/>
<useCustomFormat>true</useCustomFormat>
<useDefaultColor>false</useDefaultColor>
<backgroundColor>-16724839</backgroundColor>
<foregroundColor>-16776961</foregroundColor>
<fonts itemClass="oracle.dbtools.crest.model.design.FontObjectWr">
<FontObject>
<foType>Title</foType>
<fontStyle>1</fontStyle>
<colorRGB>-16776961</colorRGB>
</FontObject>
<FontObject>
<foType>Attribute</foType>
<colorRGB>-16777216</colorRGB>
</FontObject>
<FontObject>
<foType>Datatype</foType>
<colorRGB>-16744448</colorRGB>
</FontObject>
<FontObject>
<foType>PK Element</foType>
<colorRGB>-16776961</colorRGB>
</FontObject>
<FontObject>
<foType>FK Element</foType>
<colorRGB>-16777216</colorRGB>
</FontObject>
<FontObject>
<foType>UK Element</foType>
<colorRGB>-16776961</colorRGB>
</FontObject>
<FontObject>
<foType>Not Null</foType>
<colorRGB>-65536</colorRGB>
</FontObject>
<FontObject>
<foType>Key</foType>
<colorRGB>-16777216</colorRGB>
</FontObject>
<FontObject>
<foType>Comments</foType>
<colorRGB>-12566464</colorRGB>
</FontObject>
<FontObject>
<foType>Título</foType>
<fontStyle>1</fontStyle>
<colorRGB>-16776961</colorRGB>
</FontObject>
<FontObject>
<foType>Atributo</foType>
<colorRGB>-16777216</colorRGB>
</FontObject>
<FontObject>
<foType>Elemento da Chave Primária</foType>
<colorRGB>-16776961</colorRGB>
</FontObject>
<FontObject>
<foType>Tipo de dados</foType>
<colorRGB>-16744448</colorRGB>
</FontObject>
<FontObject>
<foType>Elemento da Chave Estrangeira</foType>
<colorRGB>-16777216</colorRGB>
</FontObject>
</fonts>
</OView>
<OView class="oracle.dbtools.crest.swingui.logical.TVEntity" oid="5CAA0A82-64BC-7525-1399-AA19EA7C3E25" otype="Entity" vid="7540E9F6-5A5F-C985-F755-9520824CC024">
<hideElementsInCurrentOnly>false</hideElementsInCurrentOnly>
<bounds x="1516" y="414" width="191" height="115"/>
<useCustomFormat>true</useCustomFormat>
<useDefaultColor>false</useDefaultColor>
<backgroundColor>-16724839</backgroundColor>
<foregroundColor>-16776961</foregroundColor>
<fonts itemClass="oracle.dbtools.crest.model.design.FontObjectWr">
<FontObject>
<foType>Title</foType>
<fontStyle>1</fontStyle>
<colorRGB>-16776961</colorRGB>
</FontObject>
<FontObject>
<foType>Attribute</foType>
<colorRGB>-16777216</colorRGB>
</FontObject>
<FontObject>
<foType>Datatype</foType>
<colorRGB>-16744448</colorRGB>
</FontObject>
<FontObject>
<foType>PK Element</foType>
<colorRGB>-16776961</colorRGB>
</FontObject>
<FontObject>
<foType>FK Element</foType>
<colorRGB>-16777216</colorRGB>
</FontObject>
<FontObject>
<foType>UK Element</foType>
<colorRGB>-16776961</colorRGB>
</FontObject>
<FontObject>
<foType>Not Null</foType>
<colorRGB>-65536</colorRGB>
</FontObject>
<FontObject>
<foType>Key</foType>
<colorRGB>-16777216</colorRGB>
</FontObject>
<FontObject>
<foType>Comments</foType>
<colorRGB>-12566464</colorRGB>
</FontObject>
<FontObject>
<foType>Título</foType>
<fontStyle>1</fontStyle>
<colorRGB>-16776961</colorRGB>
</FontObject>
<FontObject>
<foType>Atributo</foType>
<colorRGB>-16777216</colorRGB>
</FontObject>
<FontObject>
<foType>Elemento da Chave Primária</foType>
<colorRGB>-16776961</colorRGB>
</FontObject>
<FontObject>
<foType>Tipo de dados</foType>
<colorRGB>-16744448</colorRGB>
</FontObject>
<FontObject>
<foType>Elemento da Chave Estrangeira</foType>
<colorRGB>-16777216</colorRGB>
</FontObject>
</fonts>
</OView>
<OView class="oracle.dbtools.crest.swingui.logical.TVEntity" oid="62105B34-9DDE-F8F3-5FE0-3EA10A3AFDFD" otype="Entity" vid="CCB9D25E-396A-9B3D-3D76-86AC16F3749F">
<hideElementsInCurrentOnly>false</hideElementsInCurrentOnly>
<bounds x="1046" y="42" width="225" height="137"/>
</OView>
<OView class="oracle.dbtools.crest.swingui.logical.TVEntity" oid="66B218AC-B90F-8385-D20D-EC42B7297F6F" otype="Entity" vid="2156537F-4EBC-1AC3-E989-A777630E5FAD">
<hideElementsInCurrentOnly>false</hideElementsInCurrentOnly>
<bounds x="613" y="197" width="242" height="113"/>
</OView>
<OView class="oracle.dbtools.crest.swingui.logical.TVEntity" oid="75BB9B2E-93B0-674A-BC7B-77AA24C3B949" otype="Entity" vid="0395AEB7-BEF4-1585-6080-2D2C53381E4A">
<hideElementsInCurrentOnly>false</hideElementsInCurrentOnly>
<bounds x="679" y="456" width="196" height="131"/>
</OView>
<OView class="oracle.dbtools.crest.swingui.logical.TVEntity" oid="768D2B28-730A-A22B-8B95-8F54C13A7C8A" otype="Entity" vid="24F587D5-2052-1CF6-C087-038C5B0A0013">
<hideElementsInCurrentOnly>false</hideElementsInCurrentOnly>
<bounds x="1069" y="434" width="212" height="121"/>
</OView>
<OView class="oracle.dbtools.crest.swingui.logical.TVEntity" oid="810D356B-B651-3E9E-D77B-9A0F746EE8A3" otype="Entity" vid="0EA75574-B57F-4404-4FD9-EF63EF51AAB6">
<hideElementsInCurrentOnly>false</hideElementsInCurrentOnly>
<bounds x="1362" y="995" width="195" height="89"/>
<useCustomFormat>true</useCustomFormat>
<useDefaultColor>false</useDefaultColor>
<backgroundColor>-6684775</backgroundColor>
<foregroundColor>-16776961</foregroundColor>
<fonts itemClass="oracle.dbtools.crest.model.design.FontObjectWr">
<FontObject>
<foType>Title</foType>
<fontStyle>1</fontStyle>
<colorRGB>-16776961</colorRGB>
</FontObject>
<FontObject>
<foType>Attribute</foType>
<colorRGB>-16777216</colorRGB>
</FontObject>
<FontObject>
<foType>Datatype</foType>
<colorRGB>-16744448</colorRGB>
</FontObject>
<FontObject>
<foType>PK Element</foType>
<colorRGB>-16776961</colorRGB>
</FontObject>
<FontObject>
<foType>FK Element</foType>
<colorRGB>-16777216</colorRGB>
</FontObject>
<FontObject>
<foType>UK Element</foType>
<colorRGB>-16776961</colorRGB>
</FontObject>
<FontObject>
<foType>Not Null</foType>
<colorRGB>-65536</colorRGB>
</FontObject>
<FontObject>
<foType>Key</foType>
<colorRGB>-16777216</colorRGB>
</FontObject>
<FontObject>
<foType>Comments</foType>
<colorRGB>-12566464</colorRGB>
</FontObject>
<FontObject>
<foType>Título</foType>
<fontStyle>1</fontStyle>
<colorRGB>-16776961</colorRGB>
</FontObject>
<FontObject>
<foType>Atributo</foType>
<colorRGB>-16777216</colorRGB>
</FontObject>
<FontObject>
<foType>Elemento da Chave Primária</foType>
<colorRGB>-16776961</colorRGB>
</FontObject>
<FontObject>
<foType>Tipo de dados</foType>
<colorRGB>-16744448</colorRGB>
</FontObject>
<FontObject>
<foType>Elemento da Chave Estrangeira</foType>
<colorRGB>-16777216</colorRGB>
</FontObject>
</fonts>
</OView>
<OView class="oracle.dbtools.crest.swingui.logical.TVEntity" oid="8906B641-5F0C-25AB-2630-D19A4C98DB35" otype="Entity" vid="B6A06614-29D0-DD08-F9ED-FE3C26056ED1">
<hideElementsInCurrentOnly>false</hideElementsInCurrentOnly>
<bounds x="1709" y="1019" width="177" height="64"/>
<useCustomFormat>true</useCustomFormat>
<useDefaultColor>false</useDefaultColor>
<backgroundColor>-6684775</backgroundColor>
<foregroundColor>-16776961</foregroundColor>
<fonts itemClass="oracle.dbtools.crest.model.design.FontObjectWr">
<FontObject>
<foType>Title</foType>
<fontStyle>1</fontStyle>
<colorRGB>-16776961</colorRGB>
</FontObject>
<FontObject>
<foType>Attribute</foType>
<colorRGB>-16777216</colorRGB>
</FontObject>
<FontObject>
<foType>Datatype</foType>
<colorRGB>-16744448</colorRGB>
</FontObject>
<FontObject>
<foType>PK Element</foType>
<colorRGB>-16776961</colorRGB>
</FontObject>
<FontObject>
<foType>FK Element</foType>
<colorRGB>-16777216</colorRGB>
</FontObject>
<FontObject>
<foType>UK Element</foType>
<colorRGB>-16776961</colorRGB>
</FontObject>
<FontObject>
<foType>Not Null</foType>
<colorRGB>-65536</colorRGB>
</FontObject>
<FontObject>
<foType>Key</foType>
<colorRGB>-16777216</colorRGB>
</FontObject>
<FontObject>
<foType>Comments</foType>
<colorRGB>-12566464</colorRGB>
</FontObject>
<FontObject>
<foType>Título</foType>
<fontStyle>1</fontStyle>
<colorRGB>-16776961</colorRGB>
</FontObject>
<FontObject>
<foType>Atributo</foType>
<colorRGB>-16777216</colorRGB>
</FontObject>
<FontObject>
<foType>Elemento da Chave Primária</foType>
<colorRGB>-16776961</colorRGB>
</FontObject>
<FontObject>
<foType>Tipo de dados</foType>
<colorRGB>-16744448</colorRGB>
</FontObject>
</fonts>
</OView>
<OView class="oracle.dbtools.crest.swingui.logical.TVEntity" oid="8E99B1C0-26FF-4DB0-10A4-31E3B4749736" otype="Entity" vid="DFE85C55-45FC-DE0C-FEB2-6F7D9DDB40EC">
<hideElementsInCurrentOnly>false</hideElementsInCurrentOnly>
<bounds x="334" y="878" width="170" height="110"/>
<useCustomFormat>true</useCustomFormat>
<useDefaultColor>false</useDefaultColor>
<backgroundColor>-256</backgroundColor>
<foregroundColor>-16776961</foregroundColor>
<fonts itemClass="oracle.dbtools.crest.model.design.FontObjectWr">
<FontObject>
<foType>Title</foType>
<fontStyle>1</fontStyle>
<colorRGB>-16776961</colorRGB>
</FontObject>
<FontObject>
<foType>Attribute</foType>
<colorRGB>-16777216</colorRGB>
</FontObject>
<FontObject>
<foType>Datatype</foType>
<colorRGB>-16744448</colorRGB>
</FontObject>
<FontObject>
<foType>PK Element</foType>
<colorRGB>-16776961</colorRGB>
</FontObject>
<FontObject>
<foType>FK Element</foType>
<colorRGB>-16777216</colorRGB>
</FontObject>
<FontObject>
<foType>UK Element</foType>
<colorRGB>-16776961</colorRGB>
</FontObject>
<FontObject>
<foType>Not Null</foType>
<colorRGB>-65536</colorRGB>
</FontObject>
<FontObject>
<foType>Key</foType>
<colorRGB>-16777216</colorRGB>
</FontObject>
<FontObject>
<foType>Comments</foType>
<colorRGB>-12566464</colorRGB>
</FontObject>
</fonts>
</OView>
<OView class="oracle.dbtools.crest.swingui.logical.TVEntity" oid="8F57EF78-75B1-4097-54B5-5A709C805078" otype="Entity" vid="3F9890B1-9E6F-C71E-3A16-84C6D2772176">
<hideElementsInCurrentOnly>false</hideElementsInCurrentOnly>
<bounds x="397" y="195" width="170" height="110"/>
<useCustomFormat>true</useCustomFormat>
<useDefaultColor>false</useDefaultColor>
<backgroundColor>-256</backgroundColor>
<foregroundColor>-16776961</foregroundColor>
<fonts itemClass="oracle.dbtools.crest.model.design.FontObjectWr">
<FontObject>
<foType>Title</foType>
<fontStyle>1</fontStyle>
<colorRGB>-16776961</colorRGB>
</FontObject>
<FontObject>
<foType>Attribute</foType>
<colorRGB>-16777216</colorRGB>
</FontObject>
<FontObject>
<foType>Datatype</foType>
<colorRGB>-16744448</colorRGB>
</FontObject>
<FontObject>
<foType>PK Element</foType>
<colorRGB>-16776961</colorRGB>
</FontObject>
<FontObject>
<foType>FK Element</foType>
<colorRGB>-16777216</colorRGB>
</FontObject>
<FontObject>
<foType>UK Element</foType>
<colorRGB>-16776961</colorRGB>
</FontObject>
<FontObject>
<foType>Not Null</foType>
<colorRGB>-65536</colorRGB>
</FontObject>
<FontObject>
<foType>Key</foType>
<colorRGB>-16777216</colorRGB>
</FontObject>
<FontObject>
<foType>Comments</foType>
<colorRGB>-12566464</colorRGB>
</FontObject>
<FontObject>
<foType>Título</foType>
<fontStyle>1</fontStyle>
<colorRGB>-16776961</colorRGB>
</FontObject>
<FontObject>
<foType>Atributo</foType>
<colorRGB>-16777216</colorRGB>
</FontObject>
<FontObject>
<foType>Elemento da Chave Primária</foType>
<colorRGB>-16776961</colorRGB>
</FontObject>
<FontObject>
<foType>Tipo de dados</foType>
<colorRGB>-16744448</colorRGB>
</FontObject>
</fonts>
</OView>
<OView class="oracle.dbtools.crest.swingui.logical.TVEntity" oid="94568D1B-8CD0-76C5-C197-C824FBE35066" otype="Entity" vid="9BE346D9-DD24-B353-9D63-80DC8F3ED584">
<hideElementsInCurrentOnly>false</hideElementsInCurrentOnly>
<bounds x="57" y="1046" width="244" height="158"/>
<useCustomFormat>true</useCustomFormat>
<useDefaultColor>false</useDefaultColor>
<backgroundColor>-256</backgroundColor>
<foregroundColor>-16776961</foregroundColor>
<fonts itemClass="oracle.dbtools.crest.model.design.FontObjectWr">
<FontObject>
<foType>Title</foType>
<fontStyle>1</fontStyle>
<colorRGB>-16776961</colorRGB>
</FontObject>
<FontObject>
<foType>Attribute</foType>
<colorRGB>-16777216</colorRGB>
</FontObject>
<FontObject>
<foType>Datatype</foType>
<colorRGB>-16744448</colorRGB>
</FontObject>
<FontObject>
<foType>PK Element</foType>
<colorRGB>-16776961</colorRGB>
</FontObject>
<FontObject>
<foType>FK Element</foType>
<colorRGB>-16777216</colorRGB>
</FontObject>
<FontObject>
<foType>UK Element</foType>
<colorRGB>-16776961</colorRGB>
</FontObject>
<FontObject>
<foType>Not Null</foType>
<colorRGB>-65536</colorRGB>
</FontObject>
<FontObject>
<foType>Key</foType>
<colorRGB>-16777216</colorRGB>
</FontObject>
<FontObject>
<foType>Comments</foType>
<colorRGB>-12566464</colorRGB>
</FontObject>
<FontObject>
<foType>Título</foType>
<fontStyle>1</fontStyle>
<colorRGB>-16776961</colorRGB>
</FontObject>
<FontObject>
<foType>Atributo</foType>
<colorRGB>-16777216</colorRGB>
</FontObject>
<FontObject>
<foType>Elemento da Chave Primária</foType>
<colorRGB>-16776961</colorRGB>
</FontObject>
<FontObject>
<foType>Tipo de dados</foType>
<colorRGB>-16744448</colorRGB>
</FontObject>
<FontObject>
<foType>Elemento da Chave Estrangeira</foType>
<colorRGB>-16777216</colorRGB>
</FontObject>
</fonts>
</OView>
<OView class="oracle.dbtools.crest.swingui.logical.TVEntity" oid="9B36229F-3FB0-3ED0-E1CF-32C3EAC1D91F" otype="Entity" vid="357560C8-5264-C2F2-5499-0B9C3B9E404B">
<hideElementsInCurrentOnly>false</hideElementsInCurrentOnly>
<bounds x="1331" y="144" width="258" height="163"/>
</OView>
<OView class="oracle.dbtools.crest.swingui.logical.TVEntity" oid="9C86880F-0087-E19F-949F-0CEF71EC927B" otype="Entity" vid="BCE3AC9C-31EB-A3FF-FF58-3DBC6E83085C">
<hideElementsInCurrentOnly>false</hideElementsInCurrentOnly>
<bounds x="610" y="875" width="219" height="110"/>
</OView>
<OView class="oracle.dbtools.crest.swingui.logical.TVEntity" oid="A670E879-E3A8-0CB7-00FE-2C04E904EC66" otype="Entity" vid="B249370E-4A34-C173-C1F3-CBE0F407D602">
<hideElementsInCurrentOnly>false</hideElementsInCurrentOnly>
<bounds x="1916" y="602" width="170" height="89"/>
<useCustomFormat>true</useCustomFormat>
<useDefaultColor>false</useDefaultColor>
<backgroundColor>-16724839</backgroundColor>
<foregroundColor>-16776961</foregroundColor>
<fonts itemClass="oracle.dbtools.crest.model.design.FontObjectWr">
<FontObject>
<foType>Title</foType>
<fontStyle>1</fontStyle>
<colorRGB>-16776961</colorRGB>
</FontObject>
<FontObject>
<foType>Attribute</foType>
<colorRGB>-16777216</colorRGB>
</FontObject>
<FontObject>
<foType>Datatype</foType>
<colorRGB>-16744448</colorRGB>
</FontObject>
<FontObject>
<foType>PK Element</foType>
<colorRGB>-16776961</colorRGB>
</FontObject>
<FontObject>
<foType>FK Element</foType>
<colorRGB>-16777216</colorRGB>
</FontObject>
<FontObject>
<foType>UK Element</foType>
<colorRGB>-16776961</colorRGB>
</FontObject>
<FontObject>
<foType>Not Null</foType>
<colorRGB>-65536</colorRGB>
</FontObject>
<FontObject>
<foType>Key</foType>
<colorRGB>-16777216</colorRGB>
</FontObject>
<FontObject>
<foType>Comments</foType>
<colorRGB>-12566464</colorRGB>
</FontObject>
<FontObject>
<foType>Título</foType>
<fontStyle>1</fontStyle>
<colorRGB>-16776961</colorRGB>
</FontObject>
<FontObject>
<foType>Atributo</foType>
<colorRGB>-16777216</colorRGB>
</FontObject>
<FontObject>
<foType>Tipo de dados</foType>
<colorRGB>-16744448</colorRGB>
</FontObject>
<FontObject>
<foType>Elemento da Chave Primária</foType>
<colorRGB>-16776961</colorRGB>
</FontObject>
</fonts>
</OView>
<OView class="oracle.dbtools.crest.swingui.logical.TVEntity" oid="AB7162E5-0EFD-D59F-AEB3-CE4A974D2076" otype="Entity" vid="A160129A-F9CE-8075-0125-69B57F5C8AF4">
<hideElementsInCurrentOnly>false</hideElementsInCurrentOnly>
<bounds x="1401" y="615" width="217" height="111"/>
<useCustomFormat>true</useCustomFormat>
<useDefaultColor>false</useDefaultColor>
<backgroundColor>-205</backgroundColor>
<foregroundColor>-16776961</foregroundColor>
<fonts itemClass="oracle.dbtools.crest.model.design.FontObjectWr">
<FontObject>
<foType>Title</foType>
<fontStyle>1</fontStyle>
<colorRGB>-16776961</colorRGB>
</FontObject>
<FontObject>
<foType>Attribute</foType>
<colorRGB>-16777216</colorRGB>
</FontObject>
<FontObject>
<foType>Datatype</foType>
<colorRGB>-16744448</colorRGB>
</FontObject>
<FontObject>
<foType>PK Element</foType>
<colorRGB>-16776961</colorRGB>
</FontObject>
<FontObject>
<foType>FK Element</foType>
<colorRGB>-16777216</colorRGB>
</FontObject>
<FontObject>
<foType>UK Element</foType>
<colorRGB>-16776961</colorRGB>
</FontObject>
<FontObject>
<foType>Not Null</foType>
<colorRGB>-65536</colorRGB>
</FontObject>
<FontObject>
<foType>Key</foType>
<colorRGB>-16777216</colorRGB>
</FontObject>
<FontObject>
<foType>Comments</foType>
<colorRGB>-12566464</colorRGB>
</FontObject>
<FontObject>
<foType>Título</foType>
<fontStyle>1</fontStyle>
<colorRGB>-16776961</colorRGB>
</FontObject>
<FontObject>
<foType>Atributo</foType>
<colorRGB>-16777216</colorRGB>
</FontObject>
<FontObject>
<foType>Tipo de dados</foType>
<colorRGB>-16744448</colorRGB>
</FontObject>
<FontObject>
<foType>Elemento da Chave Primária</foType>
<colorRGB>-16776961</colorRGB>
</FontObject>
</fonts>
</OView>
<OView class="oracle.dbtools.crest.swingui.TVNote" oid="AC62CF31-21CB-8D6A-57E1-BF5B00ADF678" otype="Note" vid="BBEC8350-2BCA-7E96-2C3A-09760416905B">
<hideElementsInCurrentOnly>false</hideElementsInCurrentOnly>
<bounds x="1702" y="560" width="242" height="124"/>
<comment>Pensar no movimentação de estoque ,pq pode ser movimentado para estoques filiais, então deverá ter &lt;br/&gt;o meio de distribuicao , mais nota fiscal para distribuicao  </comment>
</OView>
<OView class="oracle.dbtools.crest.swingui.logical.TVEntity" oid="AE2BFBFB-CC4E-2A5C-D198-21A39B4FB4BF" otype="Entity" vid="1CDEDDB2-95AB-8B14-BC1B-C1D7DAFB1EEF">
<hideElementsInCurrentOnly>false</hideElementsInCurrentOnly>
<bounds x="676" y="330" width="165" height="68"/>
</OView>
<OView class="oracle.dbtools.crest.swingui.logical.TVEntity" oid="AF787E04-107F-1A93-0E8A-D879EC34D880" otype="Entity" vid="ACAB0320-E5B5-E1D3-1D5B-F772C4D85AA1">
<hideElementsInCurrentOnly>false</hideElementsInCurrentOnly>
<bounds x="1375" y="1136" width="168" height="75"/>
<useCustomFormat>true</useCustomFormat>
<useDefaultColor>false</useDefaultColor>
<backgroundColor>-6684775</backgroundColor>
<foregroundColor>-16776961</foregroundColor>
<fonts itemClass="oracle.dbtools.crest.model.design.FontObjectWr">
<FontObject>
<foType>Title</foType>
<fontStyle>1</fontStyle>
<colorRGB>-16776961</colorRGB>
</FontObject>
<FontObject>
<foType>Attribute</foType>
<colorRGB>-16777216</colorRGB>
</FontObject>
<FontObject>
<foType>Datatype</foType>
<colorRGB>-16744448</colorRGB>
</FontObject>
<FontObject>
<foType>PK Element</foType>
<colorRGB>-16776961</colorRGB>
</FontObject>
<FontObject>
<foType>FK Element</foType>
<colorRGB>-16777216</colorRGB>
</FontObject>
<FontObject>
<foType>UK Element</foType>
<colorRGB>-16776961</colorRGB>
</FontObject>
<FontObject>
<foType>Not Null</foType>
<colorRGB>-65536</colorRGB>
</FontObject>
<FontObject>
<foType>Key</foType>
<colorRGB>-16777216</colorRGB>
</FontObject>
<FontObject>
<foType>Comments</foType>
<colorRGB>-12566464</colorRGB>
</FontObject>
<FontObject>
<foType>Título</foType>
<fontStyle>1</fontStyle>
<colorRGB>-16776961</colorRGB>
</FontObject>
<FontObject>
<foType>Atributo</foType>
<colorRGB>-16777216</colorRGB>
</FontObject>
<FontObject>
<foType>Elemento da Chave Primária</foType>
<colorRGB>-16776961</colorRGB>
</FontObject>
<FontObject>
<foType>Tipo de dados</foType>
<colorRGB>-16744448</colorRGB>
</FontObject>
<FontObject>
<foType>Elemento da Chave Estrangeira</foType>
<colorRGB>-16777216</colorRGB>
</FontObject>
</fonts>
</OView>
<OView class="oracle.dbtools.crest.swingui.logical.TVEntity" oid="B5E8D421-1C27-038A-1351-0A86F086125B" otype="Entity" vid="F190D105-96FB-2B20-4FCA-0CD422304078">
<hideElementsInCurrentOnly>false</hideElementsInCurrentOnly>
<bounds x="581" y="701" width="242" height="110"/>
</OView>
<OView class="oracle.dbtools.crest.swingui.logical.TVEntity" oid="B8FA1910-CD52-5126-60E4-3E6B70E61476" otype="Entity" vid="A4B60B8E-4B20-F269-1518-2E54A3957A8B">
<hideElementsInCurrentOnly>false</hideElementsInCurrentOnly>
<bounds x="1060" y="301" width="187" height="119"/>
</OView>
<OView class="oracle.dbtools.crest.swingui.TVNote" oid="BE789B7A-5F82-F972-3871-CB8909046237" otype="Note" vid="3C826671-117C-B721-CB1B-E9C6463B02F1">
<hideElementsInCurrentOnly>false</hideElementsInCurrentOnly>
<bounds x="409" y="307" width="203" height="85"/>
<comment>EM DEPOSITAR_PATIO : haverá o qt_armazenamento , para diferenciar status aprovado de reprovado &lt;br/&gt;por exemplo:&lt;br/&gt;Cod_armazenamento = 1 , qt_armazaenamento = 40 , status = aprovado ,cod_producao =1,&lt;br/&gt;cd_ordem_producao = 1&lt;br/&gt;e  &lt;br/&gt;Cod_armazenamento = 1 , qt_armazaenamento = 10 , status = reprovado ,cod_producao =1,&lt;br/&gt;cd_ordem_producao = 1</comment>
</OView>
<OView class="oracle.dbtools.crest.swingui.logical.TVEntity" oid="C9A88C88-1889-8804-CD54-5A941FD119A1" otype="Entity" vid="003AB68B-08AC-0E97-F88B-88865C66F82B">
<hideElementsInCurrentOnly>false</hideElementsInCurrentOnly>
<bounds x="1763" y="168" width="211" height="104"/>
</OView>
<OView class="oracle.dbtools.crest.swingui.logical.TVEntity" oid="D0D188D0-4C17-AC5C-A832-981531392B0E" otype="Entity" vid="EDC10FFA-9875-2935-6E45-13B8F55C6376">
<hideElementsInCurrentOnly>false</hideElementsInCurrentOnly>
<bounds x="122" y="243" width="170" height="122"/>
</OView>
<OView class="oracle.dbtools.crest.swingui.logical.TVEntity" oid="DC4F2853-181C-26FA-92F5-4D5F41036F50" otype="Entity" vid="CE4F6ED3-5DC7-F6D4-2699-D68B38AECB56">
<hideElementsInCurrentOnly>false</hideElementsInCurrentOnly>
<bounds x="1016" y="852" width="201" height="110"/>
<useCustomFormat>true</useCustomFormat>
<useDefaultColor>false</useDefaultColor>
<backgroundColor>-256</backgroundColor>
<foregroundColor>-16776961</foregroundColor>
<fonts itemClass="oracle.dbtools.crest.model.design.FontObjectWr">
<FontObject>
<foType>Title</foType>
<fontStyle>1</fontStyle>
<colorRGB>-16776961</colorRGB>
</FontObject>
<FontObject>
<foType>Attribute</foType>
<colorRGB>-16777216</colorRGB>
</FontObject>
<FontObject>
<foType>Datatype</foType>
<colorRGB>-16744448</colorRGB>
</FontObject>
<FontObject>
<foType>PK Element</foType>
<colorRGB>-16776961</colorRGB>
</FontObject>
<FontObject>
<foType>FK Element</foType>
<colorRGB>-16777216</colorRGB>
</FontObject>
<FontObject>
<foType>UK Element</foType>
<colorRGB>-16776961</colorRGB>
</FontObject>
<FontObject>
<foType>Not Null</foType>
<colorRGB>-65536</colorRGB>
</FontObject>
<FontObject>
<foType>Key</foType>
<colorRGB>-16777216</colorRGB>
</FontObject>
<FontObject>
<foType>Comments</foType>
<colorRGB>-12566464</colorRGB>
</FontObject>
<FontObject>
<foType>Título</foType>
<fontStyle>1</fontStyle>
<colorRGB>-16776961</colorRGB>
</FontObject>
<FontObject>
<foType>Atributo</foType>
<colorRGB>-16777216</colorRGB>
</FontObject>
<FontObject>
<foType>Tipo de dados</foType>
<colorRGB>-16744448</colorRGB>
</FontObject>
<FontObject>
<foType>Elemento da Chave Primária</foType>
<colorRGB>-16776961</colorRGB>
</FontObject>
</fonts>
</OView>
<OView class="oracle.dbtools.crest.swingui.logical.TVEntity" oid="E45255E4-4018-E790-03A6-4460D9B1BBAD" otype="Entity" vid="6446C96B-5AA6-FCAD-A9A2-35393F4A8CEB">
<hideElementsInCurrentOnly>false</hideElementsInCurrentOnly>
<bounds x="1137" y="1141" width="162" height="79"/>
<useCustomFormat>true</useCustomFormat>
<useDefaultColor>false</useDefaultColor>
<backgroundColor>-6684775</backgroundColor>
<foregroundColor>-16776961</foregroundColor>
<fonts itemClass="oracle.dbtools.crest.model.design.FontObjectWr">
<FontObject>
<foType>Title</foType>
<fontStyle>1</fontStyle>
<colorRGB>-16776961</colorRGB>
</FontObject>
<FontObject>
<foType>Attribute</foType>
<colorRGB>-16777216</colorRGB>
</FontObject>
<FontObject>
<foType>Datatype</foType>
<colorRGB>-16744448</colorRGB>
</FontObject>
<FontObject>
<foType>PK Element</foType>
<colorRGB>-16776961</colorRGB>
</FontObject>
<FontObject>
<foType>FK Element</foType>
<colorRGB>-16777216</colorRGB>
</FontObject>
<FontObject>
<foType>UK Element</foType>
<colorRGB>-16776961</colorRGB>
</FontObject>
<FontObject>
<foType>Not Null</foType>
<colorRGB>-65536</colorRGB>
</FontObject>
<FontObject>
<foType>Key</foType>
<colorRGB>-16777216</colorRGB>
</FontObject>
<FontObject>
<foType>Comments</foType>
<colorRGB>-12566464</colorRGB>
</FontObject>
<FontObject>
<foType>Título</foType>
<fontStyle>1</fontStyle>
<colorRGB>-16776961</colorRGB>
</FontObject>
<FontObject>
<foType>Atributo</foType>
<colorRGB>-16777216</colorRGB>
</FontObject>
<FontObject>
<foType>Elemento da Chave Primária</foType>
<colorRGB>-16776961</colorRGB>
</FontObject>
<FontObject>
<foType>Tipo de dados</foType>
<colorRGB>-16744448</colorRGB>
</FontObject>
<FontObject>
<foType>Elemento da Chave Estrangeira</foType>
<colorRGB>-16777216</colorRGB>
</FontObject>
</fonts>
</OView>
<OView class="oracle.dbtools.crest.swingui.logical.TVEntity" oid="E926951B-778A-C369-F11D-EF67D7486E52" otype="Entity" vid="3E95E2F9-0EB4-AD54-ABE6-EE4C9D145112">
<hideElementsInCurrentOnly>false</hideElementsInCurrentOnly>
<bounds x="875" y="697" width="205" height="122"/>
</OView>
<OView class="oracle.dbtools.crest.swingui.logical.TVEntity" oid="FB4EA689-84D4-382E-2CEC-302F372FE324" otype="Entity" vid="B88D49B1-9053-9961-4863-EC66E1B84103">
<hideElementsInCurrentOnly>false</hideElementsInCurrentOnly>
<bounds x="12" y="24" width="242" height="198"/>
</OView>
<OView class="oracle.dbtools.crest.swingui.logical.TVEntity" oid="FCA1E6D5-4C3A-F4A2-5839-400134B78702" otype="Entity" vid="6491A0DE-A413-BD26-883B-DFF804541583">
<hideElementsInCurrentOnly>false</hideElementsInCurrentOnly>
<bounds x="223" y="401" width="219" height="143"/>
<useCustomFormat>true</useCustomFormat>
<useDefaultColor>false</useDefaultColor>
<backgroundColor>-256</backgroundColor>
<foregroundColor>-16776961</foregroundColor>
<fonts itemClass="oracle.dbtools.crest.model.design.FontObjectWr">
<FontObject>
<foType>Title</foType>
<fontStyle>1</fontStyle>
<colorRGB>-16776961</colorRGB>
</FontObject>
<FontObject>
<foType>Attribute</foType>
<colorRGB>-16777216</colorRGB>
</FontObject>
<FontObject>
<foType>Datatype</foType>
<colorRGB>-16744448</colorRGB>
</FontObject>
<FontObject>
<foType>PK Element</foType>
<colorRGB>-16776961</colorRGB>
</FontObject>
<FontObject>
<foType>FK Element</foType>
<colorRGB>-16777216</colorRGB>
</FontObject>
<FontObject>
<foType>UK Element</foType>
<colorRGB>-16776961</colorRGB>
</FontObject>
<FontObject>
<foType>Not Null</foType>
<colorRGB>-65536</colorRGB>
</FontObject>
<FontObject>
<foType>Key</foType>
<colorRGB>-16777216</colorRGB>
</FontObject>
<FontObject>
<foType>Comments</foType>
<colorRGB>-12566464</colorRGB>
</FontObject>
<FontObject>
<foType>Título</foType>
<fontStyle>1</fontStyle>
<colorRGB>-16776961</colorRGB>
</FontObject>
<FontObject>
<foType>Atributo</foType>
<colorRGB>-16777216</colorRGB>
</FontObject>
<FontObject>
<foType>Elemento da Chave Primária</foType>
<colorRGB>-16776961</colorRGB>
</FontObject>
<FontObject>
<foType>Tipo de dados</foType>
<colorRGB>-16744448</colorRGB>
</FontObject>
<FontObject>
<foType>Elemento da Chave Estrangeira</foType>
<colorRGB>-16777216</colorRGB>
</FontObject>
</fonts>
</OView>
<OView class="oracle.dbtools.crest.swingui.logical.TVEntity" oid="FEF0C899-6CDB-03BA-7314-B934D397EDEA" otype="Entity" vid="AC7115B1-36D3-1847-37C8-B58C4647A5C2">
<hideElementsInCurrentOnly>false</hideElementsInCurrentOnly>
<bounds x="27" y="868" width="216" height="106"/>
</OView>
</objectViews>
<connectors>
<Connector class="oracle.dbtools.crest.swingui.logical.TVRelation" oid="027D0B0B-14C2-2696-EFFD-CB1FA713C558" otype="Relation" vid_source="3E95E2F9-0EB4-AD54-ABE6-EE4C9D145112" vid_target="D7A205C2-8B93-DBCE-673D-932710CBCC18">
<hideElementsInCurrentOnly>false</hideElementsInCurrentOnly>
<lineWidth>1</lineWidth>
<points>
<point x="960" y="819"/>
<point x="960" y="990"/>
</points>
</Connector>
<Connector class="oracle.dbtools.crest.swingui.logical.TVRelation" oid="098423A7-E573-78C1-80A3-4F4072D43FDA" otype="Relation" vid_source="B88D49B1-9053-9961-4863-EC66E1B84103" vid_target="35496A78-80B3-7FCC-9EA5-0CC013F5AEED">
<hideElementsInCurrentOnly>false</hideElementsInCurrentOnly>
<lineWidth>1</lineWidth>
<points>
<point x="254" y="115"/>
<point x="355" y="115"/>
</points>
</Connector>
<Connector class="oracle.dbtools.crest.swingui.logical.TVRelation" oid="09BEFE8B-8E29-AAAF-E633-4CB93E687C3A" otype="Relation" vid_source="CCB9D25E-396A-9B3D-3D76-86AC16F3749F" vid_target="357560C8-5264-C2F2-5499-0B9C3B9E404B">
<hideElementsInCurrentOnly>false</hideElementsInCurrentOnly>
<lineWidth>1</lineWidth>
<points>
<point x="1271" y="74"/>
<point x="1433" y="74"/>
<point x="1433" y="144"/>
</points>
</Connector>
<Connector class="oracle.dbtools.crest.swingui.logical.TVRelation" oid="142FD289-C7F8-0D5D-ED19-72324271B26E" otype="Relation" vid_source="D7A205C2-8B93-DBCE-673D-932710CBCC18" vid_target="9BE346D9-DD24-B353-9D63-80DC8F3ED584">
<hideElementsInCurrentOnly>false</hideElementsInCurrentOnly>
<lineWidth>1</lineWidth>
<points>
<point x="840" y="1073"/>
<point x="301" y="1073"/>
</points>
</Connector>
<Connector class="oracle.dbtools.crest.swingui.logical.TVRelation" oid="15C2FE7D-2669-B0F4-3080-A38F3AA8B986" otype="Relation" vid_source="0EA75574-B57F-4404-4FD9-EF63EF51AAB6" vid_target="CE4F6ED3-5DC7-F6D4-2699-D68B38AECB56">
<hideElementsInCurrentOnly>false</hideElementsInCurrentOnly>
<lineWidth>1</lineWidth>
<points>
<point x="1405" y="995"/>
<point x="1405" y="928"/>
<point x="1217" y="928"/>
</points>
</Connector>
<Connector class="oracle.dbtools.crest.swingui.logical.TVRelation" oid="1AD19CFB-0DE0-134F-F82A-05991A7B5250" otype="Relation" vid_source="80477939-2977-3240-0CBC-A6E0793DA9C7" vid_target="357560C8-5264-C2F2-5499-0B9C3B9E404B">
<hideElementsInCurrentOnly>false</hideElementsInCurrentOnly>
<lineWidth>1</lineWidth>
<points>
<point x="1172" y="243"/>
<point x="1331" y="243"/>
</points>
</Connector>
<Connector class="oracle.dbtools.crest.swingui.logical.TVRelation" oid="2AC1B058-0899-EED6-CBA5-B9AE43D86729" otype="Relation" vid_source="7540E9F6-5A5F-C985-F755-9520824CC024" vid_target="5A604639-01FC-A229-34D0-29AE0053647D">
<hideElementsInCurrentOnly>false</hideElementsInCurrentOnly>
<lineWidth>1</lineWidth>
<points>
<point x="1707" y="463"/>
<point x="1881" y="463"/>
</points>
</Connector>
<Connector class="oracle.dbtools.crest.swingui.logical.TVRelation" oid="353C3C95-A11D-84DA-6798-F1125CF7D11D" otype="Relation" vid_source="EDC10FFA-9875-2935-6E45-13B8F55C6376" vid_target="3F9890B1-9E6F-C71E-3A16-84C6D2772176">
<hideElementsInCurrentOnly>false</hideElementsInCurrentOnly>
<lineWidth>1</lineWidth>
<points>
<point x="292" y="274"/>
<point x="397" y="274"/>
</points>
</Connector>
<Connector class="oracle.dbtools.crest.swingui.logical.TVRelation" oid="38B3E6A5-CF30-BE17-87FC-1216671B0C46" otype="Relation" vid_source="0395AEB7-BEF4-1585-6080-2D2C53381E4A" vid_target="A4B60B8E-4B20-F269-1518-2E54A3957A8B">
<hideElementsInCurrentOnly>false</hideElementsInCurrentOnly>
<lineWidth>1</lineWidth>
<points>
<point x="856" y="456"/>
<point x="856" y="325"/>
<point x="1060" y="325"/>
</points>
</Connector>
<Connector class="oracle.dbtools.crest.swingui.logical.TVRelation" oid="484C8651-3EE8-40CB-2838-B7D84DF50B0E" otype="Relation" vid_source="0395AEB7-BEF4-1585-6080-2D2C53381E4A" vid_target="F190D105-96FB-2B20-4FCA-0CD422304078">
<hideElementsInCurrentOnly>false</hideElementsInCurrentOnly>
<lineWidth>1</lineWidth>
<points>
<point x="751" y="587"/>
<point x="751" y="701"/>
</points>
</Connector>
<Connector class="oracle.dbtools.crest.swingui.logical.TVRelation" oid="5C50AEAF-D11D-D20D-B106-29D5FC729C24" otype="Relation" vid_source="66B6E99D-749B-F0E6-51BC-C759D0295B1E" vid_target="6491A0DE-A413-BD26-883B-DFF804541583">
<hideElementsInCurrentOnly>false</hideElementsInCurrentOnly>
<lineWidth>1</lineWidth>
<points>
<point x="335" y="596"/>
<point x="335" y="544"/>
</points>
</Connector>
<Connector class="oracle.dbtools.crest.swingui.logical.TVRelation" oid="63DBF8D2-61DD-D178-B990-27EAEAAB23DB" otype="Relation" vid_source="357560C8-5264-C2F2-5499-0B9C3B9E404B" vid_target="003AB68B-08AC-0E97-F88B-88865C66F82B">
<hideElementsInCurrentOnly>false</hideElementsInCurrentOnly>
<lineWidth>1</lineWidth>
<points>
<point x="1589" y="220"/>
<point x="1763" y="220"/>
</points>
</Connector>
<Connector class="oracle.dbtools.crest.swingui.logical.TVRelation" oid="71D4591C-63BF-4BFD-F4D8-EC6FF7026311" otype="Relation" vid_source="5A604639-01FC-A229-34D0-29AE0053647D" vid_target="B249370E-4A34-C173-C1F3-CBE0F407D602">
<hideElementsInCurrentOnly>false</hideElementsInCurrentOnly>
<lineWidth>1</lineWidth>
<points>
<point x="1945" y="512"/>
<point x="1944" y="602"/>
</points>
</Connector>
<Connector class="oracle.dbtools.crest.swingui.logical.TVRelation" oid="7263A996-FF16-E519-09DF-809EFDA364AA" otype="Relation" vid_source="B6A06614-29D0-DD08-F9ED-FE3C26056ED1" vid_target="0EA75574-B57F-4404-4FD9-EF63EF51AAB6">
<hideElementsInCurrentOnly>false</hideElementsInCurrentOnly>
<lineWidth>1</lineWidth>
<points>
<point x="1709" y="1040"/>
<point x="1558" y="1040"/>
<point x="1557" y="1040"/>
</points>
</Connector>
<Connector class="oracle.dbtools.crest.swingui.logical.TVRelation" oid="907C1787-9C1A-EFF1-DBA7-F98A9960CE7B" otype="Relation" vid_source="B88D49B1-9053-9961-4863-EC66E1B84103" vid_target="003AB68B-08AC-0E97-F88B-88865C66F82B">
<hideElementsInCurrentOnly>false</hideElementsInCurrentOnly>
<lineWidth>1</lineWidth>
<points>
<point x="254" y="24"/>
<point x="1543" y="17"/>
<point x="1794" y="113"/>
<point x="1794" y="168"/>
</points>
</Connector>
<Connector class="oracle.dbtools.crest.swingui.logical.TVRelation" oid="9675815A-5C82-68C1-6C71-C28596619576" otype="Relation" vid_source="BCE3AC9C-31EB-A3FF-FF58-3DBC6E83085C" vid_target="DFE85C55-45FC-DE0C-FEB2-6F7D9DDB40EC">
<hideElementsInCurrentOnly>false</hideElementsInCurrentOnly>
<lineWidth>1</lineWidth>
<points>
<point x="610" y="951"/>
<point x="504" y="951"/>
</points>
</Connector>
<Connector class="oracle.dbtools.crest.swingui.logical.TVRelation" oid="974E7849-7700-488F-5366-069CF6C0CCE7" otype="Relation" vid_source="B88D49B1-9053-9961-4863-EC66E1B84103" vid_target="9F1A5653-D6B0-9460-A30F-C03AC2C7EC54">
<hideElementsInCurrentOnly>false</hideElementsInCurrentOnly>
<lineWidth>1</lineWidth>
<points>
<point x="100" y="222"/>
<point x="100" y="527"/>
</points>
</Connector>
<Connector class="oracle.dbtools.crest.swingui.logical.TVRelation" oid="98EFD32E-B791-323B-D6EB-A4998D8B285F" otype="Relation" vid_source="2156537F-4EBC-1AC3-E989-A777630E5FAD" vid_target="D3B2A2C9-C696-97D5-42CC-E58135808118">
<hideElementsInCurrentOnly>false</hideElementsInCurrentOnly>
<lineWidth>1</lineWidth>
<points>
<point x="634" y="310"/>
<point x="634" y="527"/>
</points>
</Connector>
<Connector class="oracle.dbtools.crest.swingui.logical.TVRelation" oid="9E632964-D631-6AC7-9FBA-11A861D3DD75" otype="Relation" vid_source="24F587D5-2052-1CF6-C087-038C5B0A0013" vid_target="D78E0169-4543-84A5-CF27-35B7AA5E3DAA">
<hideElementsInCurrentOnly>false</hideElementsInCurrentOnly>
<lineWidth>1</lineWidth>
<points>
<point x="1213" y="555"/>
<point x="1213" y="711"/>
</points>
</Connector>
<Connector class="oracle.dbtools.crest.swingui.logical.TVRelation" oid="A8C7053D-786B-3FE1-C3AE-E8680646F02D" otype="Relation" vid_source="24F587D5-2052-1CF6-C087-038C5B0A0013" vid_target="A160129A-F9CE-8075-0125-69B57F5C8AF4">
<hideElementsInCurrentOnly>false</hideElementsInCurrentOnly>
<lineWidth>1</lineWidth>
<points>
<point x="1281" y="545"/>
<point x="1472" y="545"/>
<point x="1472" y="615"/>
</points>
</Connector>
<Connector class="oracle.dbtools.crest.swingui.logical.TVRelation" oid="B24F6DDB-AD6A-6FA3-009E-03D07925B38C" otype="Relation" vid_source="1CDEDDB2-95AB-8B14-BC1B-C1D7DAFB1EEF" vid_target="0395AEB7-BEF4-1585-6080-2D2C53381E4A">
<hideElementsInCurrentOnly>false</hideElementsInCurrentOnly>
<lineWidth>1</lineWidth>
<points>
<point x="796" y="398"/>
<point x="796" y="397"/>
<point x="796" y="456"/>
</points>
</Connector>
<Connector class="oracle.dbtools.crest.swingui.logical.TVRelation" oid="B3CE161B-9FFE-0D59-149E-0D27C6D5665D" otype="Relation" vid_source="ACAB0320-E5B5-E1D3-1D5B-F772C4D85AA1" vid_target="6446C96B-5AA6-FCAD-A9A2-35393F4A8CEB">
<hideElementsInCurrentOnly>false</hideElementsInCurrentOnly>
<lineWidth>1</lineWidth>
<points>
<point x="1375" y="1176"/>
<point x="1299" y="1176"/>
</points>
</Connector>
<Connector class="oracle.dbtools.crest.swingui.logical.TVRelation" oid="BCAD85B5-C9F0-2F0F-BD7A-2300539FFA02" otype="Relation" vid_source="357560C8-5264-C2F2-5499-0B9C3B9E404B" vid_target="24F587D5-2052-1CF6-C087-038C5B0A0013">
<hideElementsInCurrentOnly>false</hideElementsInCurrentOnly>
<lineWidth>1</lineWidth>
<points>
<point x="1466" y="307"/>
<point x="1466" y="448"/>
<point x="1281" y="448"/>
</points>
</Connector>
<Connector class="oracle.dbtools.crest.swingui.logical.TVRelation" oid="BCF696DF-5B93-C178-7B25-C6176581A434" otype="Relation" vid_source="AC7115B1-36D3-1847-37C8-B58C4647A5C2" vid_target="9F1A5653-D6B0-9460-A30F-C03AC2C7EC54">
<hideElementsInCurrentOnly>false</hideElementsInCurrentOnly>
<lineWidth>1</lineWidth>
<points>
<point x="106" y="868"/>
<point x="106" y="637"/>
</points>
</Connector>
<Connector class="oracle.dbtools.crest.swingui.logical.TVRelation" oid="C5C41FE6-128F-B48E-A5CE-CDC2AFFE5CC2" otype="Relation" vid_source="24F587D5-2052-1CF6-C087-038C5B0A0013" vid_target="0395AEB7-BEF4-1585-6080-2D2C53381E4A">
<hideElementsInCurrentOnly>false</hideElementsInCurrentOnly>
<lineWidth>1</lineWidth>
<points>
<point x="1069" y="491"/>
<point x="875" y="492"/>
</points>
</Connector>
<Connector class="oracle.dbtools.crest.swingui.logical.TVRelation" oid="C7ABFB0A-7475-AB59-C8A1-17B4AC540FCD" otype="Relation" vid_source="2156537F-4EBC-1AC3-E989-A777630E5FAD" vid_target="3F9890B1-9E6F-C71E-3A16-84C6D2772176">
<hideElementsInCurrentOnly>false</hideElementsInCurrentOnly>
<lineWidth>1</lineWidth>
<points>
<point x="613" y="251"/>
<point x="567" y="251"/>
</points>
</Connector>
<Connector class="oracle.dbtools.crest.swingui.logical.TVRelation" oid="C8CD68AD-94FB-5F54-A72E-EA09485F25D2" otype="Relation" vid_source="B1034DE7-22D4-86C0-AB68-D3BEC1D770A2" vid_target="ACAB0320-E5B5-E1D3-1D5B-F772C4D85AA1">
<hideElementsInCurrentOnly>false</hideElementsInCurrentOnly>
<lineWidth>1</lineWidth>
<points>
<point x="1638" y="1169"/>
<point x="1543" y="1169"/>
</points>
</Connector>
<Connector class="oracle.dbtools.crest.swingui.logical.TVRelation" oid="CE521DA5-393C-F6C2-B6AE-972164439751" otype="Relation" vid_source="24F587D5-2052-1CF6-C087-038C5B0A0013" vid_target="3E95E2F9-0EB4-AD54-ABE6-EE4C9D145112">
<hideElementsInCurrentOnly>false</hideElementsInCurrentOnly>
<lineWidth>1</lineWidth>
<points>
<point x="1069" y="540"/>
<point x="933" y="540"/>
<point x="933" y="697"/>
</points>
</Connector>
<Connector class="oracle.dbtools.crest.swingui.logical.TVRelation" oid="DA47ABFD-E16A-44E2-B50A-E6545D6388C1" otype="Relation" vid_source="66B6E99D-749B-F0E6-51BC-C759D0295B1E" vid_target="F190D105-96FB-2B20-4FCA-0CD422304078">
<hideElementsInCurrentOnly>false</hideElementsInCurrentOnly>
<lineWidth>1</lineWidth>
<points>
<point x="250" y="744"/>
<point x="250" y="782"/>
<point x="581" y="782"/>
</points>
</Connector>
<Connector class="oracle.dbtools.crest.swingui.logical.TVRelation" oid="E033C7DE-E97E-72FA-15B3-2F7CECABAF83" otype="Relation" vid_source="BCE3AC9C-31EB-A3FF-FF58-3DBC6E83085C" vid_target="CE4F6ED3-5DC7-F6D4-2699-D68B38AECB56">
<hideElementsInCurrentOnly>false</hideElementsInCurrentOnly>
<lineWidth>1</lineWidth>
<points>
<point x="829" y="918"/>
<point x="1016" y="918"/>
</points>
</Connector>
<Connector class="oracle.dbtools.crest.swingui.logical.TVRelation" oid="E5C1B9DC-4CC7-7C48-4BD2-B94FC87F81C0" otype="Relation" vid_source="76E8DE41-54FC-4A7D-32A4-28058487BCB7" vid_target="9BE346D9-DD24-B353-9D63-80DC8F3ED584">
<hideElementsInCurrentOnly>false</hideElementsInCurrentOnly>
<lineWidth>1</lineWidth>
<points>
<point x="471" y="1173"/>
<point x="301" y="1173"/>
</points>
</Connector>
<Connector class="oracle.dbtools.crest.swingui.logical.TVRelation" oid="E7523CC7-2BCC-6C35-EB2E-BA0271223B1C" otype="Relation" vid_source="AC7115B1-36D3-1847-37C8-B58C4647A5C2" vid_target="DFE85C55-45FC-DE0C-FEB2-6F7D9DDB40EC">
<hideElementsInCurrentOnly>false</hideElementsInCurrentOnly>
<lineWidth>1</lineWidth>
<points>
<point x="243" y="936"/>
<point x="334" y="936"/>
</points>
</Connector>
<Connector class="oracle.dbtools.crest.swingui.logical.TVRelation" oid="E77DAEC6-A616-CBA1-EEF1-D29977D142AD" otype="Relation" vid_source="EDC10FFA-9875-2935-6E45-13B8F55C6376" vid_target="6491A0DE-A413-BD26-883B-DFF804541583">
<hideElementsInCurrentOnly>false</hideElementsInCurrentOnly>
<lineWidth>1</lineWidth>
<points>
<point x="267" y="365"/>
<point x="267" y="401"/>
</points>
</Connector>
<Connector class="oracle.dbtools.crest.swingui.logical.TVRelation" oid="E95C31AD-E048-07FA-328B-B4D31B7227CB" otype="Relation" vid_source="6446C96B-5AA6-FCAD-A9A2-35393F4A8CEB" vid_target="0EA75574-B57F-4404-4FD9-EF63EF51AAB6">
<hideElementsInCurrentOnly>false</hideElementsInCurrentOnly>
<lineWidth>1</lineWidth>
<points>
<point x="1222" y="1141"/>
<point x="1222" y="1061"/>
<point x="1362" y="1061"/>
</points>
</Connector>
<Connector class="oracle.dbtools.crest.swingui.logical.TVRelation" oid="EED20A65-287C-425A-7B9E-BAA922508A12" otype="Relation" vid_source="24F587D5-2052-1CF6-C087-038C5B0A0013" vid_target="7540E9F6-5A5F-C985-F755-9520824CC024">
<hideElementsInCurrentOnly>false</hideElementsInCurrentOnly>
<lineWidth>1</lineWidth>
<points>
<point x="1281" y="481"/>
<point x="1516" y="481"/>
</points>
</Connector>
<Connector class="oracle.dbtools.crest.swingui.logical.TVRelation" oid="F026754F-C0FB-1693-315C-E4B464301DD3" otype="Relation" vid_source="D3B2A2C9-C696-97D5-42CC-E58135808118" vid_target="66B6E99D-749B-F0E6-51BC-C759D0295B1E">
<hideElementsInCurrentOnly>false</hideElementsInCurrentOnly>
<lineWidth>1</lineWidth>
<points>
<point x="482" y="615"/>
<point x="427" y="615"/>
</points>
</Connector>
<Connector class="oracle.dbtools.crest.swingui.logical.TVRelation" oid="F51A8950-1766-01E0-A713-BA4BF188EFC1" otype="Relation" vid_source="0EA75574-B57F-4404-4FD9-EF63EF51AAB6" vid_target="A160129A-F9CE-8075-0125-69B57F5C8AF4">
<hideElementsInCurrentOnly>false</hideElementsInCurrentOnly>
<lineWidth>1</lineWidth>
<points>
<point x="1506" y="995"/>
<point x="1506" y="916"/>
<point x="1505" y="866"/>
<point x="1505" y="726"/>
</points>
</Connector>
<Connector class="oracle.dbtools.crest.swingui.logical.TVRelation" oid="FE36E522-53BC-BB3D-5C97-42A39FD35B65" otype="Relation" vid_source="AC7115B1-36D3-1847-37C8-B58C4647A5C2" vid_target="9BE346D9-DD24-B353-9D63-80DC8F3ED584">
<hideElementsInCurrentOnly>false</hideElementsInCurrentOnly>
<lineWidth>1</lineWidth>
<points>
<point x="150" y="974"/>
<point x="150" y="1046"/>
</points>
</Connector>
</connectors>
<arcs>
<Arc class="oracle.dbtools.crest.swingui.logical.TVArc" oid="0CB81F02-4311-FF23-F12A-6B2BD1EF8AAC" otype="Arc" vid="6BCCEB5D-0AF7-A443-B86F-3E9486D07B64">
<hideElementsInCurrentOnly>false</hideElementsInCurrentOnly>
<bounds x="1049" y="414" width="252" height="161"/>
</Arc>
</arcs>
</Diagram>