<?xml version = '1.0' encoding = 'UTF-8'?>
<Entity class="oracle.dbtools.crest.model.design.logical.Entity" directorySegmentName="seg_0" id="0363959F-0DBF-C9CD-135E-7F057DEAF7D7" name="T_VFC_COMPOSICAO_PROD">
<createdBy>logonrm</createdBy>
<createdTime>2017-09-18 13:52:53 UTC</createdTime>
<ownerDesignName>banco</ownerDesignName>
<engineerTo>
<item key="79DBAC6E-7ECE-7411-7C89-31B79CF16E25" value="true"/>
</engineerTo>
<adequatelyNormalized>NO</adequatelyNormalized>
<expectedVolumes>0</expectedVolumes>
<fwdEngineeringStrategyName>Single Table</fwdEngineeringStrategyName>
<growthPercent>0</growthPercent>
<growthType>Year</growthType>
<maxVolumes>9999999</maxVolumes>
<minVolumes>0</minVolumes>
<normalForm>Third</normalForm>
<attributes itemClass="oracle.dbtools.crest.model.design.logical.Attribute">
<Attribute name="cd_produto" id="535F320A-808D-3EA0-3859-81B9E5444B06">
<createdBy>logonrm</createdBy>
<createdTime>2017-09-18 13:53:21 UTC</createdTime>
<generatorID>974E7849-7700-488F-5366-069CF6C0CCE7</generatorID>
<ownerDesignName>banco</ownerDesignName>
<engineerTo>
<item key="79DBAC6E-7ECE-7411-7C89-31B79CF16E25" value="true"/>
</engineerTo>
<referedAttribute>8539B5C7-0142-AEC2-2609-A608BBE0B22D</referedAttribute>
<useDomainConstraints>false</useDomainConstraints>
<use>1</use>
<logicalDatatype>LOGDT019</logicalDatatype>
<dataTypePrecision>5</dataTypePrecision>
<ownDataTypeParameters>,5,</ownDataTypeParameters>
</Attribute>
<Attribute name="cd_materia_prima" id="0D996EDF-045A-CB7F-74AC-BEDD7563ED3E">
<createdBy>logonrm</createdBy>
<createdTime>2017-09-18 13:53:44 UTC</createdTime>
<generatorID>BCF696DF-5B93-C178-7B25-C6176581A434</generatorID>
<ownerDesignName>banco</ownerDesignName>
<engineerTo>
<item key="79DBAC6E-7ECE-7411-7C89-31B79CF16E25" value="true"/>
</engineerTo>
<referedAttribute>408674AE-E6DC-0E95-BB39-2E1E9B9EDAD4</referedAttribute>
<useDomainConstraints>false</useDomainConstraints>
<use>1</use>
<logicalDatatype>LOGDT019</logicalDatatype>
<dataTypePrecision>4</dataTypePrecision>
<ownDataTypeParameters>,4,</ownDataTypeParameters>
</Attribute>
<Attribute name="qt_materia_prima" id="3C838E2E-46B9-DFE9-7A48-6229AEDE4401">
<createdBy>logonrm</createdBy>
<createdTime>2017-09-18 16:15:23 UTC</createdTime>
<ownerDesignName>banco</ownerDesignName>
<engineerTo>
<item key="79DBAC6E-7ECE-7411-7C89-31B79CF16E25" value="true"/>
</engineerTo>
<useDomainConstraints>false</useDomainConstraints>
<use>1</use>
<logicalDatatype>LOGDT019</logicalDatatype>
<dataTypePrecision>5</dataTypePrecision>
<ownDataTypeParameters>,5,</ownDataTypeParameters>
</Attribute>
</attributes>
<identifiers itemClass="oracle.dbtools.crest.model.design.logical.CandidateKey">
<identifier id="54F6195A-B1CE-6EA0-FF14-13E1CD63EB80" name="PK">
<createdBy>logonrm</createdBy>
<createdTime>2017-09-18 13:53:21 UTC</createdTime>
<ownerDesignName>banco</ownerDesignName>
<engineerTo>
<item key="79DBAC6E-7ECE-7411-7C89-31B79CF16E25" value="true"/>
</engineerTo>
<pk>true</pk>
<newElementsIDs>974E7849-7700-488F-5366-069CF6C0CCE7,BCF696DF-5B93-C178-7B25-C6176581A434</newElementsIDs>
<usedAttributes>
<attributeRef>535F320A-808D-3EA0-3859-81B9E5444B06</attributeRef>
<attributeRef>0D996EDF-045A-CB7F-74AC-BEDD7563ED3E</attributeRef>
</usedAttributes>
</identifier>
</identifiers>
</Entity>