<?xml version = '1.0' encoding = 'UTF-8'?>
<Entity class="oracle.dbtools.crest.model.design.logical.Entity" directorySegmentName="seg_0" id="39B2A3F1-9336-59C7-0116-7B2F3374F5FB" name="T_VFC_FORNECEDOR">
<createdBy>logonrm</createdBy>
<createdTime>2017-09-13 12:12:13 UTC</createdTime>
<ownerDesignName>banco</ownerDesignName>
<engineerTo>
<item key="79DBAC6E-7ECE-7411-7C89-31B79CF16E25" value="true"/>
</engineerTo>
<adequatelyNormalized>NO</adequatelyNormalized>
<expectedVolumes>0</expectedVolumes>
<fwdEngineeringStrategyName>Single Table</fwdEngineeringStrategyName>
<growthPercent>0</growthPercent>
<growthType>Year</growthType>
<maxVolumes>9999999</maxVolumes>
<minVolumes>0</minVolumes>
<normalForm>Third</normalForm>
<attributes itemClass="oracle.dbtools.crest.model.design.logical.Attribute">
<Attribute name="cd_fornecedor" id="6C9FE9EB-9500-FA93-6240-26C83967350B">
<createdBy>logonrm</createdBy>
<createdTime>2017-09-13 12:12:26 UTC</createdTime>
<ownerDesignName>banco</ownerDesignName>
<engineerTo>
<item key="79DBAC6E-7ECE-7411-7C89-31B79CF16E25" value="true"/>
</engineerTo>
<useDomainConstraints>false</useDomainConstraints>
<use>1</use>
<logicalDatatype>LOGDT019</logicalDatatype>
<dataTypePrecision>5</dataTypePrecision>
<ownDataTypeParameters>,5,</ownDataTypeParameters>
</Attribute>
<Attribute name="cd_pessoa" id="88A74427-75CB-4C6A-2AD7-E1E63BB20A60">
<createdBy>logonrm</createdBy>
<createdTime>2017-09-18 12:40:53 UTC</createdTime>
<generatorID>027D0B0B-14C2-2696-EFFD-CB1FA713C558</generatorID>
<ownerDesignName>banco</ownerDesignName>
<engineerTo>
<item key="79DBAC6E-7ECE-7411-7C89-31B79CF16E25" value="true"/>
</engineerTo>
<referedAttribute>927EDEF2-93CA-9474-C44F-54333231C1C7</referedAttribute>
<useDomainConstraints>false</useDomainConstraints>
<use>1</use>
<logicalDatatype>LOGDT019</logicalDatatype>
<dataTypePrecision>5</dataTypePrecision>
<ownDataTypeParameters>,5,</ownDataTypeParameters>
</Attribute>
<Attribute name="dt_cadastro" id="9EEAFC6D-CE80-D473-DD1C-D702F2A99E8E">
<createdBy>logonrm</createdBy>
<createdTime>2017-09-13 12:24:15 UTC</createdTime>
<ownerDesignName>banco</ownerDesignName>
<engineerTo>
<item key="79DBAC6E-7ECE-7411-7C89-31B79CF16E25" value="true"/>
</engineerTo>
<useDomainConstraints>false</useDomainConstraints>
<use>1</use>
<logicalDatatype>LOGDT007</logicalDatatype>
<ownDataTypeParameters>,,</ownDataTypeParameters>
</Attribute>
<Attribute name="ds_avaliacao" id="5AF3E91B-F949-D712-30D1-49928B11AD8A">
<createdBy>logonrm</createdBy>
<createdTime>2017-09-18 12:25:00 UTC</createdTime>
<comment>Avaliacao atribuida a um fornecedor por sua referência em tempo, preço e qualidade</comment>
<ownerDesignName>banco</ownerDesignName>
<engineerTo>
<item key="79DBAC6E-7ECE-7411-7C89-31B79CF16E25" value="true"/>
</engineerTo>
<nullsAllowed>true</nullsAllowed>
<useDomainConstraints>false</useDomainConstraints>
<use>1</use>
<logicalDatatype>LOGDT024</logicalDatatype>
<dataTypeSize>15</dataTypeSize>
<ownDataTypeParameters>15,,</ownDataTypeParameters>
</Attribute>
</attributes>
<identifiers itemClass="oracle.dbtools.crest.model.design.logical.CandidateKey">
<identifier id="360CD76E-2B38-B106-173F-CFA844B16E9A" name="PK_VFC_FORNECEDOR">
<createdBy>logonrm</createdBy>
<createdTime>2017-09-13 12:12:44 UTC</createdTime>
<ownerDesignName>banco</ownerDesignName>
<engineerTo>
<item key="79DBAC6E-7ECE-7411-7C89-31B79CF16E25" value="true"/>
</engineerTo>
<pk>true</pk>
<newElementsIDs>6C9FE9EB-9500-FA93-6240-26C83967350B,027D0B0B-14C2-2696-EFFD-CB1FA713C558</newElementsIDs>
<usedAttributes>
<attributeRef>6C9FE9EB-9500-FA93-6240-26C83967350B</attributeRef>
</usedAttributes>
</identifier>
</identifiers>
</Entity>