<?xml version = '1.0' encoding = 'UTF-8'?>
<Entity class="oracle.dbtools.crest.model.design.logical.Entity" directorySegmentName="seg_0" id="66B218AC-B90F-8385-D20D-EC42B7297F6F" name="T_VFC_ESTOQUE">
<createdBy>logonrm</createdBy>
<createdTime>2017-09-04 14:13:43 UTC</createdTime>
<ownerDesignName>banco</ownerDesignName>
<engineerTo>
<item key="79DBAC6E-7ECE-7411-7C89-31B79CF16E25" value="true"/>
</engineerTo>
<adequatelyNormalized>NO</adequatelyNormalized>
<expectedVolumes>0</expectedVolumes>
<fwdEngineeringStrategyName>Single Table</fwdEngineeringStrategyName>
<growthPercent>0</growthPercent>
<growthType>Year</growthType>
<maxVolumes>9999999</maxVolumes>
<minVolumes>0</minVolumes>
<normalForm>Third</normalForm>
<attributes itemClass="oracle.dbtools.crest.model.design.logical.Attribute">
<Attribute name="cd_estoque" id="19DD4619-4D11-34F2-8B2F-251D3FA97C0E">
<createdBy>logonrm</createdBy>
<createdTime>2017-09-04 14:18:37 UTC</createdTime>
<ownerDesignName>banco</ownerDesignName>
<engineerTo>
<item key="79DBAC6E-7ECE-7411-7C89-31B79CF16E25" value="true"/>
</engineerTo>
<useDomainConstraints>false</useDomainConstraints>
<use>1</use>
<logicalDatatype>LOGDT019</logicalDatatype>
<dataTypePrecision>5</dataTypePrecision>
<ownDataTypeParameters>,5,</ownDataTypeParameters>
</Attribute>
<Attribute name="qt_total_estoque" id="FDF63D95-BDF7-D823-F0BC-D8094BDB97AC">
<createdBy>logonrm</createdBy>
<createdTime>2017-09-04 14:19:24 UTC</createdTime>
<ownerDesignName>banco</ownerDesignName>
<engineerTo>
<item key="79DBAC6E-7ECE-7411-7C89-31B79CF16E25" value="true"/>
</engineerTo>
<useDomainConstraints>false</useDomainConstraints>
<use>1</use>
<logicalDatatype>LOGDT019</logicalDatatype>
<dataTypePrecision>10</dataTypePrecision>
<ownDataTypeParameters>,10,</ownDataTypeParameters>
</Attribute>
<Attribute name="ds_estoque" id="E08F9338-9AA4-3F13-E158-CF57B1F91262">
<createdBy>logonrm</createdBy>
<createdTime>2017-09-13 16:31:29 UTC</createdTime>
<ownerDesignName>banco</ownerDesignName>
<engineerTo>
<item key="79DBAC6E-7ECE-7411-7C89-31B79CF16E25" value="true"/>
</engineerTo>
<useDomainConstraints>false</useDomainConstraints>
<use>1</use>
<logicalDatatype>LOGDT024</logicalDatatype>
<dataTypeSize>20</dataTypeSize>
<ownDataTypeParameters>20,,</ownDataTypeParameters>
</Attribute>
<Attribute name="qt_minima_estoque" id="41A4120D-BD6B-5824-E762-04546E318A03">
<createdBy>logonrm</createdBy>
<createdTime>2017-09-18 17:40:44 UTC</createdTime>
<ownerDesignName>banco</ownerDesignName>
<engineerTo>
<item key="79DBAC6E-7ECE-7411-7C89-31B79CF16E25" value="true"/>
</engineerTo>
<useDomainConstraints>false</useDomainConstraints>
<use>1</use>
<logicalDatatype>LOGDT019</logicalDatatype>
<dataTypePrecision>10</dataTypePrecision>
<ownDataTypeParameters>,10,</ownDataTypeParameters>
</Attribute>
<Attribute name="nr_latitude" id="63100523-4483-9B1F-60B3-D097F9A7EDF5">
<createdBy>logonrm</createdBy>
<createdTime>2017-09-18 17:41:18 UTC</createdTime>
<ownerDesignName>banco</ownerDesignName>
<engineerTo>
<item key="79DBAC6E-7ECE-7411-7C89-31B79CF16E25" value="true"/>
</engineerTo>
<useDomainConstraints>false</useDomainConstraints>
<use>1</use>
<logicalDatatype>LOGDT026</logicalDatatype>
<dataTypePrecision>2</dataTypePrecision>
<dataTypeScale>10</dataTypeScale>
<ownDataTypeParameters>,2,10</ownDataTypeParameters>
</Attribute>
<Attribute name="nr_longitude" id="27A073EA-B3E9-DFBC-08E0-2EBCD03B1226">
<createdBy>logonrm</createdBy>
<createdTime>2017-09-18 17:41:58 UTC</createdTime>
<ownerDesignName>banco</ownerDesignName>
<engineerTo>
<item key="79DBAC6E-7ECE-7411-7C89-31B79CF16E25" value="true"/>
</engineerTo>
<useDomainConstraints>false</useDomainConstraints>
<use>1</use>
<logicalDatatype>LOGDT026</logicalDatatype>
<dataTypePrecision>2</dataTypePrecision>
<dataTypeScale>5</dataTypeScale>
<ownDataTypeParameters>,2,5</ownDataTypeParameters>
</Attribute>
</attributes>
<identifiers itemClass="oracle.dbtools.crest.model.design.logical.CandidateKey">
<identifier id="181876FF-B4A5-1C96-F00F-45F32FF7FD20" name="PK_VFC_ESTOQUE">
<createdBy>logonrm</createdBy>
<createdTime>2017-09-18 17:31:09 UTC</createdTime>
<ownerDesignName>banco</ownerDesignName>
<engineerTo>
<item key="79DBAC6E-7ECE-7411-7C89-31B79CF16E25" value="true"/>
</engineerTo>
<pk>true</pk>
<newElementsIDs>19DD4619-4D11-34F2-8B2F-251D3FA97C0E</newElementsIDs>
<usedAttributes>
<attributeRef>19DD4619-4D11-34F2-8B2F-251D3FA97C0E</attributeRef>
</usedAttributes>
</identifier>
</identifiers>
</Entity>