<?xml version = '1.0' encoding = 'UTF-8'?>
<Entity class="oracle.dbtools.crest.model.design.logical.Entity" directorySegmentName="seg_0" id="8906B641-5F0C-25AB-2630-D19A4C98DB35" name="T_VFC_TIPO_LOG">
<createdBy>logonpf</createdBy>
<createdTime>2017-04-24 13:38:38 UTC</createdTime>
<ownerDesignName>banco</ownerDesignName>
<engineerTo>
<item key="79DBAC6E-7ECE-7411-7C89-31B79CF16E25" value="true"/>
</engineerTo>
<adequatelyNormalized>NO</adequatelyNormalized>
<expectedVolumes>0</expectedVolumes>
<fwdEngineeringStrategyName>Single Table</fwdEngineeringStrategyName>
<growthPercent>0</growthPercent>
<growthType>Year</growthType>
<maxVolumes>9999999</maxVolumes>
<minVolumes>0</minVolumes>
<normalForm>Third</normalForm>
<attributes itemClass="oracle.dbtools.crest.model.design.logical.Attribute">
<Attribute name="cd_tipo_log" id="FE9B4550-B887-21A7-F4BA-4F8E7526DBA5">
<createdBy>logonpf</createdBy>
<createdTime>2017-04-24 13:38:58 UTC</createdTime>
<ownerDesignName>banco</ownerDesignName>
<engineerTo>
<item key="79DBAC6E-7ECE-7411-7C89-31B79CF16E25" value="true"/>
</engineerTo>
<useDomainConstraints>false</useDomainConstraints>
<use>1</use>
<logicalDatatype>LOGDT019</logicalDatatype>
<dataTypePrecision>2</dataTypePrecision>
<ownDataTypeParameters>,2,</ownDataTypeParameters>
</Attribute>
<Attribute name="ds_tipo_log" id="3B8828DE-B856-E5DD-D4A9-B305D83D8622">
<createdBy>logonpf</createdBy>
<createdTime>2017-04-24 13:39:03 UTC</createdTime>
<ownerDesignName>banco</ownerDesignName>
<engineerTo>
<item key="79DBAC6E-7ECE-7411-7C89-31B79CF16E25" value="true"/>
</engineerTo>
<useDomainConstraints>false</useDomainConstraints>
<use>1</use>
<logicalDatatype>LOGDT024</logicalDatatype>
<dataTypeSize>20</dataTypeSize>
<ownDataTypeParameters>20,,</ownDataTypeParameters>
</Attribute>
</attributes>
<identifiers itemClass="oracle.dbtools.crest.model.design.logical.CandidateKey">
<identifier id="648EFD1E-9D55-56AC-E09D-1D1477F19637" name="PK_VFC_TIPO_LOG">
<createdBy>logonpf</createdBy>
<createdTime>2017-04-24 13:39:02 UTC</createdTime>
<ownerDesignName>banco</ownerDesignName>
<engineerTo>
<item key="79DBAC6E-7ECE-7411-7C89-31B79CF16E25" value="true"/>
</engineerTo>
<pk>true</pk>
<newElementsIDs>FE9B4550-B887-21A7-F4BA-4F8E7526DBA5</newElementsIDs>
<usedAttributes>
<attributeRef>FE9B4550-B887-21A7-F4BA-4F8E7526DBA5</attributeRef>
</usedAttributes>
</identifier>
</identifiers>
</Entity>