<?xml version = '1.0' encoding = 'UTF-8'?>
<Entity class="oracle.dbtools.crest.model.design.logical.Entity" directorySegmentName="seg_0" id="8E99B1C0-26FF-4DB0-10A4-31E3B4749736" name="T_VFC_ARM_MAT">
<createdBy>logonrm</createdBy>
<createdTime>2017-09-21 11:51:19 UTC</createdTime>
<ownerDesignName>banco</ownerDesignName>
<engineerTo>
<item key="79DBAC6E-7ECE-7411-7C89-31B79CF16E25" value="true"/>
</engineerTo>
<adequatelyNormalized>NO</adequatelyNormalized>
<expectedVolumes>0</expectedVolumes>
<fwdEngineeringStrategyName>Single Table</fwdEngineeringStrategyName>
<growthPercent>0</growthPercent>
<growthType>Year</growthType>
<maxVolumes>9999999</maxVolumes>
<minVolumes>0</minVolumes>
<normalForm>Third</normalForm>
<attributes itemClass="oracle.dbtools.crest.model.design.logical.Attribute">
<Attribute name="cd_materia_prima" id="D869CD0C-DFE4-18E2-F162-B2CBE9A4D624">
<createdBy>logonrm</createdBy>
<createdTime>2017-09-21 11:52:33 UTC</createdTime>
<generatorID>E7523CC7-2BCC-6C35-EB2E-BA0271223B1C</generatorID>
<ownerDesignName>banco</ownerDesignName>
<engineerTo>
<item key="79DBAC6E-7ECE-7411-7C89-31B79CF16E25" value="true"/>
</engineerTo>
<referedAttribute>408674AE-E6DC-0E95-BB39-2E1E9B9EDAD4</referedAttribute>
<useDomainConstraints>false</useDomainConstraints>
<use>1</use>
<logicalDatatype>LOGDT019</logicalDatatype>
<dataTypePrecision>5</dataTypePrecision>
<ownDataTypeParameters>,,</ownDataTypeParameters>
</Attribute>
<Attribute name="cd_armazem" id="9BB9B782-3EB2-CA62-A9E5-003A32386F46">
<createdBy>logonrm</createdBy>
<createdTime>2017-09-21 11:53:20 UTC</createdTime>
<generatorID>9675815A-5C82-68C1-6C71-C28596619576</generatorID>
<ownerDesignName>banco</ownerDesignName>
<engineerTo>
<item key="79DBAC6E-7ECE-7411-7C89-31B79CF16E25" value="true"/>
</engineerTo>
<referedAttribute>E4853475-0135-3C9E-DB07-C44D119F0ED4</referedAttribute>
<useDomainConstraints>false</useDomainConstraints>
<use>1</use>
<logicalDatatype>LOGDT019</logicalDatatype>
<dataTypePrecision>5</dataTypePrecision>
<ownDataTypeParameters>,,</ownDataTypeParameters>
</Attribute>
<Attribute name="dt_entrada" id="97E892D6-4CE9-B552-4464-7205E095292B">
<createdBy>logonrm</createdBy>
<createdTime>2017-09-21 11:51:39 UTC</createdTime>
<ownerDesignName>banco</ownerDesignName>
<engineerTo>
<item key="79DBAC6E-7ECE-7411-7C89-31B79CF16E25" value="true"/>
</engineerTo>
<nullsAllowed>true</nullsAllowed>
<useDomainConstraints>false</useDomainConstraints>
<use>1</use>
<logicalDatatype>LOGDT007</logicalDatatype>
<ownDataTypeParameters>,,</ownDataTypeParameters>
</Attribute>
<Attribute name="dt_saida" id="64F12018-2177-122D-ED36-F065F742C8D0">
<createdBy>logonrm</createdBy>
<createdTime>2017-09-21 11:51:56 UTC</createdTime>
<ownerDesignName>banco</ownerDesignName>
<engineerTo>
<item key="79DBAC6E-7ECE-7411-7C89-31B79CF16E25" value="true"/>
</engineerTo>
<nullsAllowed>true</nullsAllowed>
<useDomainConstraints>false</useDomainConstraints>
<use>1</use>
<logicalDatatype>LOGDT007</logicalDatatype>
<ownDataTypeParameters>,,</ownDataTypeParameters>
</Attribute>
</attributes>
<identifiers itemClass="oracle.dbtools.crest.model.design.logical.CandidateKey">
<identifier id="9073DF8F-799E-78AE-D85B-C6799FD593FA" name="T_VFC_ARM_MAT PK">
<createdBy>logonrm</createdBy>
<createdTime>2017-09-21 11:52:33 UTC</createdTime>
<ownerDesignName>banco</ownerDesignName>
<engineerTo>
<item key="79DBAC6E-7ECE-7411-7C89-31B79CF16E25" value="true"/>
</engineerTo>
<pk>true</pk>
<usedAttributes>
<attributeRef>D869CD0C-DFE4-18E2-F162-B2CBE9A4D624</attributeRef>
<attributeRef>9BB9B782-3EB2-CA62-A9E5-003A32386F46</attributeRef>
</usedAttributes>
</identifier>
</identifiers>
</Entity>