<?xml version = '1.0' encoding = 'UTF-8'?>
<Entity class="oracle.dbtools.crest.model.design.logical.Entity" directorySegmentName="seg_0" id="9B36229F-3FB0-3ED0-E1CF-32C3EAC1D91F" name="T_VFC_NOTA_FISCAL">
<createdBy>leand</createdBy>
<createdTime>2017-09-02 20:31:23 UTC</createdTime>
<generatorID>Gerado pelo usuário</generatorID>
<ownerDesignName>banco</ownerDesignName>
<engineerTo>
<item key="79DBAC6E-7ECE-7411-7C89-31B79CF16E25" value="true"/>
</engineerTo>
<adequatelyNormalized>NO</adequatelyNormalized>
<expectedVolumes>0</expectedVolumes>
<fwdEngineeringStrategyName>Single Table</fwdEngineeringStrategyName>
<growthPercent>0</growthPercent>
<growthType>Year</growthType>
<maxVolumes>9999999</maxVolumes>
<minVolumes>0</minVolumes>
<normalForm>Third</normalForm>
<attributes itemClass="oracle.dbtools.crest.model.design.logical.Attribute">
<Attribute name="nr_nota_fiscal" id="DDA29808-8F69-5622-82C6-BC01F1D55DF3">
<createdBy>leand</createdBy>
<createdTime>2017-09-02 20:31:23 UTC</createdTime>
<ownerDesignName>banco</ownerDesignName>
<importedID>F313BD54-D13C-DA89-299B-C7796F9F60C8</importedID>
<engineerTo>
<item key="79DBAC6E-7ECE-7411-7C89-31B79CF16E25" value="true"/>
</engineerTo>
<useDomainConstraints>false</useDomainConstraints>
<use>1</use>
<logicalDatatype>LOGDT019</logicalDatatype>
<dataTypePrecision>6</dataTypePrecision>
<ownDataTypeParameters>,6,</ownDataTypeParameters>
</Attribute>
<Attribute name="cd_pessoa" id="9217CF4A-F02B-0950-0FC7-86D0A535A86D">
<createdBy>logonrm</createdBy>
<createdTime>2017-09-04 11:44:49 UTC</createdTime>
<generatorID>BCAD85B5-C9F0-2F0F-BD7A-2300539FFA02</generatorID>
<ownerDesignName>banco</ownerDesignName>
<engineerTo>
<item key="79DBAC6E-7ECE-7411-7C89-31B79CF16E25" value="true"/>
</engineerTo>
<referedAttribute>ABEFA446-A376-CB9E-DFB4-427D35BA94E2</referedAttribute>
<useDomainConstraints>false</useDomainConstraints>
<use>1</use>
<logicalDatatype>LOGDT019</logicalDatatype>
<dataTypePrecision>5</dataTypePrecision>
<ownDataTypeParameters>,5,</ownDataTypeParameters>
</Attribute>
<Attribute name="cd_ordem_venda" id="665C5B14-B9CD-1F5F-A460-68A156785605">
<createdBy>logonrm</createdBy>
<createdTime>2017-09-04 12:40:58 UTC</createdTime>
<generatorID>09BEFE8B-8E29-AAAF-E633-4CB93E687C3A</generatorID>
<ownerDesignName>banco</ownerDesignName>
<engineerTo>
<item key="79DBAC6E-7ECE-7411-7C89-31B79CF16E25" value="true"/>
</engineerTo>
<referedAttribute>8DC86EE4-B030-D7D9-BC10-9EA7FACB0C93</referedAttribute>
<useDomainConstraints>false</useDomainConstraints>
<use>1</use>
<logicalDatatype>LOGDT019</logicalDatatype>
<dataTypePrecision>10</dataTypePrecision>
<ownDataTypeParameters>,10,</ownDataTypeParameters>
</Attribute>
<Attribute name="cd_classificacao_fiscal" id="AE800384-2B54-C36E-7FBC-6846E7EEED0B">
<createdBy>leand</createdBy>
<createdTime>2017-09-02 20:31:23 UTC</createdTime>
<generatorID>1AD19CFB-0DE0-134F-F82A-05991A7B5250</generatorID>
<ownerDesignName>banco</ownerDesignName>
<importedID>DA7EB971-348F-9978-8612-A73F6BF1787F</importedID>
<engineerTo>
<item key="79DBAC6E-7ECE-7411-7C89-31B79CF16E25" value="true"/>
</engineerTo>
<referedAttribute>FAFBAE38-3118-19C1-2475-E72AB2B4A78F</referedAttribute>
<useDomainConstraints>false</useDomainConstraints>
<use>1</use>
<logicalDatatype>LOGDT019</logicalDatatype>
<dataTypePrecision>4</dataTypePrecision>
<ownDataTypeParameters>,4,</ownDataTypeParameters>
</Attribute>
<Attribute name="dt_emissao" id="A85EF16F-F921-1576-F4AA-E2B8866545CA">
<createdBy>leand</createdBy>
<createdTime>2017-09-02 20:31:23 UTC</createdTime>
<ownerDesignName>banco</ownerDesignName>
<importedID>B23BF961-0F96-4546-09EA-0083A6AA417F</importedID>
<engineerTo>
<item key="79DBAC6E-7ECE-7411-7C89-31B79CF16E25" value="true"/>
</engineerTo>
<useDomainConstraints>false</useDomainConstraints>
<use>1</use>
<logicalDatatype>LOGDT007</logicalDatatype>
<ownDataTypeParameters>,,</ownDataTypeParameters>
</Attribute>
<Attribute name="vl_total_nf" id="8A2358FD-7799-BA02-5490-E83730AE06E2">
<createdBy>leand</createdBy>
<createdTime>2017-09-02 20:31:23 UTC</createdTime>
<ownerDesignName>banco</ownerDesignName>
<importedID>A7CA8935-E1DE-02D8-DF6B-7EE2CD2930EB</importedID>
<engineerTo>
<item key="79DBAC6E-7ECE-7411-7C89-31B79CF16E25" value="true"/>
</engineerTo>
<useDomainConstraints>false</useDomainConstraints>
<use>1</use>
<logicalDatatype>LOGDT019</logicalDatatype>
<dataTypePrecision>8</dataTypePrecision>
<dataTypeScale>2</dataTypeScale>
<ownDataTypeParameters>,8,2</ownDataTypeParameters>
</Attribute>
<Attribute name="ds_tipo" id="F117B538-6E73-C3DE-F95A-3DFD7375AF4E">
<createdBy>leand</createdBy>
<createdTime>2017-09-02 20:31:23 UTC</createdTime>
<comment>1- Entrada&lt;br/&gt;2- Saída</comment>
<ownerDesignName>banco</ownerDesignName>
<importedID>8C1FB4EE-155E-6202-4A58-7B376CCD1114</importedID>
<engineerTo>
<item key="79DBAC6E-7ECE-7411-7C89-31B79CF16E25" value="true"/>
</engineerTo>
<useDomainConstraints>false</useDomainConstraints>
<use>1</use>
<logicalDatatype>LOGDT019</logicalDatatype>
<dataTypePrecision>1</dataTypePrecision>
<ownDataTypeParameters>,1,</ownDataTypeParameters>
</Attribute>
<Attribute name="vl_desconto" id="BB8714A9-B258-A361-6086-E63A5BE9A547">
<createdBy>leand</createdBy>
<createdTime>2017-09-02 20:31:23 UTC</createdTime>
<comment>percentual de desconto</comment>
<ownerDesignName>banco</ownerDesignName>
<importedID>FAFCB294-9451-286E-D8D7-9FD5EDC38F95</importedID>
<engineerTo>
<item key="79DBAC6E-7ECE-7411-7C89-31B79CF16E25" value="true"/>
</engineerTo>
<nullsAllowed>true</nullsAllowed>
<useDomainConstraints>false</useDomainConstraints>
<use>1</use>
<logicalDatatype>LOGDT019</logicalDatatype>
<dataTypePrecision>3</dataTypePrecision>
<dataTypeScale>1</dataTypeScale>
<ownDataTypeParameters>,3,1</ownDataTypeParameters>
</Attribute>
</attributes>
<identifiers itemClass="oracle.dbtools.crest.model.design.logical.CandidateKey">
<identifier id="32F137AF-12E1-6182-8829-EACC7338FF7B" name="PK_VFC_NOTA_FISCAL">
<createdBy>leand</createdBy>
<createdTime>2017-09-02 20:31:23 UTC</createdTime>
<generatorID>Gerado pelo usuário</generatorID>
<ownerDesignName>banco</ownerDesignName>
<engineerTo>
<item key="79DBAC6E-7ECE-7411-7C89-31B79CF16E25" value="true"/>
</engineerTo>
<pk>true</pk>
<usedAttributes>
<attributeRef>DDA29808-8F69-5622-82C6-BC01F1D55DF3</attributeRef>
</usedAttributes>
</identifier>
</identifiers>
</Entity>