<?xml version = '1.0' encoding = 'UTF-8'?>
<Entity class="oracle.dbtools.crest.model.design.logical.Entity" directorySegmentName="seg_0" id="DC4F2853-181C-26FA-92F5-4D5F41036F50" name="T_VFC_ARMA_ENDE">
<createdBy>logonrm</createdBy>
<createdTime>2017-09-04 13:42:18 UTC</createdTime>
<ownerDesignName>banco</ownerDesignName>
<engineerTo>
<item key="79DBAC6E-7ECE-7411-7C89-31B79CF16E25" value="true"/>
</engineerTo>
<adequatelyNormalized>NO</adequatelyNormalized>
<expectedVolumes>0</expectedVolumes>
<fwdEngineeringStrategyName>Single Table</fwdEngineeringStrategyName>
<growthPercent>0</growthPercent>
<growthType>Year</growthType>
<maxVolumes>9999999</maxVolumes>
<minVolumes>0</minVolumes>
<normalForm>Third</normalForm>
<attributes itemClass="oracle.dbtools.crest.model.design.logical.Attribute">
<Attribute name="nr_cep" id="149E9839-0F28-19F8-E973-053741915E14">
<createdBy>logonrm</createdBy>
<createdTime>2017-09-04 13:45:18 UTC</createdTime>
<generatorID>15C2FE7D-2669-B0F4-3080-A38F3AA8B986</generatorID>
<ownerDesignName>banco</ownerDesignName>
<engineerTo>
<item key="79DBAC6E-7ECE-7411-7C89-31B79CF16E25" value="true"/>
</engineerTo>
<referedAttribute>CFC174D7-6716-8CC7-CFCD-B434B7122631</referedAttribute>
<useDomainConstraints>false</useDomainConstraints>
<use>1</use>
<logicalDatatype>LOGDT019</logicalDatatype>
<dataTypePrecision>8</dataTypePrecision>
<ownDataTypeParameters>,8,</ownDataTypeParameters>
</Attribute>
<Attribute name="cd_armazem" id="5DB4B925-18EC-DD43-2B3C-ED49846D08E2">
<createdBy>logonrm</createdBy>
<createdTime>2017-09-18 16:39:13 UTC</createdTime>
<generatorID>E033C7DE-E97E-72FA-15B3-2F7CECABAF83</generatorID>
<ownerDesignName>banco</ownerDesignName>
<engineerTo>
<item key="79DBAC6E-7ECE-7411-7C89-31B79CF16E25" value="true"/>
</engineerTo>
<referedAttribute>E4853475-0135-3C9E-DB07-C44D119F0ED4</referedAttribute>
<useDomainConstraints>false</useDomainConstraints>
<use>1</use>
<logicalDatatype>LOGDT019</logicalDatatype>
<dataTypePrecision>5</dataTypePrecision>
<ownDataTypeParameters>,5,</ownDataTypeParameters>
</Attribute>
<Attribute name="nr_logradouro" id="B0C0A2D8-3353-21C2-D35C-775F28182F0A">
<createdBy>logonrm</createdBy>
<createdTime>2017-09-04 13:42:45 UTC</createdTime>
<ownerDesignName>banco</ownerDesignName>
<engineerTo>
<item key="79DBAC6E-7ECE-7411-7C89-31B79CF16E25" value="true"/>
</engineerTo>
<useDomainConstraints>false</useDomainConstraints>
<use>1</use>
<logicalDatatype>LOGDT019</logicalDatatype>
<dataTypePrecision>10</dataTypePrecision>
<ownDataTypeParameters>,10,</ownDataTypeParameters>
</Attribute>
<Attribute name="ds_complemento" id="A6F99F96-959D-782A-B444-BA3D2BF26B9C">
<createdBy>logonrm</createdBy>
<createdTime>2017-09-04 13:43:07 UTC</createdTime>
<ownerDesignName>banco</ownerDesignName>
<engineerTo>
<item key="79DBAC6E-7ECE-7411-7C89-31B79CF16E25" value="true"/>
</engineerTo>
<nullsAllowed>true</nullsAllowed>
<useDomainConstraints>false</useDomainConstraints>
<use>1</use>
<logicalDatatype>LOGDT024</logicalDatatype>
<dataTypeSize>50</dataTypeSize>
<ownDataTypeParameters>50,,</ownDataTypeParameters>
</Attribute>
</attributes>
<identifiers itemClass="oracle.dbtools.crest.model.design.logical.CandidateKey">
<identifier id="1E11505A-47A6-246B-9E67-8C4E55AA26E9" name="PK_VFC_ARMZ_ENDE">
<createdBy>logonrm</createdBy>
<createdTime>2017-09-04 13:44:57 UTC</createdTime>
<ownerDesignName>banco</ownerDesignName>
<engineerTo>
<item key="79DBAC6E-7ECE-7411-7C89-31B79CF16E25" value="true"/>
</engineerTo>
<pk>true</pk>
<newElementsIDs>15C2FE7D-2669-B0F4-3080-A38F3AA8B986,E033C7DE-E97E-72FA-15B3-2F7CECABAF83</newElementsIDs>
<usedAttributes>
<attributeRef>149E9839-0F28-19F8-E973-053741915E14</attributeRef>
<attributeRef>5DB4B925-18EC-DD43-2B3C-ED49846D08E2</attributeRef>
</usedAttributes>
</identifier>
</identifiers>
</Entity>