<?xml version = '1.0' encoding = 'UTF-8'?>
<Table class="oracle.dbtools.crest.model.design.relational.Table" directorySegmentName="seg_0" id="121F70E6-FC6E-67C2-31C9-E36610CBECF1" name="T_VFC_HIST_MP">
<createdBy>logonrm</createdBy>
<createdTime>2017-09-21 12:01:12 UTC</createdTime>
<generatorID>5A955673-35B3-77E3-47F8-C5D463D4C1EF</generatorID>
<ownerDesignName>BANCO_V2</ownerDesignName>
<allowColumnReorder>false</allowColumnReorder>
<existDependencyGenerateInDDl>true</existDependencyGenerateInDDl>
<parsed>true</parsed>
<columns itemClass="oracle.dbtools.crest.model.design.relational.Column">
<Column name="cd_hist" id="868C5739-BFE9-8D36-662E-D6FE021E0658">
<createdBy>logonrm</createdBy>
<createdTime>2017-09-21 12:01:12 UTC</createdTime>
<generatorID>01A1FE46-8FF8-EF2A-D56E-7C7FDCD16A72</generatorID>
<ownerDesignName>BANCO_V2</ownerDesignName>
<useDomainConstraints>false</useDomainConstraints>
<use>1</use>
<logicalDatatype>LOGDT019</logicalDatatype>
<ownDataTypeParameters>,,</ownDataTypeParameters>
<autoIncrementCycle>false</autoIncrementCycle>
</Column>
<Column name="T_VFC_FORNECIMENTO_MP_cd_ordem_mp" id="3E083E4E-9480-1119-B82F-51E0CE00EA21">
<createdBy>logonrm</createdBy>
<createdTime>2017-09-21 12:01:12 UTC</createdTime>
<generatorID>F59EBD1A-FF09-039F-A457-E0B09DA4089F</generatorID>
<ownerDesignName>BANCO_V2</ownerDesignName>
<useDomainConstraints>false</useDomainConstraints>
<use>1</use>
<logicalDatatype>LOGDT019</logicalDatatype>
<dataTypePrecision>5</dataTypePrecision>
<ownDataTypeParameters>,,</ownDataTypeParameters>
<previousColumn>false</previousColumn>
<autoIncrementCycle>false</autoIncrementCycle>
<associations>
<colAssociation fkAssociation="A2C15B17-8A33-FD74-07BF-5F3978382851" referredColumn="83ADB6B1-7729-EBF1-200A-E12237FF8C7F"/>
</associations>
</Column>
<Column name="T_VFC_FORNECIMENTO_MP_cd_materia_prima" id="D83ED561-511F-EF28-1E97-C3CB197D56AA">
<createdBy>logonrm</createdBy>
<createdTime>2017-09-21 12:01:12 UTC</createdTime>
<generatorID>BB347F5E-DCB6-2BCE-66CB-1D6FFC01AAD3</generatorID>
<ownerDesignName>BANCO_V2</ownerDesignName>
<useDomainConstraints>false</useDomainConstraints>
<use>1</use>
<logicalDatatype>LOGDT019</logicalDatatype>
<dataTypePrecision>5</dataTypePrecision>
<ownDataTypeParameters>,,</ownDataTypeParameters>
<previousColumn>false</previousColumn>
<autoIncrementCycle>false</autoIncrementCycle>
<associations>
<colAssociation fkAssociation="A2C15B17-8A33-FD74-07BF-5F3978382851" referredColumn="9C401572-D6FF-EE36-F0C9-25F946C1E797"/>
</associations>
</Column>
<Column name="T_VFC_FORNECIMENTO_MP_cd_fornecedor" id="4D6980DC-20CF-ACFC-B54D-FA28A9873DC9">
<createdBy>logonrm</createdBy>
<createdTime>2017-09-21 12:01:12 UTC</createdTime>
<generatorID>B181ABF2-B682-7EC6-2879-7C22FE41ACBD</generatorID>
<ownerDesignName>BANCO_V2</ownerDesignName>
<useDomainConstraints>false</useDomainConstraints>
<use>1</use>
<logicalDatatype>LOGDT019</logicalDatatype>
<dataTypePrecision>5</dataTypePrecision>
<ownDataTypeParameters>,,</ownDataTypeParameters>
<previousColumn>false</previousColumn>
<autoIncrementCycle>false</autoIncrementCycle>
<associations>
<colAssociation fkAssociation="A2C15B17-8A33-FD74-07BF-5F3978382851" referredColumn="D5BC23AF-E4C4-75B4-3134-5705AC5A7113"/>
</associations>
</Column>
<Column name="vl_preco" id="97232F25-A32A-A736-EFE4-6ACF54E3C4E0">
<createdBy>logonrm</createdBy>
<createdTime>2017-09-21 12:01:12 UTC</createdTime>
<generatorID>4AE30E9D-34D2-476F-FE0A-7FCF7D2D9FD4</generatorID>
<ownerDesignName>BANCO_V2</ownerDesignName>
<useDomainConstraints>false</useDomainConstraints>
<use>1</use>
<logicalDatatype>LOGDT019</logicalDatatype>
<ownDataTypeParameters>,,</ownDataTypeParameters>
<autoIncrementCycle>false</autoIncrementCycle>
</Column>
<Column name="dt_preco_mp" id="DEAF0C91-3E18-CC4E-B06F-1C66D27D2AEC">
<createdBy>logonrm</createdBy>
<createdTime>2017-09-21 12:01:12 UTC</createdTime>
<generatorID>28491588-D0A9-F447-5C4D-4876ADD60D23</generatorID>
<ownerDesignName>BANCO_V2</ownerDesignName>
<nullsAllowed>true</nullsAllowed>
<useDomainConstraints>false</useDomainConstraints>
<use>1</use>
<logicalDatatype>LOGDT007</logicalDatatype>
<ownDataTypeParameters>,,</ownDataTypeParameters>
<autoIncrementCycle>false</autoIncrementCycle>
</Column>
</columns>
<indexes itemClass="oracle.dbtools.crest.model.design.relational.Index">
<ind_PK_UK id="9DB82B23-7874-C1CB-B0B6-E7FBBC24D350" name="T_VFC_HIST_MP_PK">
<createdBy>logonrm</createdBy>
<createdTime>2017-09-21 12:01:12 UTC</createdTime>
<generatorID>3C403768-EAC6-D164-B4CD-AD0C6D9428D5</generatorID>
<ownerDesignName>BANCO_V2</ownerDesignName>
<pk>true</pk>
<indexState>Primary Constraint</indexState>
<isSurrogateKey>false</isSurrogateKey>
<indexColumnUsage>
<colUsage columnID="868C5739-BFE9-8D36-662E-D6FE021E0658"/>
</indexColumnUsage>
</ind_PK_UK>
<ind_PK_UK id="A2CA5F61-E039-EDF3-E7AA-51A4456AF3F5" name="T_VFC_HIST_MP__IDX">
<createdBy>logonrm</createdBy>
<createdTime>2017-09-21 12:01:12 UTC</createdTime>
<ownerDesignName>BANCO_V2</ownerDesignName>
<indexState>Unique Plain Index</indexState>
<isSurrogateKey>false</isSurrogateKey>
<relationGeneratorID>E5C1B9DC-4CC7-7C48-4BD2-B94FC87F81C0</relationGeneratorID>
<indexColumnUsage>
<colUsage columnID="3E083E4E-9480-1119-B82F-51E0CE00EA21"/>
<colUsage columnID="D83ED561-511F-EF28-1E97-C3CB197D56AA"/>
<colUsage columnID="4D6980DC-20CF-ACFC-B54D-FA28A9873DC9"/>
</indexColumnUsage>
</ind_PK_UK>
<ind_PK_UK id="8BA517C4-DF76-EFC3-DA4A-7E2BB527C9E9" name="T_VFC_HIST_MP_T_VFC_FORNECIMENTO_MP_FK">
<createdBy>logonrm</createdBy>
<createdTime>2017-09-21 12:01:12 UTC</createdTime>
<generatorID>E5C1B9DC-4CC7-7C48-4BD2-B94FC87F81C0</generatorID>
<ownerDesignName>BANCO_V2</ownerDesignName>
<indexState>Foreign Key</indexState>
<isSurrogateKey>false</isSurrogateKey>
<indexColumnUsage>
<colUsage columnID="3E083E4E-9480-1119-B82F-51E0CE00EA21"/>
<colUsage columnID="D83ED561-511F-EF28-1E97-C3CB197D56AA"/>
<colUsage columnID="4D6980DC-20CF-ACFC-B54D-FA28A9873DC9"/>
</indexColumnUsage>
</ind_PK_UK>
</indexes>
</Table>