<?xml version = '1.0' encoding = 'UTF-8'?>
<Table class="oracle.dbtools.crest.model.design.relational.Table" directorySegmentName="seg_0" id="24DBE33F-1887-5EE8-CE26-8C1C7DD19126" name="T_VFC_ORDEM_PRODUCAO">
<createdBy>logonrm</createdBy>
<createdTime>2017-09-21 12:01:12 UTC</createdTime>
<generatorID>0677392C-389D-A3E3-7B6F-891AF34DB01C</generatorID>
<ownerDesignName>BANCO_V2</ownerDesignName>
<allowColumnReorder>false</allowColumnReorder>
<existDependencyGenerateInDDl>true</existDependencyGenerateInDDl>
<parsed>true</parsed>
<columns itemClass="oracle.dbtools.crest.model.design.relational.Column">
<Column name="cd_ordem_producao" id="2DF2B7F4-F24E-4CDC-91D8-9F350F7E9045">
<createdBy>logonrm</createdBy>
<createdTime>2017-09-21 12:01:12 UTC</createdTime>
<generatorID>C99BA2BF-6385-D766-B749-62C51CE6383F</generatorID>
<ownerDesignName>BANCO_V2</ownerDesignName>
<useDomainConstraints>false</useDomainConstraints>
<use>1</use>
<logicalDatatype>LOGDT019</logicalDatatype>
<dataTypePrecision>10</dataTypePrecision>
<ownDataTypeParameters>,10,</ownDataTypeParameters>
<autoIncrementCycle>false</autoIncrementCycle>
</Column>
<Column name="T_VFC_ESTOQUE_cd_estoque" id="33737FCA-A54A-31C7-E7B9-B6DF7EA8BA7A">
<createdBy>logonrm</createdBy>
<createdTime>2017-09-21 12:01:12 UTC</createdTime>
<generatorID>B2FAF1A4-9382-A7B4-3C73-E74C7824FA00</generatorID>
<ownerDesignName>BANCO_V2</ownerDesignName>
<useDomainConstraints>false</useDomainConstraints>
<use>1</use>
<logicalDatatype>LOGDT019</logicalDatatype>
<dataTypePrecision>5</dataTypePrecision>
<ownDataTypeParameters>,,</ownDataTypeParameters>
<previousColumn>false</previousColumn>
<autoIncrementCycle>false</autoIncrementCycle>
<associations>
<colAssociation fkAssociation="9F20C402-BE4B-12A4-7373-F51015C536A0" referredColumn="D884AE7C-B890-CFFE-74C5-458537A465B9"/>
</associations>
</Column>
<Column name="dt_entrada" id="23705710-A6E7-E718-9E0C-BD0D208B5CD1">
<createdBy>logonrm</createdBy>
<createdTime>2017-09-21 12:01:12 UTC</createdTime>
<generatorID>5B6C1374-E899-EB91-557D-9C2CE18E5E06</generatorID>
<ownerDesignName>BANCO_V2</ownerDesignName>
<useDomainConstraints>false</useDomainConstraints>
<use>1</use>
<logicalDatatype>LOGDT007</logicalDatatype>
<ownDataTypeParameters>,,</ownDataTypeParameters>
<autoIncrementCycle>false</autoIncrementCycle>
</Column>
<Column name="qt_pedida" id="3A189933-9865-2A40-3CEE-0D8985889805">
<createdBy>logonrm</createdBy>
<createdTime>2017-09-21 12:01:12 UTC</createdTime>
<generatorID>55E057A9-D6BE-1698-1EE3-F602D8362578</generatorID>
<ownerDesignName>BANCO_V2</ownerDesignName>
<useDomainConstraints>false</useDomainConstraints>
<use>1</use>
<logicalDatatype>LOGDT019</logicalDatatype>
<dataTypePrecision>5</dataTypePrecision>
<dataTypeScale>5</dataTypeScale>
<ownDataTypeParameters>,5,5</ownDataTypeParameters>
<autoIncrementCycle>false</autoIncrementCycle>
</Column>
<Column name="st_ordem" id="5077606D-03D1-5BFF-02B9-A54FFAF7383B">
<createdBy>logonrm</createdBy>
<createdTime>2017-09-21 12:01:12 UTC</createdTime>
<comment>Status deverá ser em andamento, pendente, cancelado.</comment>
<generatorID>4A0E5F33-89A0-55AB-E575-3DACE232AF39</generatorID>
<ownerDesignName>BANCO_V2</ownerDesignName>
<useDomainConstraints>false</useDomainConstraints>
<use>1</use>
<logicalDatatype>LOGDT024</logicalDatatype>
<dataTypeSize>10</dataTypeSize>
<ownDataTypeParameters>10,,</ownDataTypeParameters>
<autoIncrementCycle>false</autoIncrementCycle>
</Column>
</columns>
<indexes itemClass="oracle.dbtools.crest.model.design.relational.Index">
<ind_PK_UK id="60EDDF93-2D33-248D-A870-E4682E09E5B0" name="T_VFC_ORDEM_PRODUCAO_PK">
<createdBy>logonrm</createdBy>
<createdTime>2017-09-21 12:01:12 UTC</createdTime>
<generatorID>D5DEB9D1-CE10-7225-27FC-0096DFC9A5FF</generatorID>
<ownerDesignName>BANCO_V2</ownerDesignName>
<pk>true</pk>
<indexState>Primary Constraint</indexState>
<isSurrogateKey>false</isSurrogateKey>
<indexColumnUsage>
<colUsage columnID="2DF2B7F4-F24E-4CDC-91D8-9F350F7E9045"/>
</indexColumnUsage>
</ind_PK_UK>
<ind_PK_UK id="E88B98CB-E05D-0DBA-D2F0-7E714CA92582" name="T_VFC_ORDEM_PRODUCAO__IDX">
<createdBy>logonrm</createdBy>
<createdTime>2017-09-21 12:01:12 UTC</createdTime>
<ownerDesignName>BANCO_V2</ownerDesignName>
<indexState>Unique Plain Index</indexState>
<isSurrogateKey>false</isSurrogateKey>
<relationGeneratorID>98EFD32E-B791-323B-D6EB-A4998D8B285F</relationGeneratorID>
<indexColumnUsage>
<colUsage columnID="33737FCA-A54A-31C7-E7B9-B6DF7EA8BA7A"/>
</indexColumnUsage>
</ind_PK_UK>
<ind_PK_UK id="1AA78923-1589-1E52-EBB8-8070C274C9A1" name="T_VFC_ORDEM_PRODUCAO_T_VFC_ESTOQUE_FK">
<createdBy>logonrm</createdBy>
<createdTime>2017-09-21 12:01:12 UTC</createdTime>
<generatorID>98EFD32E-B791-323B-D6EB-A4998D8B285F</generatorID>
<ownerDesignName>BANCO_V2</ownerDesignName>
<indexState>Foreign Key</indexState>
<isSurrogateKey>false</isSurrogateKey>
<indexColumnUsage>
<colUsage columnID="33737FCA-A54A-31C7-E7B9-B6DF7EA8BA7A"/>
</indexColumnUsage>
</ind_PK_UK>
</indexes>
</Table>