<?xml version = '1.0' encoding = 'UTF-8'?>
<Table class="oracle.dbtools.crest.model.design.relational.Table" directorySegmentName="seg_0" id="2FB76DE4-8A2A-F12D-B876-027FF748F7D6" name="T_VFC_CLIENTE_FONE">
<createdBy>logonrm</createdBy>
<createdTime>2017-09-21 12:01:12 UTC</createdTime>
<generatorID>A670E879-E3A8-0CB7-00FE-2C04E904EC66</generatorID>
<ownerDesignName>BANCO_V2</ownerDesignName>
<allowColumnReorder>false</allowColumnReorder>
<existDependencyGenerateInDDl>true</existDependencyGenerateInDDl>
<parsed>true</parsed>
<columns itemClass="oracle.dbtools.crest.model.design.relational.Column">
<Column name="T_VFC_TELEFONE_nr_fone_completo" id="43656539-9F49-CBA9-44F2-74A831585249">
<createdBy>logonrm</createdBy>
<createdTime>2017-09-21 12:01:12 UTC</createdTime>
<generatorID>0E7864EC-A4DE-0AF1-7F7B-F43F45D314CC</generatorID>
<ownerDesignName>BANCO_V2</ownerDesignName>
<useDomainConstraints>false</useDomainConstraints>
<use>1</use>
<logicalDatatype>LOGDT019</logicalDatatype>
<dataTypePrecision>11</dataTypePrecision>
<ownDataTypeParameters>,,</ownDataTypeParameters>
<previousColumn>false</previousColumn>
<autoIncrementCycle>false</autoIncrementCycle>
<associations>
<colAssociation fkAssociation="B147F521-9523-650A-9100-80F1F24681CE" referredColumn="09A765E6-37DF-D127-A084-464D3694E31E"/>
</associations>
</Column>
<Column name="nr_ramal" id="9997422E-AC1C-2660-77FF-1697152476E7">
<createdBy>logonrm</createdBy>
<createdTime>2017-09-21 12:01:12 UTC</createdTime>
<generatorID>E8F67C41-CF2A-565E-084E-AD69F19247C7</generatorID>
<ownerDesignName>BANCO_V2</ownerDesignName>
<nullsAllowed>true</nullsAllowed>
<useDomainConstraints>false</useDomainConstraints>
<use>1</use>
<logicalDatatype>LOGDT019</logicalDatatype>
<dataTypePrecision>4</dataTypePrecision>
<ownDataTypeParameters>,4,</ownDataTypeParameters>
<autoIncrementCycle>false</autoIncrementCycle>
</Column>
</columns>
<indexes itemClass="oracle.dbtools.crest.model.design.relational.Index">
<ind_PK_UK id="8C989AB8-13C5-74FF-0789-D3EF21E139CF" name="T_VFC_CLIENTE_FONE_PK">
<createdBy>logonrm</createdBy>
<createdTime>2017-09-21 12:01:12 UTC</createdTime>
<generatorID>2E335147-9772-DAB4-0437-39B726573346</generatorID>
<ownerDesignName>BANCO_V2</ownerDesignName>
<pk>true</pk>
<indexState>Primary Constraint</indexState>
<isSurrogateKey>false</isSurrogateKey>
<indexColumnUsage>
<colUsage columnID="43656539-9F49-CBA9-44F2-74A831585249"/>
</indexColumnUsage>
</ind_PK_UK>
<ind_PK_UK id="BE0793C8-09AE-4FD6-C6F6-8DFE8E26DF6C" name="T_VFC_CLIENTE_FONE_T_VFC_TELEFONE_FK">
<createdBy>logonrm</createdBy>
<createdTime>2017-09-21 12:01:12 UTC</createdTime>
<generatorID>71D4591C-63BF-4BFD-F4D8-EC6FF7026311</generatorID>
<ownerDesignName>BANCO_V2</ownerDesignName>
<indexState>Foreign Key</indexState>
<isSurrogateKey>false</isSurrogateKey>
<indexColumnUsage>
<colUsage columnID="43656539-9F49-CBA9-44F2-74A831585249"/>
</indexColumnUsage>
</ind_PK_UK>
</indexes>
</Table>