<?xml version = '1.0' encoding = 'UTF-8'?>
<Table class="oracle.dbtools.crest.model.design.relational.Table" directorySegmentName="seg_0" id="45735231-7358-DC2B-4D0E-35C2D1E701E7" name="T_VFC_NOTA_FISCAL">
<createdBy>logonrm</createdBy>
<createdTime>2017-09-21 12:01:12 UTC</createdTime>
<generatorID>9B36229F-3FB0-3ED0-E1CF-32C3EAC1D91F</generatorID>
<ownerDesignName>BANCO_V2</ownerDesignName>
<allowColumnReorder>false</allowColumnReorder>
<existDependencyGenerateInDDl>true</existDependencyGenerateInDDl>
<parsed>true</parsed>
<columns itemClass="oracle.dbtools.crest.model.design.relational.Column">
<Column name="nr_nota_fiscal" id="16D33F85-C1DA-EFD7-A4F8-CC0217E96A79">
<createdBy>logonrm</createdBy>
<createdTime>2017-09-21 12:01:12 UTC</createdTime>
<generatorID>DDA29808-8F69-5622-82C6-BC01F1D55DF3</generatorID>
<ownerDesignName>BANCO_V2</ownerDesignName>
<useDomainConstraints>false</useDomainConstraints>
<use>1</use>
<logicalDatatype>LOGDT019</logicalDatatype>
<dataTypePrecision>6</dataTypePrecision>
<ownDataTypeParameters>,6,</ownDataTypeParameters>
<autoIncrementCycle>false</autoIncrementCycle>
</Column>
<Column name="T_VFC_PESSOA_cd_pessoa" id="CF2DD013-ECB1-52CC-3B68-AEE8A6AF7905">
<createdBy>logonrm</createdBy>
<createdTime>2017-09-21 12:01:12 UTC</createdTime>
<generatorID>9217CF4A-F02B-0950-0FC7-86D0A535A86D</generatorID>
<ownerDesignName>BANCO_V2</ownerDesignName>
<useDomainConstraints>false</useDomainConstraints>
<use>1</use>
<logicalDatatype>LOGDT019</logicalDatatype>
<dataTypePrecision>5</dataTypePrecision>
<ownDataTypeParameters>,,</ownDataTypeParameters>
<previousColumn>false</previousColumn>
<autoIncrementCycle>false</autoIncrementCycle>
<associations>
<colAssociation fkAssociation="A2F98CBF-3D59-64E7-09C2-85D9797318B9" referredColumn="323BA559-CE9D-76C9-EDD6-0603D2A9B73F"/>
</associations>
</Column>
<Column name="T_VFC_PEDIDO_VENDA_cd_ordem_venda" id="E480996C-0ED8-3E93-C115-9D1C7B54C21F">
<createdBy>logonrm</createdBy>
<createdTime>2017-09-21 12:01:12 UTC</createdTime>
<generatorID>665C5B14-B9CD-1F5F-A460-68A156785605</generatorID>
<ownerDesignName>BANCO_V2</ownerDesignName>
<useDomainConstraints>false</useDomainConstraints>
<use>1</use>
<logicalDatatype>LOGDT019</logicalDatatype>
<dataTypePrecision>10</dataTypePrecision>
<ownDataTypeParameters>,,</ownDataTypeParameters>
<previousColumn>false</previousColumn>
<autoIncrementCycle>false</autoIncrementCycle>
<associations>
<colAssociation fkAssociation="E189F6BD-E18A-4036-8441-D4A620D49C10" referredColumn="6478BD1E-A98C-6DBF-8ECD-8D58C203A9E4"/>
</associations>
</Column>
<Column name="T_VFC_CLASSIFICAO_FISCAL_cd_classificacao_fiscal" id="9C6975A2-2654-5447-9157-66E264D0A38C">
<createdBy>logonrm</createdBy>
<createdTime>2017-09-21 12:01:12 UTC</createdTime>
<generatorID>AE800384-2B54-C36E-7FBC-6846E7EEED0B</generatorID>
<ownerDesignName>BANCO_V2</ownerDesignName>
<useDomainConstraints>false</useDomainConstraints>
<use>1</use>
<logicalDatatype>LOGDT019</logicalDatatype>
<dataTypePrecision>54</dataTypePrecision>
<ownDataTypeParameters>,,</ownDataTypeParameters>
<previousColumn>false</previousColumn>
<autoIncrementCycle>false</autoIncrementCycle>
<associations>
<colAssociation fkAssociation="5AF981E1-99BD-A96B-16AD-56E63FAEBB8D" referredColumn="C8891B6E-CBEA-F577-547A-0385568B8B4E"/>
</associations>
</Column>
<Column name="dt_emissao" id="325B86BA-98C4-57AB-DE96-0F9F66010AA7">
<createdBy>logonrm</createdBy>
<createdTime>2017-09-21 12:01:12 UTC</createdTime>
<generatorID>A85EF16F-F921-1576-F4AA-E2B8866545CA</generatorID>
<ownerDesignName>BANCO_V2</ownerDesignName>
<useDomainConstraints>false</useDomainConstraints>
<use>1</use>
<logicalDatatype>LOGDT007</logicalDatatype>
<ownDataTypeParameters>,,</ownDataTypeParameters>
<autoIncrementCycle>false</autoIncrementCycle>
</Column>
<Column name="vl_total_nf" id="BEF6DB66-5419-1603-5F04-A804BE675C73">
<createdBy>logonrm</createdBy>
<createdTime>2017-09-21 12:01:12 UTC</createdTime>
<generatorID>8A2358FD-7799-BA02-5490-E83730AE06E2</generatorID>
<ownerDesignName>BANCO_V2</ownerDesignName>
<useDomainConstraints>false</useDomainConstraints>
<use>1</use>
<logicalDatatype>LOGDT019</logicalDatatype>
<dataTypePrecision>8</dataTypePrecision>
<dataTypeScale>2</dataTypeScale>
<ownDataTypeParameters>,8,2</ownDataTypeParameters>
<autoIncrementCycle>false</autoIncrementCycle>
</Column>
<Column name="ds_tipo" id="A33AE67B-A29E-3AA9-41FA-49F6CE2313B7">
<createdBy>logonrm</createdBy>
<createdTime>2017-09-21 12:01:12 UTC</createdTime>
<comment>1- Entrada&lt;br/&gt;2- Saída</comment>
<generatorID>F117B538-6E73-C3DE-F95A-3DFD7375AF4E</generatorID>
<ownerDesignName>BANCO_V2</ownerDesignName>
<useDomainConstraints>false</useDomainConstraints>
<use>1</use>
<logicalDatatype>LOGDT019</logicalDatatype>
<dataTypePrecision>1</dataTypePrecision>
<ownDataTypeParameters>,1,</ownDataTypeParameters>
<autoIncrementCycle>false</autoIncrementCycle>
</Column>
<Column name="vl_desconto" id="6E43BBE5-7614-2B00-1B61-D05641DBDEBC">
<createdBy>logonrm</createdBy>
<createdTime>2017-09-21 12:01:12 UTC</createdTime>
<comment>percentual de desconto</comment>
<generatorID>BB8714A9-B258-A361-6086-E63A5BE9A547</generatorID>
<ownerDesignName>BANCO_V2</ownerDesignName>
<nullsAllowed>true</nullsAllowed>
<useDomainConstraints>false</useDomainConstraints>
<use>1</use>
<logicalDatatype>LOGDT019</logicalDatatype>
<dataTypePrecision>3</dataTypePrecision>
<dataTypeScale>1</dataTypeScale>
<ownDataTypeParameters>,3,1</ownDataTypeParameters>
<autoIncrementCycle>false</autoIncrementCycle>
</Column>
</columns>
<indexes itemClass="oracle.dbtools.crest.model.design.relational.Index">
<ind_PK_UK id="37245B78-83AB-94C3-B033-3D0205B89EA8" name="T_VFC_NOTA_FISCAL_PK">
<createdBy>logonrm</createdBy>
<createdTime>2017-09-21 12:01:12 UTC</createdTime>
<generatorID>32F137AF-12E1-6182-8829-EACC7338FF7B</generatorID>
<ownerDesignName>BANCO_V2</ownerDesignName>
<pk>true</pk>
<indexState>Primary Constraint</indexState>
<isSurrogateKey>false</isSurrogateKey>
<indexColumnUsage>
<colUsage columnID="16D33F85-C1DA-EFD7-A4F8-CC0217E96A79"/>
</indexColumnUsage>
</ind_PK_UK>
<ind_PK_UK id="AB59CC95-F63E-268F-BBAC-F7C0EB4A8E40" name="T_VFC_NOTA_FISCAL__IDX">
<createdBy>logonrm</createdBy>
<createdTime>2017-09-21 12:01:12 UTC</createdTime>
<ownerDesignName>BANCO_V2</ownerDesignName>
<indexState>Unique Plain Index</indexState>
<isSurrogateKey>false</isSurrogateKey>
<relationGeneratorID>BCAD85B5-C9F0-2F0F-BD7A-2300539FFA02</relationGeneratorID>
<indexColumnUsage>
<colUsage columnID="CF2DD013-ECB1-52CC-3B68-AEE8A6AF7905"/>
</indexColumnUsage>
</ind_PK_UK>
<ind_PK_UK id="84C6B590-0629-FB73-FEBE-DAFFD05C8421" name="T_VFC_NOTA_FISCAL__IDXv1">
<createdBy>logonrm</createdBy>
<createdTime>2017-09-21 12:01:12 UTC</createdTime>
<ownerDesignName>BANCO_V2</ownerDesignName>
<indexState>Unique Plain Index</indexState>
<isSurrogateKey>false</isSurrogateKey>
<relationGeneratorID>09BEFE8B-8E29-AAAF-E633-4CB93E687C3A</relationGeneratorID>
<indexColumnUsage>
<colUsage columnID="E480996C-0ED8-3E93-C115-9D1C7B54C21F"/>
</indexColumnUsage>
</ind_PK_UK>
<ind_PK_UK id="6CE6E736-EB79-ED2D-0407-F6F6D55324E7" name="T_VFC_NOTA_FISCAL_T_VFC_PESSOA_FK">
<createdBy>logonrm</createdBy>
<createdTime>2017-09-21 12:01:12 UTC</createdTime>
<generatorID>BCAD85B5-C9F0-2F0F-BD7A-2300539FFA02</generatorID>
<ownerDesignName>BANCO_V2</ownerDesignName>
<indexState>Foreign Key</indexState>
<isSurrogateKey>false</isSurrogateKey>
<indexColumnUsage>
<colUsage columnID="CF2DD013-ECB1-52CC-3B68-AEE8A6AF7905"/>
</indexColumnUsage>
</ind_PK_UK>
<ind_PK_UK id="D6538AA2-B708-5C92-1F97-880223066211" name="T_VFC_NOTA_FISCAL_T_VFC_PEDIDO_VENDA_FK">
<createdBy>logonrm</createdBy>
<createdTime>2017-09-21 12:01:12 UTC</createdTime>
<generatorID>09BEFE8B-8E29-AAAF-E633-4CB93E687C3A</generatorID>
<ownerDesignName>BANCO_V2</ownerDesignName>
<indexState>Foreign Key</indexState>
<isSurrogateKey>false</isSurrogateKey>
<indexColumnUsage>
<colUsage columnID="E480996C-0ED8-3E93-C115-9D1C7B54C21F"/>
</indexColumnUsage>
</ind_PK_UK>
<ind_PK_UK id="7F13F703-A410-C221-42F9-4D078C3BFC89" name="T_VFC_NOTA_FISCAL_T_VFC_CLASSIFICAO_FISCAL_FK">
<createdBy>logonrm</createdBy>
<createdTime>2017-09-21 12:01:12 UTC</createdTime>
<generatorID>1AD19CFB-0DE0-134F-F82A-05991A7B5250</generatorID>
<ownerDesignName>BANCO_V2</ownerDesignName>
<indexState>Foreign Key</indexState>
<isSurrogateKey>false</isSurrogateKey>
<indexColumnUsage>
<colUsage columnID="9C6975A2-2654-5447-9157-66E264D0A38C"/>
</indexColumnUsage>
</ind_PK_UK>
</indexes>
</Table>