<?xml version = '1.0' encoding = 'UTF-8'?>
<Table class="oracle.dbtools.crest.model.design.relational.Table" directorySegmentName="seg_0" id="5A23A3E8-EBC4-ABFC-637C-58DD8A7A2513" name="T_VFC_ITEM_NOTA_FISCAL">
<createdBy>logonrm</createdBy>
<createdTime>2017-09-21 12:01:12 UTC</createdTime>
<generatorID>C9A88C88-1889-8804-CD54-5A941FD119A1</generatorID>
<ownerDesignName>BANCO_V2</ownerDesignName>
<allowColumnReorder>false</allowColumnReorder>
<existDependencyGenerateInDDl>true</existDependencyGenerateInDDl>
<parsed>true</parsed>
<columns itemClass="oracle.dbtools.crest.model.design.relational.Column">
<Column name="T_VFC_NOTA_FISCAL_nr_nota_fiscal" id="5052EBF2-C895-B7A4-C784-AE86E6601FAD">
<createdBy>logonrm</createdBy>
<createdTime>2017-09-21 12:01:12 UTC</createdTime>
<generatorID>6E336A43-59A9-A08C-8D19-6D68F019D231</generatorID>
<ownerDesignName>BANCO_V2</ownerDesignName>
<useDomainConstraints>false</useDomainConstraints>
<use>1</use>
<logicalDatatype>LOGDT019</logicalDatatype>
<dataTypePrecision>6</dataTypePrecision>
<ownDataTypeParameters>,,</ownDataTypeParameters>
<previousColumn>false</previousColumn>
<autoIncrementCycle>false</autoIncrementCycle>
<associations>
<colAssociation fkAssociation="84E20684-2E4E-5B87-54D3-430D1E67042F" referredColumn="16D33F85-C1DA-EFD7-A4F8-CC0217E96A79"/>
</associations>
</Column>
<Column name="cd_item" id="BB9C48F7-D9E0-B865-2EDA-D842795F87E0">
<createdBy>logonrm</createdBy>
<createdTime>2017-09-21 12:01:12 UTC</createdTime>
<generatorID>96F677F8-B470-6CAC-4AB0-FA6BD9257147</generatorID>
<ownerDesignName>BANCO_V2</ownerDesignName>
<useDomainConstraints>false</useDomainConstraints>
<use>1</use>
<logicalDatatype>LOGDT019</logicalDatatype>
<dataTypePrecision>3</dataTypePrecision>
<ownDataTypeParameters>,3,</ownDataTypeParameters>
<autoIncrementCycle>false</autoIncrementCycle>
</Column>
<Column name="T_VFC_PRODUTO_cd_produto" id="D1DCCEA1-B00F-E472-9416-64292CA0A998">
<createdBy>logonrm</createdBy>
<createdTime>2017-09-21 12:01:12 UTC</createdTime>
<generatorID>9C1E037A-4EA1-610E-06C6-A82013469548</generatorID>
<ownerDesignName>BANCO_V2</ownerDesignName>
<useDomainConstraints>false</useDomainConstraints>
<use>1</use>
<logicalDatatype>LOGDT019</logicalDatatype>
<dataTypePrecision>5</dataTypePrecision>
<ownDataTypeParameters>,,</ownDataTypeParameters>
<previousColumn>false</previousColumn>
<autoIncrementCycle>false</autoIncrementCycle>
<associations>
<colAssociation fkAssociation="14997D83-750F-D7C4-3035-BBC2E62F5E5A" referredColumn="1F716FD2-1C74-FF01-1311-D7E23E397D02"/>
</associations>
</Column>
<Column name="qt_vendida" id="1671449A-2979-A90F-24A3-88CBDB80B73D">
<createdBy>logonrm</createdBy>
<createdTime>2017-09-21 12:01:12 UTC</createdTime>
<generatorID>030CFBF8-E1DE-7A9D-9577-CEA4B5FE3683</generatorID>
<ownerDesignName>BANCO_V2</ownerDesignName>
<useDomainConstraints>false</useDomainConstraints>
<use>1</use>
<logicalDatatype>LOGDT019</logicalDatatype>
<dataTypePrecision>3</dataTypePrecision>
<ownDataTypeParameters>,3,</ownDataTypeParameters>
<autoIncrementCycle>false</autoIncrementCycle>
</Column>
<Column name="vl_preco_unitario" id="540CA863-088D-5E21-8825-CEE7C0F3247B">
<createdBy>logonrm</createdBy>
<createdTime>2017-09-21 12:01:12 UTC</createdTime>
<generatorID>95E82A3C-6289-E548-6668-D2CA4800C966</generatorID>
<ownerDesignName>BANCO_V2</ownerDesignName>
<useDomainConstraints>false</useDomainConstraints>
<use>1</use>
<logicalDatatype>LOGDT019</logicalDatatype>
<dataTypePrecision>6</dataTypePrecision>
<dataTypeScale>2</dataTypeScale>
<ownDataTypeParameters>,6,2</ownDataTypeParameters>
<autoIncrementCycle>false</autoIncrementCycle>
</Column>
</columns>
<indexes itemClass="oracle.dbtools.crest.model.design.relational.Index">
<ind_PK_UK id="C69A0348-6154-7F80-95F8-5AEA17E1672F" name="T_VFC_ITEM_NOTA_FISCAL_PK">
<createdBy>logonrm</createdBy>
<createdTime>2017-09-21 12:01:12 UTC</createdTime>
<generatorID>C0AC3D44-07A6-6072-0C39-93334D6C8B13</generatorID>
<ownerDesignName>BANCO_V2</ownerDesignName>
<pk>true</pk>
<indexState>Primary Constraint</indexState>
<isSurrogateKey>false</isSurrogateKey>
<indexColumnUsage>
<colUsage columnID="5052EBF2-C895-B7A4-C784-AE86E6601FAD"/>
<colUsage columnID="BB9C48F7-D9E0-B865-2EDA-D842795F87E0"/>
</indexColumnUsage>
</ind_PK_UK>
<ind_PK_UK id="B4D0DAEA-9378-FF12-E3F6-92B65408A580" name="T_VFC_ITEM_NOTA_FISCAL_T_VFC_PRODUTO_FK">
<createdBy>logonrm</createdBy>
<createdTime>2017-09-21 12:01:12 UTC</createdTime>
<generatorID>907C1787-9C1A-EFF1-DBA7-F98A9960CE7B</generatorID>
<ownerDesignName>BANCO_V2</ownerDesignName>
<indexState>Foreign Key</indexState>
<isSurrogateKey>false</isSurrogateKey>
<indexColumnUsage>
<colUsage columnID="D1DCCEA1-B00F-E472-9416-64292CA0A998"/>
</indexColumnUsage>
</ind_PK_UK>
<ind_PK_UK id="45097FCA-1291-6168-5B7F-8026FCB84573" name="T_VFC_ITEM_NOTA_FISCAL_T_VFC_NOTA_FISCAL_FK">
<createdBy>logonrm</createdBy>
<createdTime>2017-09-21 12:01:12 UTC</createdTime>
<generatorID>63DBF8D2-61DD-D178-B990-27EAEAAB23DB</generatorID>
<ownerDesignName>BANCO_V2</ownerDesignName>
<indexState>Foreign Key</indexState>
<isSurrogateKey>false</isSurrogateKey>
<indexColumnUsage>
<colUsage columnID="5052EBF2-C895-B7A4-C784-AE86E6601FAD"/>
</indexColumnUsage>
</ind_PK_UK>
</indexes>
</Table>