<?xml version = '1.0' encoding = 'UTF-8'?>
<Table class="oracle.dbtools.crest.model.design.relational.Table" directorySegmentName="seg_0" id="6088070C-D2B3-F326-B518-F172EBF481B6" name="T_VFC_ENDERECO">
<createdBy>logonrm</createdBy>
<createdTime>2017-09-21 12:01:12 UTC</createdTime>
<generatorID>810D356B-B651-3E9E-D77B-9A0F746EE8A3</generatorID>
<ownerDesignName>BANCO_V2</ownerDesignName>
<allowColumnReorder>false</allowColumnReorder>
<existDependencyGenerateInDDl>true</existDependencyGenerateInDDl>
<parsed>true</parsed>
<columns itemClass="oracle.dbtools.crest.model.design.relational.Column">
<Column name="nr_cep" id="F34F53C6-A993-F791-F743-87549C6D64DA">
<createdBy>logonrm</createdBy>
<createdTime>2017-09-21 12:01:12 UTC</createdTime>
<generatorID>CFC174D7-6716-8CC7-CFCD-B434B7122631</generatorID>
<ownerDesignName>BANCO_V2</ownerDesignName>
<useDomainConstraints>false</useDomainConstraints>
<use>1</use>
<logicalDatatype>LOGDT019</logicalDatatype>
<dataTypePrecision>8</dataTypePrecision>
<ownDataTypeParameters>,8,</ownDataTypeParameters>
<autoIncrementCycle>false</autoIncrementCycle>
</Column>
<Column name="T_VFC_BAIRRO_cd_bairro" id="D7C2E535-FFC6-C412-2E08-3709004B6B66">
<createdBy>logonrm</createdBy>
<createdTime>2017-09-21 12:01:12 UTC</createdTime>
<generatorID>458053F3-0D65-7E3E-1FE3-46D2A3663782</generatorID>
<ownerDesignName>BANCO_V2</ownerDesignName>
<useDomainConstraints>false</useDomainConstraints>
<use>1</use>
<logicalDatatype>LOGDT019</logicalDatatype>
<dataTypePrecision>5</dataTypePrecision>
<ownDataTypeParameters>,,</ownDataTypeParameters>
<previousColumn>false</previousColumn>
<autoIncrementCycle>false</autoIncrementCycle>
<associations>
<colAssociation fkAssociation="77DF408B-0E4C-2363-C63A-5E16E963876A" referredColumn="9A3E8071-2003-9BB3-1FC3-F8EA570BBDB9"/>
</associations>
</Column>
<Column name="T_VFC_TIPO_LOG_cd_tipo_log" id="D42C3382-F920-C299-56AD-78317D56B56A">
<createdBy>logonrm</createdBy>
<createdTime>2017-09-21 12:01:12 UTC</createdTime>
<generatorID>3E42ED6B-E2B8-F430-1E3C-4D98EE8EB9D0</generatorID>
<ownerDesignName>BANCO_V2</ownerDesignName>
<useDomainConstraints>false</useDomainConstraints>
<use>1</use>
<logicalDatatype>LOGDT019</logicalDatatype>
<dataTypePrecision>2</dataTypePrecision>
<ownDataTypeParameters>,,</ownDataTypeParameters>
<previousColumn>false</previousColumn>
<autoIncrementCycle>false</autoIncrementCycle>
<associations>
<colAssociation fkAssociation="21ACFC11-AEBF-C237-6083-BA3D5F17537B" referredColumn="5BE0F203-85E4-26F0-46E1-2700FE093A4A"/>
</associations>
</Column>
<Column name="ds_endereco" id="32550946-266F-A2A5-B5AF-466C98C0C3C9">
<createdBy>logonrm</createdBy>
<createdTime>2017-09-21 12:01:12 UTC</createdTime>
<generatorID>57228035-242F-33B1-2FAD-9ABB7A417F99</generatorID>
<ownerDesignName>BANCO_V2</ownerDesignName>
<useDomainConstraints>false</useDomainConstraints>
<use>1</use>
<logicalDatatype>LOGDT024</logicalDatatype>
<dataTypeSize>50</dataTypeSize>
<ownDataTypeParameters>50,,</ownDataTypeParameters>
<autoIncrementCycle>false</autoIncrementCycle>
</Column>
</columns>
<indexes itemClass="oracle.dbtools.crest.model.design.relational.Index">
<ind_PK_UK id="01CE3AFD-3218-62C9-3C8B-B587F0DFD472" name="T_VFC_ENDERECO_PK">
<createdBy>logonrm</createdBy>
<createdTime>2017-09-21 12:01:12 UTC</createdTime>
<generatorID>C552E395-0141-6DC8-73B5-7EC3CF36CF79</generatorID>
<ownerDesignName>BANCO_V2</ownerDesignName>
<pk>true</pk>
<indexState>Primary Constraint</indexState>
<isSurrogateKey>false</isSurrogateKey>
<indexColumnUsage>
<colUsage columnID="F34F53C6-A993-F791-F743-87549C6D64DA"/>
</indexColumnUsage>
</ind_PK_UK>
<ind_PK_UK id="D2CF62F1-D988-F55A-1BC9-F2B9383AE07B" name="T_VFC_ENDERECO_T_VFC_BAIRRO_FK">
<createdBy>logonrm</createdBy>
<createdTime>2017-09-21 12:01:12 UTC</createdTime>
<generatorID>E95C31AD-E048-07FA-328B-B4D31B7227CB</generatorID>
<ownerDesignName>BANCO_V2</ownerDesignName>
<indexState>Foreign Key</indexState>
<isSurrogateKey>false</isSurrogateKey>
<indexColumnUsage>
<colUsage columnID="D7C2E535-FFC6-C412-2E08-3709004B6B66"/>
</indexColumnUsage>
</ind_PK_UK>
<ind_PK_UK id="8A5CB0AD-7467-6EEB-11ED-6D670CC6AC8E" name="T_VFC_ENDERECO_T_VFC_TIPO_LOG_FK">
<createdBy>logonrm</createdBy>
<createdTime>2017-09-21 12:01:12 UTC</createdTime>
<generatorID>7263A996-FF16-E519-09DF-809EFDA364AA</generatorID>
<ownerDesignName>BANCO_V2</ownerDesignName>
<indexState>Foreign Key</indexState>
<isSurrogateKey>false</isSurrogateKey>
<indexColumnUsage>
<colUsage columnID="D42C3382-F920-C299-56AD-78317D56B56A"/>
</indexColumnUsage>
</ind_PK_UK>
</indexes>
</Table>