<?xml version = '1.0' encoding = 'UTF-8'?>
<Table class="oracle.dbtools.crest.model.design.relational.Table" directorySegmentName="seg_0" id="722478DF-575D-D0AC-4C18-1307BAB8C978" name="T_VFC_ESTOQUE">
<createdBy>logonrm</createdBy>
<createdTime>2017-09-21 12:01:12 UTC</createdTime>
<generatorID>66B218AC-B90F-8385-D20D-EC42B7297F6F</generatorID>
<ownerDesignName>BANCO_V2</ownerDesignName>
<allowColumnReorder>false</allowColumnReorder>
<existDependencyGenerateInDDl>true</existDependencyGenerateInDDl>
<parsed>true</parsed>
<columns itemClass="oracle.dbtools.crest.model.design.relational.Column">
<Column name="cd_estoque" id="D884AE7C-B890-CFFE-74C5-458537A465B9">
<createdBy>logonrm</createdBy>
<createdTime>2017-09-21 12:01:12 UTC</createdTime>
<generatorID>19DD4619-4D11-34F2-8B2F-251D3FA97C0E</generatorID>
<ownerDesignName>BANCO_V2</ownerDesignName>
<useDomainConstraints>false</useDomainConstraints>
<use>1</use>
<logicalDatatype>LOGDT019</logicalDatatype>
<dataTypePrecision>5</dataTypePrecision>
<ownDataTypeParameters>,5,</ownDataTypeParameters>
<autoIncrementCycle>false</autoIncrementCycle>
</Column>
<Column name="qt_total_estoque" id="B4866706-77D5-6E97-D8E8-0D4E2530F56D">
<createdBy>logonrm</createdBy>
<createdTime>2017-09-21 12:01:12 UTC</createdTime>
<generatorID>FDF63D95-BDF7-D823-F0BC-D8094BDB97AC</generatorID>
<ownerDesignName>BANCO_V2</ownerDesignName>
<useDomainConstraints>false</useDomainConstraints>
<use>1</use>
<logicalDatatype>LOGDT019</logicalDatatype>
<dataTypePrecision>10</dataTypePrecision>
<ownDataTypeParameters>,10,</ownDataTypeParameters>
<autoIncrementCycle>false</autoIncrementCycle>
</Column>
<Column name="ds_estoque" id="CFD66D31-11EA-95A4-0150-028A07C47CDE">
<createdBy>logonrm</createdBy>
<createdTime>2017-09-21 12:01:12 UTC</createdTime>
<generatorID>E08F9338-9AA4-3F13-E158-CF57B1F91262</generatorID>
<ownerDesignName>BANCO_V2</ownerDesignName>
<useDomainConstraints>false</useDomainConstraints>
<use>1</use>
<logicalDatatype>LOGDT024</logicalDatatype>
<dataTypeSize>20</dataTypeSize>
<ownDataTypeParameters>20,,</ownDataTypeParameters>
<autoIncrementCycle>false</autoIncrementCycle>
</Column>
<Column name="qt_minima_estoque" id="2271C652-AA11-3741-AA35-59CE42F7AFB7">
<createdBy>logonrm</createdBy>
<createdTime>2017-09-21 12:01:12 UTC</createdTime>
<generatorID>41A4120D-BD6B-5824-E762-04546E318A03</generatorID>
<ownerDesignName>BANCO_V2</ownerDesignName>
<useDomainConstraints>false</useDomainConstraints>
<use>1</use>
<logicalDatatype>LOGDT019</logicalDatatype>
<dataTypePrecision>10</dataTypePrecision>
<ownDataTypeParameters>,10,</ownDataTypeParameters>
<autoIncrementCycle>false</autoIncrementCycle>
</Column>
<Column name="nr_latitude" id="442A5F4A-22A2-5606-46A7-5F7E5D7FD2AB">
<createdBy>logonrm</createdBy>
<createdTime>2017-09-21 12:01:12 UTC</createdTime>
<generatorID>63100523-4483-9B1F-60B3-D097F9A7EDF5</generatorID>
<ownerDesignName>BANCO_V2</ownerDesignName>
<useDomainConstraints>false</useDomainConstraints>
<use>1</use>
<logicalDatatype>LOGDT026</logicalDatatype>
<dataTypePrecision>2</dataTypePrecision>
<dataTypeScale>10</dataTypeScale>
<ownDataTypeParameters>,2,10</ownDataTypeParameters>
<autoIncrementCycle>false</autoIncrementCycle>
</Column>
<Column name="nr_longitude" id="2A3C59E8-5F51-7D7A-E398-B630E1E7B57B">
<createdBy>logonrm</createdBy>
<createdTime>2017-09-21 12:01:12 UTC</createdTime>
<generatorID>27A073EA-B3E9-DFBC-08E0-2EBCD03B1226</generatorID>
<ownerDesignName>BANCO_V2</ownerDesignName>
<useDomainConstraints>false</useDomainConstraints>
<use>1</use>
<logicalDatatype>LOGDT026</logicalDatatype>
<dataTypePrecision>2</dataTypePrecision>
<dataTypeScale>5</dataTypeScale>
<ownDataTypeParameters>,2,5</ownDataTypeParameters>
<autoIncrementCycle>false</autoIncrementCycle>
</Column>
</columns>
<indexes itemClass="oracle.dbtools.crest.model.design.relational.Index">
<ind_PK_UK id="0F0B37F6-57ED-D7A5-4C06-3ED91AF9AD6B" name="T_VFC_ESTOQUE_PK">
<createdBy>logonrm</createdBy>
<createdTime>2017-09-21 12:01:12 UTC</createdTime>
<generatorID>181876FF-B4A5-1C96-F00F-45F32FF7FD20</generatorID>
<ownerDesignName>BANCO_V2</ownerDesignName>
<pk>true</pk>
<indexState>Primary Constraint</indexState>
<isSurrogateKey>false</isSurrogateKey>
<indexColumnUsage>
<colUsage columnID="D884AE7C-B890-CFFE-74C5-458537A465B9"/>
</indexColumnUsage>
</ind_PK_UK>
</indexes>
</Table>