<?xml version = '1.0' encoding = 'UTF-8'?>
<Table class="oracle.dbtools.crest.model.design.relational.Table" directorySegmentName="seg_0" id="95C10D4A-1B47-0CC0-A7F2-A53E26434E63" name="T_VFC_PRODUTO">
<createdBy>logonrm</createdBy>
<createdTime>2017-09-21 12:01:12 UTC</createdTime>
<generatorID>FB4EA689-84D4-382E-2CEC-302F372FE324</generatorID>
<ownerDesignName>BANCO_V2</ownerDesignName>
<allowColumnReorder>false</allowColumnReorder>
<existDependencyGenerateInDDl>true</existDependencyGenerateInDDl>
<parsed>true</parsed>
<columns itemClass="oracle.dbtools.crest.model.design.relational.Column">
<Column name="cd_produto" id="1F716FD2-1C74-FF01-1311-D7E23E397D02">
<createdBy>logonrm</createdBy>
<createdTime>2017-09-21 12:01:12 UTC</createdTime>
<generatorID>8539B5C7-0142-AEC2-2609-A608BBE0B22D</generatorID>
<ownerDesignName>BANCO_V2</ownerDesignName>
<useDomainConstraints>false</useDomainConstraints>
<use>1</use>
<logicalDatatype>LOGDT019</logicalDatatype>
<dataTypePrecision>5</dataTypePrecision>
<ownDataTypeParameters>,5,</ownDataTypeParameters>
<autoIncrementCycle>false</autoIncrementCycle>
</Column>
<Column name="ds_produto" id="44E824B3-9B60-8F7D-3F03-25D2B6509482">
<createdBy>logonrm</createdBy>
<createdTime>2017-09-21 12:01:12 UTC</createdTime>
<generatorID>630D80C6-7B4C-A623-095C-E80252610AC7</generatorID>
<ownerDesignName>BANCO_V2</ownerDesignName>
<useDomainConstraints>false</useDomainConstraints>
<use>1</use>
<logicalDatatype>LOGDT024</logicalDatatype>
<dataTypeSize>20</dataTypeSize>
<ownDataTypeParameters>20,,</ownDataTypeParameters>
<autoIncrementCycle>false</autoIncrementCycle>
</Column>
<Column name="ds_completa_produto" id="AA4457BD-4EB4-ED94-6BEE-3FF25E682819">
<createdBy>logonrm</createdBy>
<createdTime>2017-09-21 12:01:12 UTC</createdTime>
<generatorID>0C694194-0DEE-9B6B-BFC7-3DF5345BB5BA</generatorID>
<ownerDesignName>BANCO_V2</ownerDesignName>
<useDomainConstraints>false</useDomainConstraints>
<use>1</use>
<logicalDatatype>LOGDT024</logicalDatatype>
<dataTypeSize>128</dataTypeSize>
<ownDataTypeParameters>128,,</ownDataTypeParameters>
<autoIncrementCycle>false</autoIncrementCycle>
</Column>
<Column name="qt_estoque" id="D9EDA58C-20A7-2CB4-6A51-B3B9309B67BB">
<createdBy>logonrm</createdBy>
<createdTime>2017-09-21 12:01:12 UTC</createdTime>
<generatorID>DAF16EBD-A4F3-A467-29AE-910A0C6C9D97</generatorID>
<ownerDesignName>BANCO_V2</ownerDesignName>
<useDomainConstraints>false</useDomainConstraints>
<use>1</use>
<logicalDatatype>LOGDT019</logicalDatatype>
<dataTypePrecision>4</dataTypePrecision>
<ownDataTypeParameters>,4,</ownDataTypeParameters>
<autoIncrementCycle>false</autoIncrementCycle>
</Column>
<Column name="vl_unitario" id="163F344F-CCE1-D3C7-41A3-A145FFAE0A04">
<createdBy>logonrm</createdBy>
<createdTime>2017-09-21 12:01:12 UTC</createdTime>
<generatorID>C7DA61BD-AEC3-6835-055C-B22D56FD20A6</generatorID>
<ownerDesignName>BANCO_V2</ownerDesignName>
<useDomainConstraints>false</useDomainConstraints>
<use>1</use>
<logicalDatatype>LOGDT019</logicalDatatype>
<dataTypePrecision>6</dataTypePrecision>
<dataTypeScale>2</dataTypeScale>
<ownDataTypeParameters>,6,2</ownDataTypeParameters>
<autoIncrementCycle>false</autoIncrementCycle>
</Column>
<Column name="vl_volume" id="4FB0A06B-551F-B3A2-2C79-807D141ED77D">
<createdBy>logonrm</createdBy>
<createdTime>2017-09-21 12:01:12 UTC</createdTime>
<generatorID>762C8B26-E5B5-DB92-930C-4D89EFC97DA7</generatorID>
<ownerDesignName>BANCO_V2</ownerDesignName>
<useDomainConstraints>false</useDomainConstraints>
<use>1</use>
<logicalDatatype>LOGDT020</logicalDatatype>
<dataTypePrecision>1</dataTypePrecision>
<dataTypeScale>3</dataTypeScale>
<ownDataTypeParameters>,1,3</ownDataTypeParameters>
<autoIncrementCycle>false</autoIncrementCycle>
</Column>
<Column name="vl_peso" id="2E51F8D4-F7C0-B3AD-45EA-F6B92E69448E">
<createdBy>logonrm</createdBy>
<createdTime>2017-09-21 12:01:12 UTC</createdTime>
<generatorID>0D0D7AEF-3878-7796-603F-D40B908501CC</generatorID>
<ownerDesignName>BANCO_V2</ownerDesignName>
<useDomainConstraints>false</useDomainConstraints>
<use>1</use>
<logicalDatatype>LOGDT020</logicalDatatype>
<dataTypePrecision>1</dataTypePrecision>
<dataTypeScale>1</dataTypeScale>
<ownDataTypeParameters>,1,1</ownDataTypeParameters>
<autoIncrementCycle>false</autoIncrementCycle>
</Column>
<Column name="ds_tempo_producao" id="C05315A3-3F1A-C8A8-EC8B-9F61FB0C0B02">
<createdBy>logonrm</createdBy>
<createdTime>2017-09-21 12:01:12 UTC</createdTime>
<generatorID>7B86C41D-30F7-D245-6A14-446248AB5FD3</generatorID>
<ownerDesignName>BANCO_V2</ownerDesignName>
<useDomainConstraints>false</useDomainConstraints>
<use>1</use>
<logicalDatatype>LOGDT008</logicalDatatype>
<ownDataTypeParameters>,,</ownDataTypeParameters>
<autoIncrementCycle>false</autoIncrementCycle>
</Column>
</columns>
<indexes itemClass="oracle.dbtools.crest.model.design.relational.Index">
<ind_PK_UK id="B43CE6C8-E6A5-B43B-6BAF-6277F97B280C" name="T_VFC_PRODUTO_PK">
<createdBy>logonrm</createdBy>
<createdTime>2017-09-21 12:01:12 UTC</createdTime>
<generatorID>9A3F79DF-B647-C032-5896-6305358071C6</generatorID>
<ownerDesignName>BANCO_V2</ownerDesignName>
<pk>true</pk>
<indexState>Primary Constraint</indexState>
<isSurrogateKey>false</isSurrogateKey>
<indexColumnUsage>
<colUsage columnID="1F716FD2-1C74-FF01-1311-D7E23E397D02"/>
</indexColumnUsage>
</ind_PK_UK>
</indexes>
</Table>