<?xml version = '1.0' encoding = 'UTF-8'?>
<Table class="oracle.dbtools.crest.model.design.relational.Table" directorySegmentName="seg_0" id="9BB1541A-6ADF-8FD5-387C-4FB56DDC59F1" name="T_VFC_PEDIDO_VENDA">
<createdBy>logonrm</createdBy>
<createdTime>2017-09-21 12:01:12 UTC</createdTime>
<generatorID>62105B34-9DDE-F8F3-5FE0-3EA10A3AFDFD</generatorID>
<ownerDesignName>BANCO_V2</ownerDesignName>
<allowColumnReorder>false</allowColumnReorder>
<existDependencyGenerateInDDl>true</existDependencyGenerateInDDl>
<parsed>true</parsed>
<columns itemClass="oracle.dbtools.crest.model.design.relational.Column">
<Column name="cd_ordem_venda" id="6478BD1E-A98C-6DBF-8ECD-8D58C203A9E4">
<createdBy>logonrm</createdBy>
<createdTime>2017-09-21 12:01:12 UTC</createdTime>
<generatorID>8DC86EE4-B030-D7D9-BC10-9EA7FACB0C93</generatorID>
<ownerDesignName>BANCO_V2</ownerDesignName>
<useDomainConstraints>false</useDomainConstraints>
<use>1</use>
<logicalDatatype>LOGDT019</logicalDatatype>
<dataTypePrecision>10</dataTypePrecision>
<ownDataTypeParameters>,10,</ownDataTypeParameters>
<autoIncrementCycle>false</autoIncrementCycle>
</Column>
<Column name="T_VFC_NOTA_FISCAL_nr_nota_fiscal" id="159EE855-AEE7-4E4E-587A-6BF68E3D9034">
<createdBy>logonrm</createdBy>
<createdTime>2017-09-21 12:01:12 UTC</createdTime>
<generatorID>5F0A238C-2BD7-4656-4901-70784C3BA11E</generatorID>
<ownerDesignName>BANCO_V2</ownerDesignName>
<useDomainConstraints>false</useDomainConstraints>
<use>1</use>
<logicalDatatype>LOGDT019</logicalDatatype>
<dataTypePrecision>6</dataTypePrecision>
<ownDataTypeParameters>,,</ownDataTypeParameters>
<previousColumn>false</previousColumn>
<autoIncrementCycle>false</autoIncrementCycle>
<associations>
<colAssociation fkAssociation="F48F2F8A-04EA-C608-6BCF-DF333ED05A9B" referredColumn="16D33F85-C1DA-EFD7-A4F8-CC0217E96A79"/>
</associations>
</Column>
<Column name="dt_venda" id="C5582C11-CB6B-4F8E-3694-65B1F658511E">
<createdBy>logonrm</createdBy>
<createdTime>2017-09-21 12:01:12 UTC</createdTime>
<generatorID>F9BB28F3-9AF9-C396-0434-E87FA1619D88</generatorID>
<ownerDesignName>BANCO_V2</ownerDesignName>
<useDomainConstraints>false</useDomainConstraints>
<use>1</use>
<logicalDatatype>LOGDT007</logicalDatatype>
<ownDataTypeParameters>,,</ownDataTypeParameters>
<autoIncrementCycle>false</autoIncrementCycle>
</Column>
<Column name="dt_previsao_entrega" id="886B3D43-E3D5-92B4-C39C-5DDAD8D1FBB6">
<createdBy>logonrm</createdBy>
<createdTime>2017-09-21 12:01:12 UTC</createdTime>
<generatorID>B098DD29-6861-29CB-E2FE-223F0553F6B7</generatorID>
<ownerDesignName>BANCO_V2</ownerDesignName>
<useDomainConstraints>false</useDomainConstraints>
<use>1</use>
<logicalDatatype>LOGDT007</logicalDatatype>
<ownDataTypeParameters>,,</ownDataTypeParameters>
<autoIncrementCycle>false</autoIncrementCycle>
</Column>
<Column name="ds_forma_pagamento" id="343D57CB-44B0-3364-65C8-B1501EC9C6F0">
<createdBy>logonrm</createdBy>
<createdTime>2017-09-21 12:01:12 UTC</createdTime>
<generatorID>EAA61BAD-4ADF-4CB4-8401-A95DF0341DFB</generatorID>
<ownerDesignName>BANCO_V2</ownerDesignName>
<useDomainConstraints>false</useDomainConstraints>
<use>1</use>
<logicalDatatype>LOGDT024</logicalDatatype>
<dataTypeSize>30</dataTypeSize>
<ownDataTypeParameters>30,,</ownDataTypeParameters>
<autoIncrementCycle>false</autoIncrementCycle>
</Column>
<Column name="vl_pedido" id="365C01AC-E565-018C-CD8E-410CD5B8031E">
<createdBy>logonrm</createdBy>
<createdTime>2017-09-21 12:01:12 UTC</createdTime>
<generatorID>544AFA51-5015-6084-7E54-3C3FC21BD559</generatorID>
<ownerDesignName>BANCO_V2</ownerDesignName>
<useDomainConstraints>false</useDomainConstraints>
<use>1</use>
<logicalDatatype>LOGDT019</logicalDatatype>
<dataTypePrecision>6</dataTypePrecision>
<dataTypeScale>2</dataTypeScale>
<ownDataTypeParameters>,6,2</ownDataTypeParameters>
<autoIncrementCycle>false</autoIncrementCycle>
</Column>
</columns>
<indexes itemClass="oracle.dbtools.crest.model.design.relational.Index">
<ind_PK_UK id="968F2BF0-5792-BF33-848B-6D787EB80B34" name="T_VFC_PEDIDO_VENDA_PK">
<createdBy>logonrm</createdBy>
<createdTime>2017-09-21 12:01:12 UTC</createdTime>
<generatorID>4BF6D39C-E59B-BAFF-F1E7-6787CD171F38</generatorID>
<ownerDesignName>BANCO_V2</ownerDesignName>
<pk>true</pk>
<indexState>Primary Constraint</indexState>
<isSurrogateKey>false</isSurrogateKey>
<indexColumnUsage>
<colUsage columnID="6478BD1E-A98C-6DBF-8ECD-8D58C203A9E4"/>
</indexColumnUsage>
</ind_PK_UK>
<ind_PK_UK id="4E56F05F-1BF6-3533-C5B7-3F6049758829" name="T_VFC_PEDIDO_VENDA__IDX">
<createdBy>logonrm</createdBy>
<createdTime>2017-09-21 12:01:12 UTC</createdTime>
<ownerDesignName>BANCO_V2</ownerDesignName>
<indexState>Unique Plain Index</indexState>
<isSurrogateKey>false</isSurrogateKey>
<relationGeneratorID>09BEFE8B-8E29-AAAF-E633-4CB93E687C3A</relationGeneratorID>
<indexColumnUsage>
<colUsage columnID="159EE855-AEE7-4E4E-587A-6BF68E3D9034"/>
</indexColumnUsage>
</ind_PK_UK>
<ind_PK_UK id="D04CEF02-B8D4-56AC-12DD-6EBB2CFEF9AD" name="T_VFC_PEDIDO_VENDA_T_VFC_NOTA_FISCAL_FK">
<createdBy>logonrm</createdBy>
<createdTime>2017-09-21 12:01:12 UTC</createdTime>
<generatorID>09BEFE8B-8E29-AAAF-E633-4CB93E687C3A</generatorID>
<ownerDesignName>BANCO_V2</ownerDesignName>
<indexState>Foreign Key</indexState>
<isSurrogateKey>false</isSurrogateKey>
<indexColumnUsage>
<colUsage columnID="159EE855-AEE7-4E4E-587A-6BF68E3D9034"/>
</indexColumnUsage>
</ind_PK_UK>
</indexes>
</Table>