<?xml version = '1.0' encoding = 'UTF-8'?>
<Table class="oracle.dbtools.crest.model.design.relational.Table" directorySegmentName="seg_0" id="9DDCB394-3E04-AC8F-74B5-5353A34FAC76" name="T_VFC_FUNC_PRODUCAO">
<createdBy>logonrm</createdBy>
<createdTime>2017-09-21 12:01:12 UTC</createdTime>
<generatorID>B5E8D421-1C27-038A-1351-0A86F086125B</generatorID>
<ownerDesignName>BANCO_V2</ownerDesignName>
<allowColumnReorder>false</allowColumnReorder>
<existDependencyGenerateInDDl>true</existDependencyGenerateInDDl>
<parsed>true</parsed>
<columns itemClass="oracle.dbtools.crest.model.design.relational.Column">
<Column name="T_VFC_PRODUCAO_cd_producao" id="48D6744A-D480-5CB6-687C-16923E8AA090">
<createdBy>logonrm</createdBy>
<createdTime>2017-09-21 12:01:12 UTC</createdTime>
<generatorID>43F1E0EB-F633-3568-CA74-3BB0D74C9086</generatorID>
<ownerDesignName>BANCO_V2</ownerDesignName>
<useDomainConstraints>false</useDomainConstraints>
<use>1</use>
<logicalDatatype>LOGDT019</logicalDatatype>
<dataTypePrecision>5</dataTypePrecision>
<ownDataTypeParameters>,,</ownDataTypeParameters>
<previousColumn>false</previousColumn>
<autoIncrementCycle>false</autoIncrementCycle>
<associations>
<colAssociation fkAssociation="17878B7B-3B1F-00F6-5E68-F9AAE04BDA3A" referredColumn="1EB0EB9E-D063-A334-0A54-FBC65085D601"/>
</associations>
</Column>
<Column name="T_VFC_FUNCIONARIO_nr_matricula" id="9C7389E8-EBF9-DDB4-2ED3-95B9E6B77371">
<createdBy>logonrm</createdBy>
<createdTime>2017-09-21 12:01:12 UTC</createdTime>
<generatorID>5738BF64-76EE-FC97-2F74-628766AE2588</generatorID>
<ownerDesignName>BANCO_V2</ownerDesignName>
<useDomainConstraints>false</useDomainConstraints>
<use>1</use>
<logicalDatatype>LOGDT019</logicalDatatype>
<dataTypePrecision>5</dataTypePrecision>
<ownDataTypeParameters>,,</ownDataTypeParameters>
<previousColumn>false</previousColumn>
<autoIncrementCycle>false</autoIncrementCycle>
<associations>
<colAssociation fkAssociation="C2852DA1-3C56-01A5-3EF0-355E9F29AFBF" referredColumn="344D6FEE-576E-498E-357A-42C0DA1F3F4D"/>
</associations>
</Column>
<Column name="T_VFC_PRODUCAO_cd_ordem_producao" id="7DB77386-59DD-7CCB-930A-ECCE8B5F8A26">
<createdBy>logonrm</createdBy>
<createdTime>2017-09-21 12:01:12 UTC</createdTime>
<generatorID>59CC42AC-611F-516C-8DF2-5A4D2918F769</generatorID>
<ownerDesignName>BANCO_V2</ownerDesignName>
<useDomainConstraints>false</useDomainConstraints>
<use>1</use>
<logicalDatatype>LOGDT019</logicalDatatype>
<dataTypePrecision>10</dataTypePrecision>
<ownDataTypeParameters>,,</ownDataTypeParameters>
<previousColumn>false</previousColumn>
<autoIncrementCycle>false</autoIncrementCycle>
<associations>
<colAssociation fkAssociation="17878B7B-3B1F-00F6-5E68-F9AAE04BDA3A" referredColumn="68F1E3CF-BB15-A3E8-C047-60BB3EE4B3A6"/>
</associations>
</Column>
</columns>
<indexes itemClass="oracle.dbtools.crest.model.design.relational.Index">
<ind_PK_UK id="05FF196C-DF70-F6F3-D631-196B03D9ACDA" name="T_VFC_FUNC_PRODUCAO_PK">
<createdBy>logonrm</createdBy>
<createdTime>2017-09-21 12:01:12 UTC</createdTime>
<generatorID>61CF1B30-3300-E3EF-F9BA-B767ECC45506</generatorID>
<ownerDesignName>BANCO_V2</ownerDesignName>
<pk>true</pk>
<indexState>Primary Constraint</indexState>
<isSurrogateKey>false</isSurrogateKey>
<indexColumnUsage>
<colUsage columnID="48D6744A-D480-5CB6-687C-16923E8AA090"/>
<colUsage columnID="7DB77386-59DD-7CCB-930A-ECCE8B5F8A26"/>
<colUsage columnID="9C7389E8-EBF9-DDB4-2ED3-95B9E6B77371"/>
</indexColumnUsage>
</ind_PK_UK>
<ind_PK_UK id="ACF67359-DA14-C86F-8E63-46650D2B88AA" name="T_VFC_FUNC_PRODUCAO_T_VFC_PRODUCAO_FK">
<createdBy>logonrm</createdBy>
<createdTime>2017-09-21 12:01:12 UTC</createdTime>
<generatorID>DA47ABFD-E16A-44E2-B50A-E6545D6388C1</generatorID>
<ownerDesignName>BANCO_V2</ownerDesignName>
<indexState>Foreign Key</indexState>
<isSurrogateKey>false</isSurrogateKey>
<indexColumnUsage>
<colUsage columnID="48D6744A-D480-5CB6-687C-16923E8AA090"/>
<colUsage columnID="7DB77386-59DD-7CCB-930A-ECCE8B5F8A26"/>
</indexColumnUsage>
</ind_PK_UK>
<ind_PK_UK id="F9FCD93B-3A10-5AEC-5320-5DC5203599FA" name="T_VFC_FUNC_PRODUCAO_T_VFC_FUNCIONARIO_FK">
<createdBy>logonrm</createdBy>
<createdTime>2017-09-21 12:01:12 UTC</createdTime>
<generatorID>484C8651-3EE8-40CB-2838-B7D84DF50B0E</generatorID>
<ownerDesignName>BANCO_V2</ownerDesignName>
<indexState>Foreign Key</indexState>
<isSurrogateKey>false</isSurrogateKey>
<indexColumnUsage>
<colUsage columnID="9C7389E8-EBF9-DDB4-2ED3-95B9E6B77371"/>
</indexColumnUsage>
</ind_PK_UK>
</indexes>
</Table>