<?xml version = '1.0' encoding = 'UTF-8'?>
<Table class="oracle.dbtools.crest.model.design.relational.Table" directorySegmentName="seg_0" id="B40A12F8-8A21-D9C6-1CF9-A69B998E6019" name="T_VFC_FORNECEDOR">
<createdBy>logonrm</createdBy>
<createdTime>2017-09-21 12:01:12 UTC</createdTime>
<generatorID>39B2A3F1-9336-59C7-0116-7B2F3374F5FB</generatorID>
<ownerDesignName>BANCO_V2</ownerDesignName>
<allowColumnReorder>false</allowColumnReorder>
<existDependencyGenerateInDDl>true</existDependencyGenerateInDDl>
<parsed>true</parsed>
<columns itemClass="oracle.dbtools.crest.model.design.relational.Column">
<Column name="cd_fornecedor" id="59D83FB9-2C2F-615C-2F87-046E30862E75">
<createdBy>logonrm</createdBy>
<createdTime>2017-09-21 12:01:12 UTC</createdTime>
<generatorID>6C9FE9EB-9500-FA93-6240-26C83967350B</generatorID>
<ownerDesignName>BANCO_V2</ownerDesignName>
<useDomainConstraints>false</useDomainConstraints>
<use>1</use>
<logicalDatatype>LOGDT019</logicalDatatype>
<dataTypePrecision>5</dataTypePrecision>
<ownDataTypeParameters>,5,</ownDataTypeParameters>
<autoIncrementCycle>false</autoIncrementCycle>
</Column>
<Column name="T_VFC_PESSOA_JURIDICA_T_VFC_PESSOA_cd_pessoa" id="7FCF74C7-E027-2060-616A-E6AA5FD0BEB5">
<createdBy>logonrm</createdBy>
<createdTime>2017-09-21 12:01:12 UTC</createdTime>
<generatorID>88A74427-75CB-4C6A-2AD7-E1E63BB20A60</generatorID>
<ownerDesignName>BANCO_V2</ownerDesignName>
<useDomainConstraints>false</useDomainConstraints>
<use>1</use>
<logicalDatatype>LOGDT019</logicalDatatype>
<dataTypePrecision>5</dataTypePrecision>
<ownDataTypeParameters>,,</ownDataTypeParameters>
<previousColumn>false</previousColumn>
<autoIncrementCycle>false</autoIncrementCycle>
<associations>
<colAssociation fkAssociation="82DBC4B5-64D1-FF46-37F7-C25A13DF4729" referredColumn="D1F5E6A1-4F1B-CEC7-B002-D43A80766124"/>
</associations>
</Column>
<Column name="dt_cadastro" id="F66AF7E1-01D0-968C-F891-3E0FDE2F671E">
<createdBy>logonrm</createdBy>
<createdTime>2017-09-21 12:01:12 UTC</createdTime>
<generatorID>9EEAFC6D-CE80-D473-DD1C-D702F2A99E8E</generatorID>
<ownerDesignName>BANCO_V2</ownerDesignName>
<useDomainConstraints>false</useDomainConstraints>
<use>1</use>
<logicalDatatype>LOGDT007</logicalDatatype>
<ownDataTypeParameters>,,</ownDataTypeParameters>
<autoIncrementCycle>false</autoIncrementCycle>
</Column>
<Column name="ds_avaliacao" id="71C75058-2106-3EAA-B8D4-976F046371F3">
<createdBy>logonrm</createdBy>
<createdTime>2017-09-21 12:01:12 UTC</createdTime>
<comment>Avaliacao atribuida a um fornecedor por sua referência em tempo, preço e qualidade</comment>
<generatorID>5AF3E91B-F949-D712-30D1-49928B11AD8A</generatorID>
<ownerDesignName>BANCO_V2</ownerDesignName>
<nullsAllowed>true</nullsAllowed>
<useDomainConstraints>false</useDomainConstraints>
<use>1</use>
<logicalDatatype>LOGDT024</logicalDatatype>
<dataTypeSize>15</dataTypeSize>
<ownDataTypeParameters>15,,</ownDataTypeParameters>
<autoIncrementCycle>false</autoIncrementCycle>
</Column>
</columns>
<indexes itemClass="oracle.dbtools.crest.model.design.relational.Index">
<ind_PK_UK id="DF3079FB-267C-0E2C-1AF5-8CD5251003F8" name="T_VFC_FORNECEDOR_PK">
<createdBy>logonrm</createdBy>
<createdTime>2017-09-21 12:01:12 UTC</createdTime>
<generatorID>360CD76E-2B38-B106-173F-CFA844B16E9A</generatorID>
<ownerDesignName>BANCO_V2</ownerDesignName>
<pk>true</pk>
<indexState>Primary Constraint</indexState>
<isSurrogateKey>false</isSurrogateKey>
<indexColumnUsage>
<colUsage columnID="59D83FB9-2C2F-615C-2F87-046E30862E75"/>
</indexColumnUsage>
</ind_PK_UK>
<ind_PK_UK id="7882A1D6-E31D-FF31-A2EE-BA269062AA03" name="T_VFC_FORNECEDOR_T_VFC_PESSOA_JURIDICA_FK">
<createdBy>logonrm</createdBy>
<createdTime>2017-09-21 12:01:12 UTC</createdTime>
<generatorID>027D0B0B-14C2-2696-EFFD-CB1FA713C558</generatorID>
<ownerDesignName>BANCO_V2</ownerDesignName>
<indexState>Foreign Key</indexState>
<isSurrogateKey>false</isSurrogateKey>
<indexColumnUsage>
<colUsage columnID="7FCF74C7-E027-2060-616A-E6AA5FD0BEB5"/>
</indexColumnUsage>
</ind_PK_UK>
</indexes>
</Table>