<?xml version = '1.0' encoding = 'UTF-8'?>
<Table class="oracle.dbtools.crest.model.design.relational.Table" directorySegmentName="seg_0" id="B8AD4610-1CF7-34A8-77CA-D8A21A90C9CE" name="T_VFC_MOVIM_ESTOQUE">
<createdBy>logonrm</createdBy>
<createdTime>2017-09-21 12:01:12 UTC</createdTime>
<generatorID>8F57EF78-75B1-4097-54B5-5A709C805078</generatorID>
<ownerDesignName>BANCO_V2</ownerDesignName>
<allowColumnReorder>false</allowColumnReorder>
<existDependencyGenerateInDDl>true</existDependencyGenerateInDDl>
<parsed>true</parsed>
<columns itemClass="oracle.dbtools.crest.model.design.relational.Column">
<Column name="cd_movimentacao" id="A75FDE4A-4AA5-0E4E-19A9-03B7BA954295">
<createdBy>logonrm</createdBy>
<createdTime>2017-09-21 12:01:12 UTC</createdTime>
<generatorID>34DD9766-24B1-0634-B1CD-4F236D694D52</generatorID>
<ownerDesignName>BANCO_V2</ownerDesignName>
<useDomainConstraints>false</useDomainConstraints>
<use>1</use>
<logicalDatatype>LOGDT019</logicalDatatype>
<dataTypePrecision>5</dataTypePrecision>
<ownDataTypeParameters>,5,</ownDataTypeParameters>
<autoIncrementCycle>false</autoIncrementCycle>
</Column>
<Column name="T_VFC_PATIO_cd_patio" id="E28E0600-314F-555E-0964-D7F999EA4FF8">
<createdBy>logonrm</createdBy>
<createdTime>2017-09-21 12:01:12 UTC</createdTime>
<generatorID>46AF082C-4C19-2FB7-0B1E-31455F5C6C7B</generatorID>
<ownerDesignName>BANCO_V2</ownerDesignName>
<useDomainConstraints>false</useDomainConstraints>
<use>1</use>
<logicalDatatype>LOGDT019</logicalDatatype>
<dataTypePrecision>5</dataTypePrecision>
<ownDataTypeParameters>,,</ownDataTypeParameters>
<previousColumn>false</previousColumn>
<autoIncrementCycle>false</autoIncrementCycle>
<associations>
<colAssociation fkAssociation="59AB4571-60FF-AA95-3AE4-1E69BCDD7C29" referredColumn="E12A1AF4-EC9C-7747-207E-E078ED7CF277"/>
</associations>
</Column>
<Column name="T_VFC_ESTOQUE_cd_estoque" id="D6E99D13-263F-8C5D-F7B9-6DCB2313C28C">
<createdBy>logonrm</createdBy>
<createdTime>2017-09-21 12:01:12 UTC</createdTime>
<generatorID>E64CC689-EE60-861E-B41D-7D34D2D226E7</generatorID>
<ownerDesignName>BANCO_V2</ownerDesignName>
<useDomainConstraints>false</useDomainConstraints>
<use>1</use>
<logicalDatatype>LOGDT019</logicalDatatype>
<dataTypePrecision>5</dataTypePrecision>
<ownDataTypeParameters>,,</ownDataTypeParameters>
<previousColumn>false</previousColumn>
<autoIncrementCycle>false</autoIncrementCycle>
<associations>
<colAssociation fkAssociation="2F924952-1A5C-AD00-660A-0CA5AD7FDE4A" referredColumn="D884AE7C-B890-CFFE-74C5-458537A465B9"/>
</associations>
</Column>
<Column name="dt_entrada" id="F8C1754E-7BDA-4402-20C2-0A845881D715">
<createdBy>logonrm</createdBy>
<createdTime>2017-09-21 12:01:12 UTC</createdTime>
<generatorID>830E7D78-050D-2043-F602-D0D60CFC868A</generatorID>
<ownerDesignName>BANCO_V2</ownerDesignName>
<useDomainConstraints>false</useDomainConstraints>
<use>1</use>
<logicalDatatype>LOGDT007</logicalDatatype>
<ownDataTypeParameters>,,</ownDataTypeParameters>
<autoIncrementCycle>false</autoIncrementCycle>
</Column>
</columns>
<indexes itemClass="oracle.dbtools.crest.model.design.relational.Index">
<ind_PK_UK id="F3E2D45C-5EA4-FAD6-3445-E443FC8F56BB" name="T_VFC_MOVIM_ESTOQUE_PK">
<createdBy>logonrm</createdBy>
<createdTime>2017-09-21 12:01:12 UTC</createdTime>
<generatorID>EC973455-029E-CE84-61C2-BFF883D9296E</generatorID>
<ownerDesignName>BANCO_V2</ownerDesignName>
<pk>true</pk>
<indexState>Primary Constraint</indexState>
<isSurrogateKey>false</isSurrogateKey>
<indexColumnUsage>
<colUsage columnID="E28E0600-314F-555E-0964-D7F999EA4FF8"/>
<colUsage columnID="D6E99D13-263F-8C5D-F7B9-6DCB2313C28C"/>
<colUsage columnID="A75FDE4A-4AA5-0E4E-19A9-03B7BA954295"/>
</indexColumnUsage>
</ind_PK_UK>
<ind_PK_UK id="CA929D4F-F22C-8529-673F-08F569219856" name="T_VFC_MOVIM_ESTOQUE_T_VFC_PATIO_FK">
<createdBy>logonrm</createdBy>
<createdTime>2017-09-21 12:01:12 UTC</createdTime>
<generatorID>353C3C95-A11D-84DA-6798-F1125CF7D11D</generatorID>
<ownerDesignName>BANCO_V2</ownerDesignName>
<indexState>Foreign Key</indexState>
<isSurrogateKey>false</isSurrogateKey>
<indexColumnUsage>
<colUsage columnID="E28E0600-314F-555E-0964-D7F999EA4FF8"/>
</indexColumnUsage>
</ind_PK_UK>
<ind_PK_UK id="8E40F267-F94C-84E8-4C52-91AAA9FEDA0C" name="T_VFC_MOVIM_ESTOQUE_T_VFC_ESTOQUE_FK">
<createdBy>logonrm</createdBy>
<createdTime>2017-09-21 12:01:12 UTC</createdTime>
<generatorID>C7ABFB0A-7475-AB59-C8A1-17B4AC540FCD</generatorID>
<ownerDesignName>BANCO_V2</ownerDesignName>
<indexState>Foreign Key</indexState>
<isSurrogateKey>false</isSurrogateKey>
<indexColumnUsage>
<colUsage columnID="D6E99D13-263F-8C5D-F7B9-6DCB2313C28C"/>
</indexColumnUsage>
</ind_PK_UK>
</indexes>
</Table>