<?xml version = '1.0' encoding = 'UTF-8'?>
<Table class="oracle.dbtools.crest.model.design.relational.Table" directorySegmentName="seg_0" id="CB2A4BF1-FF8A-726B-4E61-E2511705DA14" name="T_VFC_HIST_PROD">
<createdBy>logonrm</createdBy>
<createdTime>2017-09-21 12:01:12 UTC</createdTime>
<generatorID>390EA197-180E-8C09-9BE9-5B64FBCD24C9</generatorID>
<ownerDesignName>BANCO_V2</ownerDesignName>
<allowColumnReorder>false</allowColumnReorder>
<existDependencyGenerateInDDl>true</existDependencyGenerateInDDl>
<parsed>true</parsed>
<columns itemClass="oracle.dbtools.crest.model.design.relational.Column">
<Column name="cd_hist" id="C2D568EF-F6E9-11BD-9094-2A7BE4B30D69">
<createdBy>logonrm</createdBy>
<createdTime>2017-09-21 12:01:12 UTC</createdTime>
<generatorID>B58F4CD2-ABE9-0F8B-41E9-B0788486DC19</generatorID>
<ownerDesignName>BANCO_V2</ownerDesignName>
<useDomainConstraints>false</useDomainConstraints>
<use>1</use>
<logicalDatatype>LOGDT019</logicalDatatype>
<dataTypePrecision>5</dataTypePrecision>
<ownDataTypeParameters>,5,</ownDataTypeParameters>
<autoIncrementCycle>false</autoIncrementCycle>
</Column>
<Column name="T_VFC_PRODUTO_cd_produto" id="D1FB34D8-D4B8-1BB2-9A91-E689A98FF5D7">
<createdBy>logonrm</createdBy>
<createdTime>2017-09-21 12:01:12 UTC</createdTime>
<generatorID>7D055292-A0B1-AC1D-906B-FD88E84BE085</generatorID>
<ownerDesignName>BANCO_V2</ownerDesignName>
<useDomainConstraints>false</useDomainConstraints>
<use>1</use>
<logicalDatatype>LOGDT019</logicalDatatype>
<dataTypePrecision>5</dataTypePrecision>
<ownDataTypeParameters>,,</ownDataTypeParameters>
<previousColumn>false</previousColumn>
<autoIncrementCycle>false</autoIncrementCycle>
<associations>
<colAssociation fkAssociation="6292B0F4-4241-9CF8-91C0-38514FADFCF4" referredColumn="1F716FD2-1C74-FF01-1311-D7E23E397D02"/>
</associations>
</Column>
<Column name="vl_preco" id="74C6F735-412F-ACD3-3B15-C9467A518CAA">
<createdBy>logonrm</createdBy>
<createdTime>2017-09-21 12:01:12 UTC</createdTime>
<generatorID>9B8A1C66-E6DD-DD64-A172-57E505A12445</generatorID>
<ownerDesignName>BANCO_V2</ownerDesignName>
<useDomainConstraints>false</useDomainConstraints>
<use>1</use>
<logicalDatatype>LOGDT019</logicalDatatype>
<dataTypePrecision>10</dataTypePrecision>
<ownDataTypeParameters>,10,</ownDataTypeParameters>
<autoIncrementCycle>false</autoIncrementCycle>
</Column>
<Column name="dt_data_preco" id="0264F534-085F-23D0-2388-AC721DFB145D">
<createdBy>logonrm</createdBy>
<createdTime>2017-09-21 12:01:12 UTC</createdTime>
<generatorID>C3579E79-76DA-4E86-2706-2D884EABEB7E</generatorID>
<ownerDesignName>BANCO_V2</ownerDesignName>
<useDomainConstraints>false</useDomainConstraints>
<use>1</use>
<logicalDatatype>LOGDT007</logicalDatatype>
<ownDataTypeParameters>,,</ownDataTypeParameters>
<autoIncrementCycle>false</autoIncrementCycle>
</Column>
</columns>
<indexes itemClass="oracle.dbtools.crest.model.design.relational.Index">
<ind_PK_UK id="01F6DBC3-3279-091F-EDEE-E802EEC220ED" name="T_VFC_HIST_PROD_PK">
<createdBy>logonrm</createdBy>
<createdTime>2017-09-21 12:01:12 UTC</createdTime>
<generatorID>9E79012A-FEE0-6C21-BD73-C895D141BA90</generatorID>
<ownerDesignName>BANCO_V2</ownerDesignName>
<pk>true</pk>
<indexState>Primary Constraint</indexState>
<isSurrogateKey>false</isSurrogateKey>
<indexColumnUsage>
<colUsage columnID="D1FB34D8-D4B8-1BB2-9A91-E689A98FF5D7"/>
<colUsage columnID="C2D568EF-F6E9-11BD-9094-2A7BE4B30D69"/>
</indexColumnUsage>
</ind_PK_UK>
<ind_PK_UK id="6701A996-0BEC-11E3-9B0C-BBA4A6929311" name="T_VFC_HIST_PROD_T_VFC_PRODUTO_FK">
<createdBy>logonrm</createdBy>
<createdTime>2017-09-21 12:01:12 UTC</createdTime>
<generatorID>098423A7-E573-78C1-80A3-4F4072D43FDA</generatorID>
<ownerDesignName>BANCO_V2</ownerDesignName>
<indexState>Foreign Key</indexState>
<isSurrogateKey>false</isSurrogateKey>
<indexColumnUsage>
<colUsage columnID="D1FB34D8-D4B8-1BB2-9A91-E689A98FF5D7"/>
</indexColumnUsage>
</ind_PK_UK>
</indexes>
</Table>