<?xml version = '1.0' encoding = 'UTF-8'?>
<Table class="oracle.dbtools.crest.model.design.relational.Table" directorySegmentName="seg_0" id="D6670F7F-8B02-FA07-094F-3F40725590AE" name="T_VFC_FORNECIMENTO_MP">
<createdBy>logonrm</createdBy>
<createdTime>2017-09-21 12:01:12 UTC</createdTime>
<generatorID>94568D1B-8CD0-76C5-C197-C824FBE35066</generatorID>
<ownerDesignName>BANCO_V2</ownerDesignName>
<allowColumnReorder>false</allowColumnReorder>
<existDependencyGenerateInDDl>true</existDependencyGenerateInDDl>
<parsed>true</parsed>
<columns itemClass="oracle.dbtools.crest.model.design.relational.Column">
<Column name="cd_ordem_mp" id="83ADB6B1-7729-EBF1-200A-E12237FF8C7F">
<createdBy>logonrm</createdBy>
<createdTime>2017-09-21 12:01:12 UTC</createdTime>
<generatorID>82331ADA-B9FB-7625-156F-334D5EC211A2</generatorID>
<ownerDesignName>BANCO_V2</ownerDesignName>
<useDomainConstraints>false</useDomainConstraints>
<use>1</use>
<logicalDatatype>LOGDT019</logicalDatatype>
<dataTypePrecision>5</dataTypePrecision>
<ownDataTypeParameters>,5,</ownDataTypeParameters>
<autoIncrementCycle>false</autoIncrementCycle>
</Column>
<Column name="T_VFC_FORNECEDOR_cd_fornecedor" id="D5BC23AF-E4C4-75B4-3134-5705AC5A7113">
<createdBy>logonrm</createdBy>
<createdTime>2017-09-21 12:01:12 UTC</createdTime>
<generatorID>879AC83C-460B-C0D6-A788-E7F57BDDEC06</generatorID>
<ownerDesignName>BANCO_V2</ownerDesignName>
<useDomainConstraints>false</useDomainConstraints>
<use>1</use>
<logicalDatatype>LOGDT019</logicalDatatype>
<dataTypePrecision>5</dataTypePrecision>
<ownDataTypeParameters>,,</ownDataTypeParameters>
<previousColumn>false</previousColumn>
<autoIncrementCycle>false</autoIncrementCycle>
<associations>
<colAssociation fkAssociation="2F19C4DD-0AB7-3830-13D3-4E996B4FA59B" referredColumn="59D83FB9-2C2F-615C-2F87-046E30862E75"/>
</associations>
</Column>
<Column name="T_VFC_MATERIA_PRIMA_cd_materia_prima" id="9C401572-D6FF-EE36-F0C9-25F946C1E797">
<createdBy>logonrm</createdBy>
<createdTime>2017-09-21 12:01:12 UTC</createdTime>
<generatorID>23240029-7181-87EA-83EF-A05B6DE91AFC</generatorID>
<ownerDesignName>BANCO_V2</ownerDesignName>
<useDomainConstraints>false</useDomainConstraints>
<use>1</use>
<logicalDatatype>LOGDT019</logicalDatatype>
<dataTypePrecision>5</dataTypePrecision>
<ownDataTypeParameters>,,</ownDataTypeParameters>
<previousColumn>false</previousColumn>
<autoIncrementCycle>false</autoIncrementCycle>
<associations>
<colAssociation fkAssociation="A669254A-AD8C-21C0-BAE8-E0DDC317D07F" referredColumn="0950B300-2EE4-4A45-A6A8-B338FE4F2D23"/>
</associations>
</Column>
<Column name="cd_pessoa" id="B9643904-DA03-102E-DB89-6D5017B8E0F4">
<createdBy>logonrm</createdBy>
<createdTime>2017-09-21 12:01:12 UTC</createdTime>
<generatorID>34A9A614-6728-8587-89A8-BA0E0ED897CA</generatorID>
<ownerDesignName>BANCO_V2</ownerDesignName>
<useDomainConstraints>false</useDomainConstraints>
<use>1</use>
<logicalDatatype>LOGDT019</logicalDatatype>
<ownDataTypeParameters>,,</ownDataTypeParameters>
<previousColumn>false</previousColumn>
<autoIncrementCycle>false</autoIncrementCycle>
</Column>
<Column name="dt_compra" id="685B6594-1D6B-CF07-C800-4436DFA379E4">
<createdBy>logonrm</createdBy>
<createdTime>2017-09-21 12:01:12 UTC</createdTime>
<generatorID>3D231325-894A-D85B-075A-F13A78F90657</generatorID>
<ownerDesignName>BANCO_V2</ownerDesignName>
<useDomainConstraints>false</useDomainConstraints>
<use>1</use>
<logicalDatatype>LOGDT007</logicalDatatype>
<ownDataTypeParameters>,,</ownDataTypeParameters>
<autoIncrementCycle>false</autoIncrementCycle>
</Column>
<Column name="qt_fornecida" id="7278AF1E-F97C-1A8A-42B8-03BE0A3565BC">
<createdBy>logonrm</createdBy>
<createdTime>2017-09-21 12:01:12 UTC</createdTime>
<generatorID>12D9E07E-72FF-BB27-FE4D-D27374BFC91B</generatorID>
<ownerDesignName>BANCO_V2</ownerDesignName>
<useDomainConstraints>false</useDomainConstraints>
<use>1</use>
<logicalDatatype>LOGDT019</logicalDatatype>
<dataTypePrecision>4</dataTypePrecision>
<ownDataTypeParameters>,4,</ownDataTypeParameters>
<autoIncrementCycle>false</autoIncrementCycle>
</Column>
<Column name="dt_entrega_prevista" id="FCE75405-C1C8-AF8B-C51A-AFBB8AFF23B9">
<createdBy>logonrm</createdBy>
<createdTime>2017-09-21 12:01:12 UTC</createdTime>
<generatorID>24B8B889-3797-14E8-1B7D-98557E281FF7</generatorID>
<ownerDesignName>BANCO_V2</ownerDesignName>
<useDomainConstraints>false</useDomainConstraints>
<use>1</use>
<logicalDatatype>LOGDT007</logicalDatatype>
<ownDataTypeParameters>,,</ownDataTypeParameters>
<autoIncrementCycle>false</autoIncrementCycle>
</Column>
<Column name="vl_total" id="FDE13CD6-320E-60B3-B486-90D58BC600EE">
<createdBy>logonrm</createdBy>
<createdTime>2017-09-21 12:01:12 UTC</createdTime>
<generatorID>61FDD494-9624-582C-4B02-EECF045D8984</generatorID>
<ownerDesignName>BANCO_V2</ownerDesignName>
<useDomainConstraints>false</useDomainConstraints>
<use>1</use>
<logicalDatatype>LOGDT020</logicalDatatype>
<dataTypePrecision>5</dataTypePrecision>
<dataTypeScale>5</dataTypeScale>
<ownDataTypeParameters>,5,5</ownDataTypeParameters>
<autoIncrementCycle>false</autoIncrementCycle>
</Column>
<Column name="T_VFC_HIST_MP_cd_hist" id="64F3FB70-EED9-4540-8BCE-0612307A91A0">
<createdBy>logonrm</createdBy>
<createdTime>2017-09-21 12:01:12 UTC</createdTime>
<generatorID>CA2BAC27-31D3-485C-5FFD-A473FD8184D1</generatorID>
<ownerDesignName>BANCO_V2</ownerDesignName>
<useDomainConstraints>false</useDomainConstraints>
<use>1</use>
<logicalDatatype>LOGDT019</logicalDatatype>
<ownDataTypeParameters>,,</ownDataTypeParameters>
<previousColumn>false</previousColumn>
<autoIncrementCycle>false</autoIncrementCycle>
<associations>
<colAssociation fkAssociation="B10CB0F5-39C0-D811-5F95-5105FB60B333" referredColumn="868C5739-BFE9-8D36-662E-D6FE021E0658"/>
</associations>
</Column>
</columns>
<indexes itemClass="oracle.dbtools.crest.model.design.relational.Index">
<ind_PK_UK id="3EDB1A29-3486-719A-7F8A-3C1E209A6F30" name="T_VFC_FORNECIMENTO_MP_PK">
<createdBy>logonrm</createdBy>
<createdTime>2017-09-21 12:01:12 UTC</createdTime>
<generatorID>D23BC2A6-2CA4-9681-E52C-9A5D16165217</generatorID>
<ownerDesignName>BANCO_V2</ownerDesignName>
<pk>true</pk>
<indexState>Primary Constraint</indexState>
<isSurrogateKey>false</isSurrogateKey>
<indexColumnUsage>
<colUsage columnID="83ADB6B1-7729-EBF1-200A-E12237FF8C7F"/>
<colUsage columnID="9C401572-D6FF-EE36-F0C9-25F946C1E797"/>
<colUsage columnID="D5BC23AF-E4C4-75B4-3134-5705AC5A7113"/>
</indexColumnUsage>
</ind_PK_UK>
<ind_PK_UK id="F70CAEC9-0A9D-DBBA-32A3-A62FAFB17FD6" name="T_VFC_FORNECIMENTO_MP__IDX">
<createdBy>logonrm</createdBy>
<createdTime>2017-09-21 12:01:12 UTC</createdTime>
<ownerDesignName>BANCO_V2</ownerDesignName>
<indexState>Unique Plain Index</indexState>
<isSurrogateKey>false</isSurrogateKey>
<relationGeneratorID>E5C1B9DC-4CC7-7C48-4BD2-B94FC87F81C0</relationGeneratorID>
<indexColumnUsage>
<colUsage columnID="64F3FB70-EED9-4540-8BCE-0612307A91A0"/>
</indexColumnUsage>
</ind_PK_UK>
<ind_PK_UK id="C2A5B63A-3F1C-B655-3703-1E078B0EA691" name="T_VFC_FORNECIMENTO_MP_T_VFC_HIST_MP_FK">
<createdBy>logonrm</createdBy>
<createdTime>2017-09-21 12:01:12 UTC</createdTime>
<generatorID>E5C1B9DC-4CC7-7C48-4BD2-B94FC87F81C0</generatorID>
<ownerDesignName>BANCO_V2</ownerDesignName>
<indexState>Foreign Key</indexState>
<isSurrogateKey>false</isSurrogateKey>
<indexColumnUsage>
<colUsage columnID="64F3FB70-EED9-4540-8BCE-0612307A91A0"/>
</indexColumnUsage>
</ind_PK_UK>
<ind_PK_UK id="104D8835-DA95-A906-B185-E5918E58A362" name="T_VFC_FORNECIMENTO_MP_T_VFC_MATERIA_PRIMA_FK">
<createdBy>logonrm</createdBy>
<createdTime>2017-09-21 12:01:12 UTC</createdTime>
<generatorID>FE36E522-53BC-BB3D-5C97-42A39FD35B65</generatorID>
<ownerDesignName>BANCO_V2</ownerDesignName>
<indexState>Foreign Key</indexState>
<isSurrogateKey>false</isSurrogateKey>
<indexColumnUsage>
<colUsage columnID="9C401572-D6FF-EE36-F0C9-25F946C1E797"/>
</indexColumnUsage>
</ind_PK_UK>
<ind_PK_UK id="2A8600FF-1089-203F-04CE-4AEEE1FA44CE" name="T_VFC_FORNECIMENTO_MP_T_VFC_FORNECEDOR_FK">
<createdBy>logonrm</createdBy>
<createdTime>2017-09-21 12:01:12 UTC</createdTime>
<generatorID>142FD289-C7F8-0D5D-ED19-72324271B26E</generatorID>
<ownerDesignName>BANCO_V2</ownerDesignName>
<indexState>Foreign Key</indexState>
<isSurrogateKey>false</isSurrogateKey>
<indexColumnUsage>
<colUsage columnID="D5BC23AF-E4C4-75B4-3134-5705AC5A7113"/>
</indexColumnUsage>
</ind_PK_UK>
</indexes>
</Table>