<?xml version = '1.0' encoding = 'UTF-8'?>
<Relation class="oracle.dbtools.crest.model.design.logical.Relation" name="pertencerv8" directorySegmentName="seg_0" id="027D0B0B-14C2-2696-EFFD-CB1FA713C558">
<createdBy>logonrm</createdBy>
<createdTime>2017-09-18 12:40:53 UTC</createdTime>
<ownerDesignName>banco</ownerDesignName>
<engineerTo>
<item key="79DBAC6E-7ECE-7411-7C89-31B79CF16E25" value="true"/>
</engineerTo>
<sourcePk>731969B1-EDBD-4F14-C346-3255F3729805</sourcePk>
<identifying>true</identifying>
<optionalSource>true</optionalSource>
<optionalTarget>false</optionalTarget>
<sourceCardinality>1</sourceCardinality>
<sourceEntity>E926951B-778A-C369-F11D-EF67D7486E52</sourceEntity>
<targetCardinalityString>*</targetCardinalityString>
<targetEntity>39B2A3F1-9336-59C7-0116-7B2F3374F5FB</targetEntity>
<transferable>true</transferable>
<deleteRule>NO ACTION</deleteRule>
</Relation>