<?xml version = '1.0' encoding = 'UTF-8'?>
<Relation class="oracle.dbtools.crest.model.design.logical.Relation" name="comporv8" directorySegmentName="seg_0" id="142FD289-C7F8-0D5D-ED19-72324271B26E">
<createdBy>logonrm</createdBy>
<createdTime>2017-09-18 12:35:18 UTC</createdTime>
<ownerDesignName>banco</ownerDesignName>
<engineerTo>
<item key="79DBAC6E-7ECE-7411-7C89-31B79CF16E25" value="true"/>
</engineerTo>
<sourcePk>360CD76E-2B38-B106-173F-CFA844B16E9A</sourcePk>
<identifying>true</identifying>
<optionalSource>true</optionalSource>
<optionalTarget>false</optionalTarget>
<sourceCardinality>1</sourceCardinality>
<sourceEntity>39B2A3F1-9336-59C7-0116-7B2F3374F5FB</sourceEntity>
<targetCardinalityString>*</targetCardinalityString>
<targetEntity>94568D1B-8CD0-76C5-C197-C824FBE35066</targetEntity>
<transferable>true</transferable>
<deleteRule>NO ACTION</deleteRule>
</Relation>