<?xml version = '1.0' encoding = 'UTF-8'?>
<Relation class="oracle.dbtools.crest.model.design.logical.Relation" name="Relation_41" directorySegmentName="seg_0" id="9675815A-5C82-68C1-6C71-C28596619576">
<createdBy>logonrm</createdBy>
<createdTime>2017-09-21 11:53:20 UTC</createdTime>
<ownerDesignName>banco</ownerDesignName>
<engineerTo>
<item key="79DBAC6E-7ECE-7411-7C89-31B79CF16E25" value="true"/>
</engineerTo>
<sourcePk>1B640DBD-2F05-D13D-1D29-6D90C1D962DF</sourcePk>
<identifying>true</identifying>
<optionalSource>true</optionalSource>
<optionalTarget>false</optionalTarget>
<sourceCardinality>1</sourceCardinality>
<sourceEntity>9C86880F-0087-E19F-949F-0CEF71EC927B</sourceEntity>
<targetCardinalityString>*</targetCardinalityString>
<targetEntity>8E99B1C0-26FF-4DB0-10A4-31E3B4749736</targetEntity>
<transferable>true</transferable>
<deleteRule>NO ACTION</deleteRule>
</Relation>