<?xml version = '1.0' encoding = 'UTF-8'?>
<Relation class="oracle.dbtools.crest.model.design.logical.Relation" name="comporv12" directorySegmentName="seg_0" id="A8C7053D-786B-3FE1-C3AE-E8680646F02D">
<createdBy>logonrm</createdBy>
<createdTime>2017-09-04 13:24:24 UTC</createdTime>
<ownerDesignName>banco</ownerDesignName>
<engineerTo>
<item key="79DBAC6E-7ECE-7411-7C89-31B79CF16E25" value="true"/>
</engineerTo>
<sourcePk>EA2B034D-4F94-9B52-2E74-AB6D1D0DC455</sourcePk>
<identifying>true</identifying>
<optionalSource>true</optionalSource>
<optionalTarget>false</optionalTarget>
<sourceCardinality>1</sourceCardinality>
<sourceEntity>768D2B28-730A-A22B-8B95-8F54C13A7C8A</sourceEntity>
<targetCardinalityString>*</targetCardinalityString>
<targetEntity>AB7162E5-0EFD-D59F-AEB3-CE4A974D2076</targetEntity>
<transferable>true</transferable>
<deleteRule>NO ACTION</deleteRule>
</Relation>