<?xml version = '1.0' encoding = 'UTF-8'?>
<Relation class="oracle.dbtools.crest.model.design.logical.Relation" name="pertencerv11" directorySegmentName="seg_0" id="C5C41FE6-128F-B48E-A5CE-CDC2AFFE5CC2">
<createdBy>logonrm</createdBy>
<createdTime>2017-09-04 13:28:17 UTC</createdTime>
<ownerDesignName>banco</ownerDesignName>
<engineerTo>
<item key="79DBAC6E-7ECE-7411-7C89-31B79CF16E25" value="true"/>
</engineerTo>
<sourcePk>EA2B034D-4F94-9B52-2E74-AB6D1D0DC455</sourcePk>
<identifying>false</identifying>
<optionalSource>true</optionalSource>
<optionalTarget>false</optionalTarget>
<sourceCardinality>1</sourceCardinality>
<sourceEntity>768D2B28-730A-A22B-8B95-8F54C13A7C8A</sourceEntity>
<targetCardinalityString>1</targetCardinalityString>
<targetEntity>75BB9B2E-93B0-674A-BC7B-77AA24C3B949</targetEntity>
<transferable>true</transferable>
<deleteRule>NO ACTION</deleteRule>
</Relation>