<?xml version = '1.0' encoding = 'UTF-8'?>
<Relation class="oracle.dbtools.crest.model.design.logical.Relation" name="Relation_58" directorySegmentName="seg_0" id="DA47ABFD-E16A-44E2-B50A-E6545D6388C1">
<createdBy>logonrm</createdBy>
<createdTime>2017-09-18 15:12:03 UTC</createdTime>
<ownerDesignName>banco</ownerDesignName>
<engineerTo>
<item key="79DBAC6E-7ECE-7411-7C89-31B79CF16E25" value="true"/>
</engineerTo>
<sourcePk>FD3B0E30-E3D3-8816-CA76-9AB86828CE54</sourcePk>
<identifying>true</identifying>
<optionalSource>true</optionalSource>
<optionalTarget>false</optionalTarget>
<sourceCardinality>1</sourceCardinality>
<sourceEntity>39BEB9EC-7EA4-BEB9-F979-7CAB594E445C</sourceEntity>
<targetCardinalityString>*</targetCardinalityString>
<targetEntity>B5E8D421-1C27-038A-1351-0A86F086125B</targetEntity>
<transferable>true</transferable>
<deleteRule>NO ACTION</deleteRule>
</Relation>