<?xml version = '1.0' encoding = 'UTF-8'?>
<Relation class="oracle.dbtools.crest.model.design.logical.Relation" name="Relation_43" directorySegmentName="seg_0" id="E5C1B9DC-4CC7-7C48-4BD2-B94FC87F81C0">
<createdBy>logonrm</createdBy>
<createdTime>2017-09-21 11:58:25 UTC</createdTime>
<ownerDesignName>banco</ownerDesignName>
<engineerTo>
<item key="79DBAC6E-7ECE-7411-7C89-31B79CF16E25" value="true"/>
</engineerTo>
<sourcePk>3C403768-EAC6-D164-B4CD-AD0C6D9428D5</sourcePk>
<targetPk>D23BC2A6-2CA4-9681-E52C-9A5D16165217</targetPk>
<identifying>false</identifying>
<optionalSource>false</optionalSource>
<optionalTarget>false</optionalTarget>
<sourceCardinality>1</sourceCardinality>
<sourceEntity>5A955673-35B3-77E3-47F8-C5D463D4C1EF</sourceEntity>
<targetCardinalityString>1</targetCardinalityString>
<targetEntity>94568D1B-8CD0-76C5-C197-C824FBE35066</targetEntity>
<transferable>true</transferable>
<deleteRule>NO ACTION</deleteRule>
</Relation>