<?xml version = '1.0' encoding = 'UTF-8'?>
<Relation class="oracle.dbtools.crest.model.design.logical.Relation" name="Relation_39" directorySegmentName="seg_0" id="E7523CC7-2BCC-6C35-EB2E-BA0271223B1C">
<createdBy>logonrm</createdBy>
<createdTime>2017-09-21 11:52:33 UTC</createdTime>
<ownerDesignName>banco</ownerDesignName>
<engineerTo>
<item key="79DBAC6E-7ECE-7411-7C89-31B79CF16E25" value="true"/>
</engineerTo>
<sourcePk>FD9C47CA-CF11-6A6A-1613-48B9ECD1E667</sourcePk>
<identifying>true</identifying>
<optionalSource>true</optionalSource>
<optionalTarget>false</optionalTarget>
<sourceCardinality>1</sourceCardinality>
<sourceEntity>FEF0C899-6CDB-03BA-7314-B934D397EDEA</sourceEntity>
<targetCardinalityString>*</targetCardinalityString>
<targetEntity>8E99B1C0-26FF-4DB0-10A4-31E3B4749736</targetEntity>
<transferable>true</transferable>
<deleteRule>NO ACTION</deleteRule>
</Relation>