<?xml version = '1.0' encoding = 'UTF-8'?>
<Relation class="oracle.dbtools.crest.model.design.logical.Relation" name="comporv4" directorySegmentName="seg_0" id="E77DAEC6-A616-CBA1-EEF1-D29977D142AD">
<createdBy>logonrm</createdBy>
<createdTime>2017-09-19 18:50:23 UTC</createdTime>
<ownerDesignName>banco</ownerDesignName>
<engineerTo>
<item key="79DBAC6E-7ECE-7411-7C89-31B79CF16E25" value="true"/>
</engineerTo>
<sourcePk>D1E5CB1D-73FE-D73C-1916-DD30128090AF</sourcePk>
<identifying>false</identifying>
<optionalSource>true</optionalSource>
<optionalTarget>false</optionalTarget>
<sourceCardinality>1</sourceCardinality>
<sourceEntity>D0D188D0-4C17-AC5C-A832-981531392B0E</sourceEntity>
<targetCardinalityString>*</targetCardinalityString>
<targetEntity>FCA1E6D5-4C3A-F4A2-5839-400134B78702</targetEntity>
<transferable>true</transferable>
<deleteRule>NO ACTION</deleteRule>
</Relation>