<?xml version = '1.0' encoding = 'UTF-8'?>
<Relation class="oracle.dbtools.crest.model.design.logical.Relation" name="pode ter" directorySegmentName="seg_0" id="F026754F-C0FB-1693-315C-E4B464301DD3">
<createdBy>logonrm</createdBy>
<createdTime>2017-09-18 14:35:05 UTC</createdTime>
<ownerDesignName>banco</ownerDesignName>
<engineerTo>
<item key="79DBAC6E-7ECE-7411-7C89-31B79CF16E25" value="true"/>
</engineerTo>
<sourcePk>D5DEB9D1-CE10-7225-27FC-0096DFC9A5FF</sourcePk>
<identifying>true</identifying>
<optionalSource>true</optionalSource>
<optionalTarget>false</optionalTarget>
<sourceCardinality>1</sourceCardinality>
<sourceEntity>0677392C-389D-A3E3-7B6F-891AF34DB01C</sourceEntity>
<targetCardinalityString>*</targetCardinalityString>
<targetEntity>39BEB9EC-7EA4-BEB9-F979-7CAB594E445C</targetEntity>
<transferable>true</transferable>
<deleteRule>NO ACTION</deleteRule>
</Relation>