<?xml version = '1.0' encoding = 'UTF-8'?>
<Relation class="oracle.dbtools.crest.model.design.logical.Relation" name="comporv11" directorySegmentName="seg_0" id="F51A8950-1766-01E0-A713-BA4BF188EFC1">
<createdBy>logonrm</createdBy>
<createdTime>2017-09-04 13:24:54 UTC</createdTime>
<ownerDesignName>banco</ownerDesignName>
<engineerTo>
<item key="79DBAC6E-7ECE-7411-7C89-31B79CF16E25" value="true"/>
</engineerTo>
<sourcePk>C552E395-0141-6DC8-73B5-7EC3CF36CF79</sourcePk>
<identifying>true</identifying>
<optionalSource>true</optionalSource>
<optionalTarget>false</optionalTarget>
<sourceCardinality>1</sourceCardinality>
<sourceEntity>810D356B-B651-3E9E-D77B-9A0F746EE8A3</sourceEntity>
<targetCardinalityString>*</targetCardinalityString>
<targetEntity>AB7162E5-0EFD-D59F-AEB3-CE4A974D2076</targetEntity>
<transferable>true</transferable>
<deleteRule>NO ACTION</deleteRule>
</Relation>