<?xml version = '1.0' encoding = 'UTF-8'?>
<Entity class="oracle.dbtools.crest.model.design.logical.Entity" directorySegmentName="seg_0" id="0677392C-389D-A3E3-7B6F-891AF34DB01C" name="T_VFC_ORDEM_PRODUCAO">
<createdBy>logonrm</createdBy>
<createdTime>2017-09-04 12:45:07 UTC</createdTime>
<ownerDesignName>BANCO_V2</ownerDesignName>
<engineerTo>
<item key="38C8A164-6624-3EDF-5B66-63584B8B65C8" value="true"/>
</engineerTo>
<adequatelyNormalized>NO</adequatelyNormalized>
<expectedVolumes>0</expectedVolumes>
<fwdEngineeringStrategyName>Single Table</fwdEngineeringStrategyName>
<growthPercent>0</growthPercent>
<growthType>Year</growthType>
<maxVolumes>9999999</maxVolumes>
<minVolumes>0</minVolumes>
<normalForm>Third</normalForm>
<attributes itemClass="oracle.dbtools.crest.model.design.logical.Attribute">
<Attribute name="cd_ordem_producao" id="C99BA2BF-6385-D766-B749-62C51CE6383F">
<createdBy>logonrm</createdBy>
<createdTime>2017-09-04 12:50:12 UTC</createdTime>
<ownerDesignName>BANCO_V2</ownerDesignName>
<engineerTo>
<item key="38C8A164-6624-3EDF-5B66-63584B8B65C8" value="true"/>
</engineerTo>
<useDomainConstraints>false</useDomainConstraints>
<use>1</use>
<logicalDatatype>LOGDT019</logicalDatatype>
<dataTypePrecision>10</dataTypePrecision>
<ownDataTypeParameters>,10,</ownDataTypeParameters>
</Attribute>
<Attribute name="cd_estoque" id="B2FAF1A4-9382-A7B4-3C73-E74C7824FA00">
<createdBy>logonrm</createdBy>
<createdTime>2017-09-18 17:45:49 UTC</createdTime>
<generatorID>98EFD32E-B791-323B-D6EB-A4998D8B285F</generatorID>
<ownerDesignName>BANCO_V2</ownerDesignName>
<engineerTo>
<item key="38C8A164-6624-3EDF-5B66-63584B8B65C8" value="true"/>
</engineerTo>
<referedAttribute>19DD4619-4D11-34F2-8B2F-251D3FA97C0E</referedAttribute>
<useDomainConstraints>false</useDomainConstraints>
<use>1</use>
<logicalDatatype>LOGDT019</logicalDatatype>
<dataTypePrecision>5</dataTypePrecision>
<ownDataTypeParameters>,,</ownDataTypeParameters>
</Attribute>
<Attribute name="dt_entrada" id="5B6C1374-E899-EB91-557D-9C2CE18E5E06">
<createdBy>logonrm</createdBy>
<createdTime>2017-09-04 12:49:46 UTC</createdTime>
<ownerDesignName>BANCO_V2</ownerDesignName>
<engineerTo>
<item key="38C8A164-6624-3EDF-5B66-63584B8B65C8" value="true"/>
</engineerTo>
<useDomainConstraints>false</useDomainConstraints>
<use>1</use>
<logicalDatatype>LOGDT007</logicalDatatype>
<ownDataTypeParameters>,,</ownDataTypeParameters>
</Attribute>
<Attribute name="qt_pedida" id="55E057A9-D6BE-1698-1EE3-F602D8362578">
<createdBy>logonrm</createdBy>
<createdTime>2017-09-18 14:05:55 UTC</createdTime>
<ownerDesignName>BANCO_V2</ownerDesignName>
<engineerTo>
<item key="38C8A164-6624-3EDF-5B66-63584B8B65C8" value="true"/>
</engineerTo>
<useDomainConstraints>false</useDomainConstraints>
<use>1</use>
<logicalDatatype>LOGDT019</logicalDatatype>
<dataTypePrecision>5</dataTypePrecision>
<dataTypeScale>5</dataTypeScale>
<ownDataTypeParameters>,5,5</ownDataTypeParameters>
</Attribute>
<Attribute name="st_ordem" id="4A0E5F33-89A0-55AB-E575-3DACE232AF39">
<createdBy>logonrm</createdBy>
<createdTime>2017-09-18 14:08:36 UTC</createdTime>
<comment>Status deverá ser em andamento, pendente, cancelado.</comment>
<ownerDesignName>BANCO_V2</ownerDesignName>
<engineerTo>
<item key="38C8A164-6624-3EDF-5B66-63584B8B65C8" value="true"/>
</engineerTo>
<useDomainConstraints>false</useDomainConstraints>
<use>1</use>
<logicalDatatype>LOGDT024</logicalDatatype>
<dataTypeSize>10</dataTypeSize>
<ownDataTypeParameters>10,,</ownDataTypeParameters>
</Attribute>
</attributes>
<identifiers itemClass="oracle.dbtools.crest.model.design.logical.CandidateKey">
<identifier id="D5DEB9D1-CE10-7225-27FC-0096DFC9A5FF" name="PK_VFC_ORDEM_PROD">
<createdBy>logonrm</createdBy>
<createdTime>2017-09-18 16:19:26 UTC</createdTime>
<ownerDesignName>BANCO_V2</ownerDesignName>
<shouldEngineer>false</shouldEngineer>
<engineerTo>
<item key="38C8A164-6624-3EDF-5B66-63584B8B65C8" value="false"/>
</engineerTo>
<pk>true</pk>
<newElementsIDs>C99BA2BF-6385-D766-B749-62C51CE6383F</newElementsIDs>
<usedAttributes>
<attributeRef>C99BA2BF-6385-D766-B749-62C51CE6383F</attributeRef>
</usedAttributes>
</identifier>
</identifiers>
</Entity>