<?xml version = '1.0' encoding = 'UTF-8'?>
<Entity class="oracle.dbtools.crest.model.design.logical.Entity" directorySegmentName="seg_0" id="0B5B62F9-8ADF-8C77-7960-EE8D0B9CBB18" name="T_VFC_CLASSIFICAO_FISCAL">
<createdBy>leand</createdBy>
<createdTime>2017-09-02 20:31:23 UTC</createdTime>
<generatorID>Gerado pelo usuário</generatorID>
<ownerDesignName>BANCO_V2</ownerDesignName>
<engineerTo>
<item key="38C8A164-6624-3EDF-5B66-63584B8B65C8" value="true"/>
</engineerTo>
<adequatelyNormalized>NO</adequatelyNormalized>
<expectedVolumes>0</expectedVolumes>
<fwdEngineeringStrategyName>Single Table</fwdEngineeringStrategyName>
<growthPercent>0</growthPercent>
<growthType>Year</growthType>
<maxVolumes>9999999</maxVolumes>
<minVolumes>0</minVolumes>
<normalForm>Third</normalForm>
<attributes itemClass="oracle.dbtools.crest.model.design.logical.Attribute">
<Attribute name="cd_classificacao_fiscal" id="FAFBAE38-3118-19C1-2475-E72AB2B4A78F">
<createdBy>leand</createdBy>
<createdTime>2017-09-02 20:31:23 UTC</createdTime>
<ownerDesignName>BANCO_V2</ownerDesignName>
<importedID>0C05097A-4021-CBC7-C6DB-1FA0A6244087</importedID>
<engineerTo>
<item key="38C8A164-6624-3EDF-5B66-63584B8B65C8" value="true"/>
</engineerTo>
<useDomainConstraints>false</useDomainConstraints>
<use>1</use>
<logicalDatatype>LOGDT019</logicalDatatype>
<dataTypePrecision>54</dataTypePrecision>
<ownDataTypeParameters>,54,</ownDataTypeParameters>
</Attribute>
<Attribute name="nr_cfop" id="112B2F81-7806-2A9C-75A8-2D7725A3DFC0">
<createdBy>leand</createdBy>
<createdTime>2017-09-02 20:31:23 UTC</createdTime>
<ownerDesignName>BANCO_V2</ownerDesignName>
<importedID>48F6316B-7D73-7372-C8BB-41433994FB5E</importedID>
<engineerTo>
<item key="38C8A164-6624-3EDF-5B66-63584B8B65C8" value="true"/>
</engineerTo>
<useDomainConstraints>false</useDomainConstraints>
<use>1</use>
<logicalDatatype>LOGDT019</logicalDatatype>
<dataTypePrecision>5</dataTypePrecision>
<ownDataTypeParameters>,5,</ownDataTypeParameters>
</Attribute>
<Attribute name="ds_natureza_operacao" id="D3A278EB-F92F-D6BA-F5CD-3D81134A806C">
<createdBy>leand</createdBy>
<createdTime>2017-09-02 20:31:23 UTC</createdTime>
<ownerDesignName>BANCO_V2</ownerDesignName>
<importedID>DE05A067-3812-D456-3807-6C6B4F49D7F4</importedID>
<engineerTo>
<item key="38C8A164-6624-3EDF-5B66-63584B8B65C8" value="true"/>
</engineerTo>
<useDomainConstraints>false</useDomainConstraints>
<use>1</use>
<logicalDatatype>LOGDT024</logicalDatatype>
<dataTypeSize>30</dataTypeSize>
<ownDataTypeParameters>30,,</ownDataTypeParameters>
</Attribute>
</attributes>
<identifiers itemClass="oracle.dbtools.crest.model.design.logical.CandidateKey">
<identifier id="5D90D823-A085-55DA-875A-D93345791EDE" name="PK_VFC_CLASSIFICACAO_FISCAL">
<createdBy>leand</createdBy>
<createdTime>2017-09-02 20:31:23 UTC</createdTime>
<generatorID>Gerado pelo usuário</generatorID>
<ownerDesignName>BANCO_V2</ownerDesignName>
<shouldEngineer>false</shouldEngineer>
<engineerTo>
<item key="38C8A164-6624-3EDF-5B66-63584B8B65C8" value="false"/>
</engineerTo>
<pk>true</pk>
<usedAttributes>
<attributeRef>FAFBAE38-3118-19C1-2475-E72AB2B4A78F</attributeRef>
</usedAttributes>
</identifier>
</identifiers>
</Entity>