<?xml version = '1.0' encoding = 'UTF-8'?>
<Entity class="oracle.dbtools.crest.model.design.logical.Entity" directorySegmentName="seg_0" id="30ED1ACD-696D-4F36-33A7-5D8E81B7D8AF" name="T_VFC_ESTADO">
<createdBy>logonpf</createdBy>
<createdTime>2017-04-24 13:36:14 UTC</createdTime>
<ownerDesignName>BANCO_V2</ownerDesignName>
<engineerTo>
<item key="38C8A164-6624-3EDF-5B66-63584B8B65C8" value="true"/>
</engineerTo>
<adequatelyNormalized>NO</adequatelyNormalized>
<expectedVolumes>0</expectedVolumes>
<fwdEngineeringStrategyName>Single Table</fwdEngineeringStrategyName>
<growthPercent>0</growthPercent>
<growthType>Year</growthType>
<maxVolumes>9999999</maxVolumes>
<minVolumes>0</minVolumes>
<normalForm>Third</normalForm>
<attributes itemClass="oracle.dbtools.crest.model.design.logical.Attribute">
<Attribute name="cd_estado" id="BFF501B6-B9C4-93CC-C7F1-FB9024B431D3">
<createdBy>logonpf</createdBy>
<createdTime>2017-04-24 13:36:53 UTC</createdTime>
<ownerDesignName>BANCO_V2</ownerDesignName>
<engineerTo>
<item key="38C8A164-6624-3EDF-5B66-63584B8B65C8" value="true"/>
</engineerTo>
<useDomainConstraints>false</useDomainConstraints>
<use>1</use>
<logicalDatatype>LOGDT019</logicalDatatype>
<dataTypePrecision>2</dataTypePrecision>
<ownDataTypeParameters>,2,</ownDataTypeParameters>
</Attribute>
<Attribute name="nm_estado" id="59E62379-9EE7-F0C4-C278-4E637E42AF54">
<createdBy>logonpf</createdBy>
<createdTime>2017-04-24 13:36:59 UTC</createdTime>
<ownerDesignName>BANCO_V2</ownerDesignName>
<engineerTo>
<item key="38C8A164-6624-3EDF-5B66-63584B8B65C8" value="true"/>
</engineerTo>
<useDomainConstraints>false</useDomainConstraints>
<use>1</use>
<logicalDatatype>LOGDT024</logicalDatatype>
<dataTypeSize>25</dataTypeSize>
<ownDataTypeParameters>25,,</ownDataTypeParameters>
</Attribute>
<Attribute name="ds_sigla" id="B7120838-566D-29E7-9322-BA3BDC7BDBF3">
<createdBy>logonpf</createdBy>
<createdTime>2017-04-24 13:37:04 UTC</createdTime>
<ownerDesignName>BANCO_V2</ownerDesignName>
<engineerTo>
<item key="38C8A164-6624-3EDF-5B66-63584B8B65C8" value="true"/>
</engineerTo>
<useDomainConstraints>false</useDomainConstraints>
<use>1</use>
<logicalDatatype>LOGDT025</logicalDatatype>
<dataTypeSize>2</dataTypeSize>
<ownDataTypeParameters>2,,</ownDataTypeParameters>
</Attribute>
</attributes>
<identifiers itemClass="oracle.dbtools.crest.model.design.logical.CandidateKey">
<identifier id="71E4A71F-5ADF-FD08-DF47-D805A50FC104" name="PK_VFC_ESTADO">
<createdBy>logonpf</createdBy>
<createdTime>2017-04-24 13:36:58 UTC</createdTime>
<ownerDesignName>BANCO_V2</ownerDesignName>
<shouldEngineer>false</shouldEngineer>
<engineerTo>
<item key="38C8A164-6624-3EDF-5B66-63584B8B65C8" value="false"/>
</engineerTo>
<pk>true</pk>
<newElementsIDs>BFF501B6-B9C4-93CC-C7F1-FB9024B431D3</newElementsIDs>
<usedAttributes>
<attributeRef>BFF501B6-B9C4-93CC-C7F1-FB9024B431D3</attributeRef>
</usedAttributes>
</identifier>
<identifier id="791E249C-46BB-9442-CEAC-C4BA26D32164" name="UN_VFC_ESTADO_NOME_SIGLA">
<createdBy>Vitor</createdBy>
<createdTime>2017-09-02 21:30:48 UTC</createdTime>
<generatorID>7AC80328-73C6-A941-F919-61517401726B</generatorID>
<ownerDesignName>BANCO_V2</ownerDesignName>
<shouldEngineer>false</shouldEngineer>
<engineerTo>
<item key="38C8A164-6624-3EDF-5B66-63584B8B65C8" value="false"/>
</engineerTo>
<newElementsIDs>59E62379-9EE7-F0C4-C278-4E637E42AF54,B7120838-566D-29E7-9322-BA3BDC7BDBF3</newElementsIDs>
<usedAttributes>
<attributeRef>59E62379-9EE7-F0C4-C278-4E637E42AF54</attributeRef>
<attributeRef>B7120838-566D-29E7-9322-BA3BDC7BDBF3</attributeRef>
</usedAttributes>
</identifier>
</identifiers>
</Entity>