<?xml version = '1.0' encoding = 'UTF-8'?>
<Entity class="oracle.dbtools.crest.model.design.logical.Entity" directorySegmentName="seg_0" id="390EA197-180E-8C09-9BE9-5B64FBCD24C9" name="T_VFC_HIST_PROD">
<createdBy>logonrm</createdBy>
<createdTime>2017-09-04 14:29:59 UTC</createdTime>
<ownerDesignName>BANCO_V2</ownerDesignName>
<engineerTo>
<item key="38C8A164-6624-3EDF-5B66-63584B8B65C8" value="true"/>
</engineerTo>
<adequatelyNormalized>NO</adequatelyNormalized>
<expectedVolumes>0</expectedVolumes>
<fwdEngineeringStrategyName>Single Table</fwdEngineeringStrategyName>
<growthPercent>0</growthPercent>
<growthType>Year</growthType>
<maxVolumes>9999999</maxVolumes>
<minVolumes>0</minVolumes>
<normalForm>Third</normalForm>
<attributes itemClass="oracle.dbtools.crest.model.design.logical.Attribute">
<Attribute name="cd_hist" id="B58F4CD2-ABE9-0F8B-41E9-B0788486DC19">
<createdBy>logonrm</createdBy>
<createdTime>2017-09-04 14:52:16 UTC</createdTime>
<ownerDesignName>BANCO_V2</ownerDesignName>
<engineerTo>
<item key="38C8A164-6624-3EDF-5B66-63584B8B65C8" value="true"/>
</engineerTo>
<useDomainConstraints>false</useDomainConstraints>
<use>1</use>
<logicalDatatype>LOGDT019</logicalDatatype>
<dataTypePrecision>5</dataTypePrecision>
<ownDataTypeParameters>,5,</ownDataTypeParameters>
</Attribute>
<Attribute name="cd_produto" id="7D055292-A0B1-AC1D-906B-FD88E84BE085">
<createdBy>logonrm</createdBy>
<createdTime>2017-09-04 14:52:00 UTC</createdTime>
<generatorID>098423A7-E573-78C1-80A3-4F4072D43FDA</generatorID>
<ownerDesignName>BANCO_V2</ownerDesignName>
<engineerTo>
<item key="38C8A164-6624-3EDF-5B66-63584B8B65C8" value="true"/>
</engineerTo>
<referedAttribute>8539B5C7-0142-AEC2-2609-A608BBE0B22D</referedAttribute>
<useDomainConstraints>false</useDomainConstraints>
<use>1</use>
<logicalDatatype>LOGDT019</logicalDatatype>
<dataTypePrecision>6</dataTypePrecision>
<ownDataTypeParameters>,6,</ownDataTypeParameters>
</Attribute>
<Attribute name="vl_preco" id="9B8A1C66-E6DD-DD64-A172-57E505A12445">
<createdBy>logonrm</createdBy>
<createdTime>2017-09-04 14:30:40 UTC</createdTime>
<ownerDesignName>BANCO_V2</ownerDesignName>
<engineerTo>
<item key="38C8A164-6624-3EDF-5B66-63584B8B65C8" value="true"/>
</engineerTo>
<useDomainConstraints>false</useDomainConstraints>
<use>1</use>
<logicalDatatype>LOGDT019</logicalDatatype>
<dataTypePrecision>10</dataTypePrecision>
<ownDataTypeParameters>,10,</ownDataTypeParameters>
</Attribute>
<Attribute name="dt_data_preco" id="C3579E79-76DA-4E86-2706-2D884EABEB7E">
<createdBy>logonrm</createdBy>
<createdTime>2017-09-04 14:31:21 UTC</createdTime>
<ownerDesignName>BANCO_V2</ownerDesignName>
<engineerTo>
<item key="38C8A164-6624-3EDF-5B66-63584B8B65C8" value="true"/>
</engineerTo>
<useDomainConstraints>false</useDomainConstraints>
<use>1</use>
<logicalDatatype>LOGDT007</logicalDatatype>
<ownDataTypeParameters>,,</ownDataTypeParameters>
</Attribute>
</attributes>
<identifiers itemClass="oracle.dbtools.crest.model.design.logical.CandidateKey">
<identifier id="9E79012A-FEE0-6C21-BD73-C895D141BA90" name="PK_VFC_HIST_PROD ">
<createdBy>logonrm</createdBy>
<createdTime>2017-09-04 14:52:00 UTC</createdTime>
<ownerDesignName>BANCO_V2</ownerDesignName>
<engineerTo>
<item key="38C8A164-6624-3EDF-5B66-63584B8B65C8" value="true"/>
</engineerTo>
<pk>true</pk>
<newElementsIDs>098423A7-E573-78C1-80A3-4F4072D43FDA,B58F4CD2-ABE9-0F8B-41E9-B0788486DC19</newElementsIDs>
<usedAttributes>
<attributeRef>7D055292-A0B1-AC1D-906B-FD88E84BE085</attributeRef>
<attributeRef>B58F4CD2-ABE9-0F8B-41E9-B0788486DC19</attributeRef>
</usedAttributes>
</identifier>
</identifiers>
</Entity>