<?xml version = '1.0' encoding = 'UTF-8'?>
<Entity class="oracle.dbtools.crest.model.design.logical.Entity" directorySegmentName="seg_0" id="5CAA0A82-64BC-7525-1399-AA19EA7C3E25" name="T_VFC_TIPO_FONE">
<createdBy>Vitor</createdBy>
<createdTime>2017-09-03 20:33:01 UTC</createdTime>
<generatorID>Gerado pelo usuário</generatorID>
<ownerDesignName>BANCO_V2</ownerDesignName>
<engineerTo>
<item key="38C8A164-6624-3EDF-5B66-63584B8B65C8" value="true"/>
</engineerTo>
<adequatelyNormalized>NO</adequatelyNormalized>
<expectedVolumes>0</expectedVolumes>
<fwdEngineeringStrategyName>Single Table</fwdEngineeringStrategyName>
<growthPercent>0</growthPercent>
<growthType>Year</growthType>
<maxVolumes>9999999</maxVolumes>
<minVolumes>0</minVolumes>
<normalForm>Third</normalForm>
<attributes itemClass="oracle.dbtools.crest.model.design.logical.Attribute">
<Attribute name="cd_tipo_fone" id="3CD17672-DB1A-F8EC-56A3-F2D0FF8C963E">
<createdBy>Vitor</createdBy>
<createdTime>2017-09-03 20:33:01 UTC</createdTime>
<ownerDesignName>BANCO_V2</ownerDesignName>
<importedID>1C43CAFA-B597-734E-E3B9-22057B697F9C</importedID>
<engineerTo>
<item key="38C8A164-6624-3EDF-5B66-63584B8B65C8" value="true"/>
</engineerTo>
<useDomainConstraints>false</useDomainConstraints>
<use>1</use>
<logicalDatatype>LOGDT019</logicalDatatype>
<dataTypePrecision>2</dataTypePrecision>
<ownDataTypeParameters>,2,</ownDataTypeParameters>
</Attribute>
<Attribute name="ds_tipo_fone" id="DB76A61B-F190-63A2-A9B7-8A890B524863">
<createdBy>Vitor</createdBy>
<createdTime>2017-09-03 20:33:01 UTC</createdTime>
<ownerDesignName>BANCO_V2</ownerDesignName>
<importedID>40C5CA59-62DA-1E78-3E71-D9D15AA9FCEE</importedID>
<engineerTo>
<item key="38C8A164-6624-3EDF-5B66-63584B8B65C8" value="true"/>
</engineerTo>
<useDomainConstraints>false</useDomainConstraints>
<use>1</use>
<logicalDatatype>LOGDT024</logicalDatatype>
<dataTypeSize>20</dataTypeSize>
<ownDataTypeParameters>20,,</ownDataTypeParameters>
</Attribute>
<Attribute name="cd_pessoa" id="AFE838B5-0F1D-6EE8-2D55-D5A79EEAA96F">
<createdBy>logonrm</createdBy>
<createdTime>2017-09-04 12:13:20 UTC</createdTime>
<generatorID>EED20A65-287C-425A-7B9E-BAA922508A12</generatorID>
<ownerDesignName>BANCO_V2</ownerDesignName>
<engineerTo>
<item key="38C8A164-6624-3EDF-5B66-63584B8B65C8" value="true"/>
</engineerTo>
<referedAttribute>ABEFA446-A376-CB9E-DFB4-427D35BA94E2</referedAttribute>
<useDomainConstraints>false</useDomainConstraints>
<use>1</use>
<logicalDatatype>LOGDT019</logicalDatatype>
<dataTypePrecision>5</dataTypePrecision>
<ownDataTypeParameters>,5,</ownDataTypeParameters>
</Attribute>
</attributes>
<identifiers itemClass="oracle.dbtools.crest.model.design.logical.CandidateKey">
<identifier id="7F31025A-23C0-133F-8F0F-B970620899F6" name="PK_VFC_TIPO_FONE">
<createdBy>Vitor</createdBy>
<createdTime>2017-09-03 20:33:01 UTC</createdTime>
<generatorID>Gerado pelo usuário</generatorID>
<ownerDesignName>BANCO_V2</ownerDesignName>
<engineerTo>
<item key="38C8A164-6624-3EDF-5B66-63584B8B65C8" value="true"/>
</engineerTo>
<pk>true</pk>
<newElementsIDs>3CD17672-DB1A-F8EC-56A3-F2D0FF8C963E</newElementsIDs>
<usedAttributes>
<attributeRef>3CD17672-DB1A-F8EC-56A3-F2D0FF8C963E</attributeRef>
</usedAttributes>
</identifier>
</identifiers>
</Entity>