<?xml version = '1.0' encoding = 'UTF-8'?>
<Entity class="oracle.dbtools.crest.model.design.logical.Entity" directorySegmentName="seg_0" id="94568D1B-8CD0-76C5-C197-C824FBE35066" name="T_VFC_FORNECIMENTO_MP">
<createdBy>logonrm</createdBy>
<createdTime>2017-09-04 14:55:36 UTC</createdTime>
<ownerDesignName>BANCO_V2</ownerDesignName>
<engineerTo>
<item key="79DBAC6E-7ECE-7411-7C89-31B79CF16E25" value="true"/>
</engineerTo>
<adequatelyNormalized>NO</adequatelyNormalized>
<expectedVolumes>0</expectedVolumes>
<fwdEngineeringStrategyName>Single Table</fwdEngineeringStrategyName>
<growthPercent>0</growthPercent>
<growthType>Year</growthType>
<maxVolumes>9999999</maxVolumes>
<minVolumes>0</minVolumes>
<normalForm>Third</normalForm>
<attributes itemClass="oracle.dbtools.crest.model.design.logical.Attribute">
<Attribute name="cd_ordem_mp" id="82331ADA-B9FB-7625-156F-334D5EC211A2">
<createdBy>logonrm</createdBy>
<createdTime>2017-09-13 17:09:37 UTC</createdTime>
<ownerDesignName>BANCO_V2</ownerDesignName>
<engineerTo>
<item key="79DBAC6E-7ECE-7411-7C89-31B79CF16E25" value="true"/>
</engineerTo>
<useDomainConstraints>false</useDomainConstraints>
<use>1</use>
<logicalDatatype>LOGDT019</logicalDatatype>
<dataTypePrecision>5</dataTypePrecision>
<ownDataTypeParameters>,5,</ownDataTypeParameters>
</Attribute>
<Attribute name="cd_fornecedor" id="879AC83C-460B-C0D6-A788-E7F57BDDEC06">
<createdBy>logonrm</createdBy>
<createdTime>2017-09-18 12:37:07 UTC</createdTime>
<generatorID>142FD289-C7F8-0D5D-ED19-72324271B26E</generatorID>
<ownerDesignName>BANCO_V2</ownerDesignName>
<engineerTo>
<item key="79DBAC6E-7ECE-7411-7C89-31B79CF16E25" value="true"/>
</engineerTo>
<referedAttribute>6C9FE9EB-9500-FA93-6240-26C83967350B</referedAttribute>
<useDomainConstraints>false</useDomainConstraints>
<use>1</use>
<logicalDatatype>LOGDT019</logicalDatatype>
<dataTypePrecision>5</dataTypePrecision>
<ownDataTypeParameters>,5,</ownDataTypeParameters>
</Attribute>
<Attribute name="cd_materia_prima" id="23240029-7181-87EA-83EF-A05B6DE91AFC">
<createdBy>logonrm</createdBy>
<createdTime>2017-09-18 15:00:18 UTC</createdTime>
<generatorID>FE36E522-53BC-BB3D-5C97-42A39FD35B65</generatorID>
<ownerDesignName>BANCO_V2</ownerDesignName>
<engineerTo>
<item key="79DBAC6E-7ECE-7411-7C89-31B79CF16E25" value="true"/>
</engineerTo>
<referedAttribute>408674AE-E6DC-0E95-BB39-2E1E9B9EDAD4</referedAttribute>
<useDomainConstraints>false</useDomainConstraints>
<use>1</use>
<logicalDatatype>LOGDT019</logicalDatatype>
<dataTypePrecision>4</dataTypePrecision>
<ownDataTypeParameters>,4,</ownDataTypeParameters>
</Attribute>
<Attribute name="cd_pessoa" id="34A9A614-6728-8587-89A8-BA0E0ED897CA">
<createdBy>logonrm</createdBy>
<createdTime>2017-09-18 12:40:53 UTC</createdTime>
<generatorID>142FD289-C7F8-0D5D-ED19-72324271B26E</generatorID>
<ownerDesignName>BANCO_V2</ownerDesignName>
<engineerTo>
<item key="79DBAC6E-7ECE-7411-7C89-31B79CF16E25" value="true"/>
</engineerTo>
<referedAttribute>88A74427-75CB-4C6A-2AD7-E1E63BB20A60</referedAttribute>
<useDomainConstraints>false</useDomainConstraints>
<use>1</use>
<logicalDatatype>LOGDT019</logicalDatatype>
<dataTypePrecision>5</dataTypePrecision>
<ownDataTypeParameters>,5,</ownDataTypeParameters>
</Attribute>
<Attribute name="dt_compra" id="3D231325-894A-D85B-075A-F13A78F90657">
<createdBy>logonrm</createdBy>
<createdTime>2017-09-13 17:13:37 UTC</createdTime>
<ownerDesignName>BANCO_V2</ownerDesignName>
<engineerTo>
<item key="79DBAC6E-7ECE-7411-7C89-31B79CF16E25" value="true"/>
</engineerTo>
<useDomainConstraints>false</useDomainConstraints>
<use>1</use>
<logicalDatatype>LOGDT007</logicalDatatype>
<ownDataTypeParameters>,,</ownDataTypeParameters>
</Attribute>
<Attribute name="qt_fornecida" id="12D9E07E-72FF-BB27-FE4D-D27374BFC91B">
<createdBy>logonrm</createdBy>
<createdTime>2017-09-13 17:28:37 UTC</createdTime>
<ownerDesignName>BANCO_V2</ownerDesignName>
<engineerTo>
<item key="79DBAC6E-7ECE-7411-7C89-31B79CF16E25" value="true"/>
</engineerTo>
<useDomainConstraints>false</useDomainConstraints>
<use>1</use>
<logicalDatatype>LOGDT019</logicalDatatype>
<dataTypePrecision>4</dataTypePrecision>
<ownDataTypeParameters>,4,</ownDataTypeParameters>
</Attribute>
<Attribute name="dt_entrega_prevista" id="24B8B889-3797-14E8-1B7D-98557E281FF7">
<createdBy>logonrm</createdBy>
<createdTime>2017-09-18 12:31:54 UTC</createdTime>
<ownerDesignName>BANCO_V2</ownerDesignName>
<engineerTo>
<item key="79DBAC6E-7ECE-7411-7C89-31B79CF16E25" value="true"/>
</engineerTo>
<useDomainConstraints>false</useDomainConstraints>
<use>1</use>
<logicalDatatype>LOGDT007</logicalDatatype>
<ownDataTypeParameters>,,</ownDataTypeParameters>
</Attribute>
<Attribute name="vl_total" id="61FDD494-9624-582C-4B02-EECF045D8984">
<createdBy>logonrm</createdBy>
<createdTime>2017-09-18 12:32:25 UTC</createdTime>
<ownerDesignName>BANCO_V2</ownerDesignName>
<engineerTo>
<item key="79DBAC6E-7ECE-7411-7C89-31B79CF16E25" value="true"/>
</engineerTo>
<useDomainConstraints>false</useDomainConstraints>
<use>1</use>
<logicalDatatype>LOGDT020</logicalDatatype>
<dataTypePrecision>5</dataTypePrecision>
<dataTypeScale>5</dataTypeScale>
<ownDataTypeParameters>,5,5</ownDataTypeParameters>
</Attribute>
<Attribute name="cd_hist" id="CA2BAC27-31D3-485C-5FFD-A473FD8184D1">
<createdBy>logonrm</createdBy>
<createdTime>2017-09-21 11:58:25 UTC</createdTime>
<generatorID>E5C1B9DC-4CC7-7C48-4BD2-B94FC87F81C0</generatorID>
<ownerDesignName>BANCO_V2</ownerDesignName>
<engineerTo>
<item key="79DBAC6E-7ECE-7411-7C89-31B79CF16E25" value="true"/>
</engineerTo>
<referedAttribute>01A1FE46-8FF8-EF2A-D56E-7C7FDCD16A72</referedAttribute>
<useDomainConstraints>false</useDomainConstraints>
<use>1</use>
<logicalDatatype>LOGDT019</logicalDatatype>
<ownDataTypeParameters>,,</ownDataTypeParameters>
</Attribute>
</attributes>
<identifiers itemClass="oracle.dbtools.crest.model.design.logical.CandidateKey">
<identifier id="D23BC2A6-2CA4-9681-E52C-9A5D16165217" name=" PK_VFC_FORNE_MAT">
<createdBy>logonrm</createdBy>
<createdTime>2017-09-04 14:56:47 UTC</createdTime>
<ownerDesignName>BANCO_V2</ownerDesignName>
<engineerTo>
<item key="79DBAC6E-7ECE-7411-7C89-31B79CF16E25" value="true"/>
</engineerTo>
<pk>true</pk>
<newElementsIDs>82331ADA-B9FB-7625-156F-334D5EC211A2,FE36E522-53BC-BB3D-5C97-42A39FD35B65,142FD289-C7F8-0D5D-ED19-72324271B26E</newElementsIDs>
<usedAttributes>
<attributeRef>82331ADA-B9FB-7625-156F-334D5EC211A2</attributeRef>
<attributeRef>23240029-7181-87EA-83EF-A05B6DE91AFC</attributeRef>
<attributeRef>879AC83C-460B-C0D6-A788-E7F57BDDEC06</attributeRef>
</usedAttributes>
</identifier>
</identifiers>
</Entity>