<?xml version = '1.0' encoding = 'UTF-8'?>
<Entity class="oracle.dbtools.crest.model.design.logical.Entity" directorySegmentName="seg_0" id="A670E879-E3A8-0CB7-00FE-2C04E904EC66" name="T_VFC_CLIENTE_FONE">
<createdBy>Vitor</createdBy>
<createdTime>2017-09-03 20:36:11 UTC</createdTime>
<generatorID>Gerado pelo usuário</generatorID>
<ownerDesignName>BANCO_V2</ownerDesignName>
<engineerTo>
<item key="38C8A164-6624-3EDF-5B66-63584B8B65C8" value="true"/>
</engineerTo>
<adequatelyNormalized>NO</adequatelyNormalized>
<expectedVolumes>0</expectedVolumes>
<fwdEngineeringStrategyName>Single Table</fwdEngineeringStrategyName>
<growthPercent>0</growthPercent>
<growthType>Year</growthType>
<maxVolumes>9999999</maxVolumes>
<minVolumes>0</minVolumes>
<normalForm>Third</normalForm>
<attributes itemClass="oracle.dbtools.crest.model.design.logical.Attribute">
<Attribute name="nr_fone_completo1" id="0E7864EC-A4DE-0AF1-7F7B-F43F45D314CC">
<createdBy>Vitor</createdBy>
<createdTime>2017-09-03 20:39:40 UTC</createdTime>
<generatorID>71D4591C-63BF-4BFD-F4D8-EC6FF7026311</generatorID>
<ownerDesignName>BANCO_V2</ownerDesignName>
<engineerTo>
<item key="38C8A164-6624-3EDF-5B66-63584B8B65C8" value="true"/>
</engineerTo>
<referedAttribute>CAEF48A3-C372-9A77-2CD2-955DC4EC85B6</referedAttribute>
<useDomainConstraints>false</useDomainConstraints>
<use>1</use>
<logicalDatatype>LOGDT019</logicalDatatype>
<dataTypePrecision>11</dataTypePrecision>
<ownDataTypeParameters>,11,</ownDataTypeParameters>
</Attribute>
<Attribute name="nr_ramal" id="E8F67C41-CF2A-565E-084E-AD69F19247C7">
<createdBy>Vitor</createdBy>
<createdTime>2017-09-03 20:36:11 UTC</createdTime>
<ownerDesignName>BANCO_V2</ownerDesignName>
<importedID>B2EBBB20-1207-7153-15AF-FC74ED7C1AB9</importedID>
<engineerTo>
<item key="38C8A164-6624-3EDF-5B66-63584B8B65C8" value="true"/>
</engineerTo>
<nullsAllowed>true</nullsAllowed>
<useDomainConstraints>false</useDomainConstraints>
<use>1</use>
<logicalDatatype>LOGDT019</logicalDatatype>
<dataTypePrecision>4</dataTypePrecision>
<ownDataTypeParameters>,4,</ownDataTypeParameters>
</Attribute>
</attributes>
<identifiers itemClass="oracle.dbtools.crest.model.design.logical.CandidateKey">
<identifier id="2E335147-9772-DAB4-0437-39B726573346" name="PK_VFC_CLI_FONE ">
<createdBy>Vitor</createdBy>
<createdTime>2017-09-03 20:36:11 UTC</createdTime>
<generatorID>Gerado pelo usuário</generatorID>
<ownerDesignName>BANCO_V2</ownerDesignName>
<engineerTo>
<item key="38C8A164-6624-3EDF-5B66-63584B8B65C8" value="true"/>
</engineerTo>
<pk>true</pk>
<newElementsIDs>71D4591C-63BF-4BFD-F4D8-EC6FF7026311</newElementsIDs>
<usedAttributes>
<attributeRef>0E7864EC-A4DE-0AF1-7F7B-F43F45D314CC</attributeRef>
</usedAttributes>
</identifier>
</identifiers>
</Entity>