<?xml version = '1.0' encoding = 'UTF-8'?>
<Entity class="oracle.dbtools.crest.model.design.logical.Entity" directorySegmentName="seg_0" id="AB7162E5-0EFD-D59F-AEB3-CE4A974D2076" name="T_VFC_PESSOA_ENDE">
<createdBy>logonrm</createdBy>
<createdTime>2017-09-04 13:22:27 UTC</createdTime>
<ownerDesignName>BANCO_V2</ownerDesignName>
<engineerTo>
<item key="38C8A164-6624-3EDF-5B66-63584B8B65C8" value="true"/>
</engineerTo>
<adequatelyNormalized>NO</adequatelyNormalized>
<expectedVolumes>0</expectedVolumes>
<fwdEngineeringStrategyName>Single Table</fwdEngineeringStrategyName>
<growthPercent>0</growthPercent>
<growthType>Year</growthType>
<maxVolumes>9999999</maxVolumes>
<minVolumes>0</minVolumes>
<normalForm>Third</normalForm>
<attributes itemClass="oracle.dbtools.crest.model.design.logical.Attribute">
<Attribute name="cd_pessoa" id="49063767-4AE7-C495-8613-DE1D4F413DB7">
<createdBy>logonrm</createdBy>
<createdTime>2017-09-04 13:24:24 UTC</createdTime>
<generatorID>A8C7053D-786B-3FE1-C3AE-E8680646F02D</generatorID>
<ownerDesignName>BANCO_V2</ownerDesignName>
<engineerTo>
<item key="38C8A164-6624-3EDF-5B66-63584B8B65C8" value="true"/>
</engineerTo>
<referedAttribute>ABEFA446-A376-CB9E-DFB4-427D35BA94E2</referedAttribute>
<useDomainConstraints>false</useDomainConstraints>
<use>1</use>
<logicalDatatype>LOGDT019</logicalDatatype>
<dataTypePrecision>5</dataTypePrecision>
<ownDataTypeParameters>,,</ownDataTypeParameters>
</Attribute>
<Attribute name="nr_cep" id="E1AB14AE-E3B4-86D4-3DBB-6578CE7D076C">
<createdBy>logonrm</createdBy>
<createdTime>2017-09-04 13:24:54 UTC</createdTime>
<generatorID>F51A8950-1766-01E0-A713-BA4BF188EFC1</generatorID>
<ownerDesignName>BANCO_V2</ownerDesignName>
<engineerTo>
<item key="38C8A164-6624-3EDF-5B66-63584B8B65C8" value="true"/>
</engineerTo>
<referedAttribute>CFC174D7-6716-8CC7-CFCD-B434B7122631</referedAttribute>
<useDomainConstraints>false</useDomainConstraints>
<use>1</use>
<logicalDatatype>LOGDT019</logicalDatatype>
<dataTypePrecision>8</dataTypePrecision>
<ownDataTypeParameters>,,</ownDataTypeParameters>
</Attribute>
<Attribute name="nr_logradouro" id="9F135A80-7837-83C4-DA6F-E05332A69210">
<createdBy>logonrm</createdBy>
<createdTime>2017-09-04 13:23:03 UTC</createdTime>
<ownerDesignName>BANCO_V2</ownerDesignName>
<engineerTo>
<item key="38C8A164-6624-3EDF-5B66-63584B8B65C8" value="true"/>
</engineerTo>
<useDomainConstraints>false</useDomainConstraints>
<use>1</use>
<logicalDatatype>LOGDT019</logicalDatatype>
<dataTypePrecision>10</dataTypePrecision>
<ownDataTypeParameters>,10,</ownDataTypeParameters>
</Attribute>
<Attribute name="ds_complemento" id="3CA7FD3C-5731-13F4-EEBC-6841F62B9F63">
<createdBy>logonrm</createdBy>
<createdTime>2017-09-04 13:23:14 UTC</createdTime>
<ownerDesignName>BANCO_V2</ownerDesignName>
<engineerTo>
<item key="38C8A164-6624-3EDF-5B66-63584B8B65C8" value="true"/>
</engineerTo>
<nullsAllowed>true</nullsAllowed>
<useDomainConstraints>false</useDomainConstraints>
<use>1</use>
<logicalDatatype>LOGDT024</logicalDatatype>
<dataTypeSize>50</dataTypeSize>
<ownDataTypeParameters>50,,</ownDataTypeParameters>
</Attribute>
</attributes>
<identifiers itemClass="oracle.dbtools.crest.model.design.logical.CandidateKey">
<identifier id="A5E9E6A0-3044-44B1-586F-05BD0B7A25E6" name="T_VFC_PESSOA_ENDE PK">
<createdBy>logonrm</createdBy>
<createdTime>2017-09-04 13:24:24 UTC</createdTime>
<ownerDesignName>BANCO_V2</ownerDesignName>
<shouldEngineer>false</shouldEngineer>
<engineerTo>
<item key="38C8A164-6624-3EDF-5B66-63584B8B65C8" value="false"/>
</engineerTo>
<pk>true</pk>
<usedAttributes>
<attributeRef>49063767-4AE7-C495-8613-DE1D4F413DB7</attributeRef>
<attributeRef>E1AB14AE-E3B4-86D4-3DBB-6578CE7D076C</attributeRef>
</usedAttributes>
</identifier>
</identifiers>
</Entity>