<?xml version = '1.0' encoding = 'UTF-8'?>
<Entity class="oracle.dbtools.crest.model.design.logical.Entity" directorySegmentName="seg_0" id="AF787E04-107F-1A93-0E8A-D879EC34D880" name="T_VFC_CIDADE">
<createdBy>logonpf</createdBy>
<createdTime>2017-04-24 13:37:17 UTC</createdTime>
<ownerDesignName>BANCO_V2</ownerDesignName>
<engineerTo>
<item key="38C8A164-6624-3EDF-5B66-63584B8B65C8" value="true"/>
</engineerTo>
<adequatelyNormalized>NO</adequatelyNormalized>
<expectedVolumes>0</expectedVolumes>
<fwdEngineeringStrategyName>Single Table</fwdEngineeringStrategyName>
<growthPercent>0</growthPercent>
<growthType>Year</growthType>
<maxVolumes>9999999</maxVolumes>
<minVolumes>0</minVolumes>
<normalForm>Third</normalForm>
<attributes itemClass="oracle.dbtools.crest.model.design.logical.Attribute">
<Attribute name="cd_cidade" id="060518A2-E4AA-D414-376F-D63A90B79035">
<createdBy>logonpf</createdBy>
<createdTime>2017-04-24 13:37:40 UTC</createdTime>
<ownerDesignName>BANCO_V2</ownerDesignName>
<engineerTo>
<item key="38C8A164-6624-3EDF-5B66-63584B8B65C8" value="true"/>
</engineerTo>
<useDomainConstraints>false</useDomainConstraints>
<use>1</use>
<logicalDatatype>LOGDT019</logicalDatatype>
<dataTypePrecision>5</dataTypePrecision>
<ownDataTypeParameters>,5,</ownDataTypeParameters>
</Attribute>
<Attribute name="cd_estado" id="9866A14B-9599-77B9-E47B-292973211356">
<createdBy>logonpf</createdBy>
<createdTime>2017-04-24 13:44:43 UTC</createdTime>
<generatorID>C8CD68AD-94FB-5F54-A72E-EA09485F25D2</generatorID>
<ownerDesignName>BANCO_V2</ownerDesignName>
<engineerTo>
<item key="38C8A164-6624-3EDF-5B66-63584B8B65C8" value="true"/>
</engineerTo>
<referedAttribute>BFF501B6-B9C4-93CC-C7F1-FB9024B431D3</referedAttribute>
<useDomainConstraints>false</useDomainConstraints>
<use>1</use>
<logicalDatatype>LOGDT019</logicalDatatype>
<dataTypePrecision>2</dataTypePrecision>
<ownDataTypeParameters>,2,</ownDataTypeParameters>
</Attribute>
<Attribute name="nm_cidade" id="75084626-46DE-B777-91C5-923037E09A2B">
<createdBy>logonpf</createdBy>
<createdTime>2017-04-24 13:37:44 UTC</createdTime>
<ownerDesignName>BANCO_V2</ownerDesignName>
<engineerTo>
<item key="38C8A164-6624-3EDF-5B66-63584B8B65C8" value="true"/>
</engineerTo>
<useDomainConstraints>false</useDomainConstraints>
<use>1</use>
<logicalDatatype>LOGDT024</logicalDatatype>
<dataTypeSize>30</dataTypeSize>
<ownDataTypeParameters>30,,</ownDataTypeParameters>
</Attribute>
</attributes>
<identifiers itemClass="oracle.dbtools.crest.model.design.logical.CandidateKey">
<identifier id="AF403C8A-6206-F2AB-F81B-6FB0D722975A" name="PK_VFC_CIDADE">
<createdBy>logonpf</createdBy>
<createdTime>2017-04-24 13:37:43 UTC</createdTime>
<ownerDesignName>BANCO_V2</ownerDesignName>
<shouldEngineer>false</shouldEngineer>
<engineerTo>
<item key="38C8A164-6624-3EDF-5B66-63584B8B65C8" value="false"/>
</engineerTo>
<pk>true</pk>
<newElementsIDs>060518A2-E4AA-D414-376F-D63A90B79035</newElementsIDs>
<usedAttributes>
<attributeRef>060518A2-E4AA-D414-376F-D63A90B79035</attributeRef>
</usedAttributes>
</identifier>
</identifiers>
</Entity>