<?xml version = '1.0' encoding = 'UTF-8'?>
<Entity class="oracle.dbtools.crest.model.design.logical.Entity" directorySegmentName="seg_0" id="B5E8D421-1C27-038A-1351-0A86F086125B" name="T_VFC_FUNC_PRODUCAO">
<createdBy>logonrm</createdBy>
<createdTime>2017-09-18 15:04:02 UTC</createdTime>
<ownerDesignName>BANCO_V2</ownerDesignName>
<engineerTo>
<item key="38C8A164-6624-3EDF-5B66-63584B8B65C8" value="true"/>
</engineerTo>
<adequatelyNormalized>NO</adequatelyNormalized>
<expectedVolumes>0</expectedVolumes>
<fwdEngineeringStrategyName>Single Table</fwdEngineeringStrategyName>
<growthPercent>0</growthPercent>
<growthType>Year</growthType>
<maxVolumes>9999999</maxVolumes>
<minVolumes>0</minVolumes>
<normalForm>Third</normalForm>
<attributes itemClass="oracle.dbtools.crest.model.design.logical.Attribute">
<Attribute name="cd_producao" id="43F1E0EB-F633-3568-CA74-3BB0D74C9086">
<createdBy>logonrm</createdBy>
<createdTime>2017-09-18 15:12:03 UTC</createdTime>
<generatorID>DA47ABFD-E16A-44E2-B50A-E6545D6388C1</generatorID>
<ownerDesignName>BANCO_V2</ownerDesignName>
<engineerTo>
<item key="38C8A164-6624-3EDF-5B66-63584B8B65C8" value="true"/>
</engineerTo>
<referedAttribute>C2825622-3CE3-0B1E-5BEE-58276E148B31</referedAttribute>
<useDomainConstraints>false</useDomainConstraints>
<use>1</use>
<logicalDatatype>LOGDT019</logicalDatatype>
<dataTypePrecision>5</dataTypePrecision>
<ownDataTypeParameters>,5,</ownDataTypeParameters>
</Attribute>
<Attribute name="nr_matricula" id="5738BF64-76EE-FC97-2F74-628766AE2588">
<createdBy>logonrm</createdBy>
<createdTime>2017-09-18 15:12:28 UTC</createdTime>
<generatorID>484C8651-3EE8-40CB-2838-B7D84DF50B0E</generatorID>
<ownerDesignName>BANCO_V2</ownerDesignName>
<engineerTo>
<item key="38C8A164-6624-3EDF-5B66-63584B8B65C8" value="true"/>
</engineerTo>
<referedAttribute>355C9A0D-70AD-8B0C-7408-9D49EE792C90</referedAttribute>
<useDomainConstraints>false</useDomainConstraints>
<use>1</use>
<logicalDatatype>LOGDT019</logicalDatatype>
<dataTypePrecision>5</dataTypePrecision>
<ownDataTypeParameters>,5,</ownDataTypeParameters>
</Attribute>
<Attribute name="cd_ordem_producao" id="59CC42AC-611F-516C-8DF2-5A4D2918F769">
<createdBy>logonrm</createdBy>
<createdTime>2017-09-18 16:19:49 UTC</createdTime>
<generatorID>DA47ABFD-E16A-44E2-B50A-E6545D6388C1</generatorID>
<ownerDesignName>BANCO_V2</ownerDesignName>
<engineerTo>
<item key="38C8A164-6624-3EDF-5B66-63584B8B65C8" value="true"/>
</engineerTo>
<referedAttribute>C75194D1-2711-F4A5-F4A2-CDED1AAA40BD</referedAttribute>
<useDomainConstraints>false</useDomainConstraints>
<use>1</use>
<logicalDatatype>LOGDT019</logicalDatatype>
<dataTypePrecision>10</dataTypePrecision>
<ownDataTypeParameters>,10,</ownDataTypeParameters>
</Attribute>
</attributes>
<identifiers itemClass="oracle.dbtools.crest.model.design.logical.CandidateKey">
<identifier id="61CF1B30-3300-E3EF-F9BA-B767ECC45506" name="PK_VFC_FUNC_PROD">
<createdBy>logonrm</createdBy>
<createdTime>2017-09-18 15:12:03 UTC</createdTime>
<ownerDesignName>BANCO_V2</ownerDesignName>
<shouldEngineer>false</shouldEngineer>
<engineerTo>
<item key="38C8A164-6624-3EDF-5B66-63584B8B65C8" value="false"/>
</engineerTo>
<pk>true</pk>
<newElementsIDs>DA47ABFD-E16A-44E2-B50A-E6545D6388C1,484C8651-3EE8-40CB-2838-B7D84DF50B0E</newElementsIDs>
<usedAttributes>
<attributeRef>43F1E0EB-F633-3568-CA74-3BB0D74C9086</attributeRef>
<attributeRef>59CC42AC-611F-516C-8DF2-5A4D2918F769</attributeRef>
<attributeRef>5738BF64-76EE-FC97-2F74-628766AE2588</attributeRef>
</usedAttributes>
</identifier>
</identifiers>
</Entity>