<?xml version = '1.0' encoding = 'UTF-8'?>
<Entity class="oracle.dbtools.crest.model.design.logical.Entity" directorySegmentName="seg_0" id="B8FA1910-CD52-5126-60E4-3E6B70E61476" name="T_VFC_USUARIO">
<createdBy>Vitor</createdBy>
<createdTime>2017-09-03 19:41:37 UTC</createdTime>
<ownerDesignName>BANCO_V2</ownerDesignName>
<engineerTo>
<item key="38C8A164-6624-3EDF-5B66-63584B8B65C8" value="true"/>
</engineerTo>
<adequatelyNormalized>NO</adequatelyNormalized>
<expectedVolumes>0</expectedVolumes>
<fwdEngineeringStrategyName>Single Table</fwdEngineeringStrategyName>
<growthPercent>0</growthPercent>
<growthType>Year</growthType>
<maxVolumes>9999999</maxVolumes>
<minVolumes>0</minVolumes>
<normalForm>Third</normalForm>
<attributes itemClass="oracle.dbtools.crest.model.design.logical.Attribute">
<Attribute name="nm_usuario" id="57B523B6-8051-8107-7930-D046579E1613">
<createdBy>Vitor</createdBy>
<createdTime>2017-09-03 19:41:46 UTC</createdTime>
<ownerDesignName>BANCO_V2</ownerDesignName>
<engineerTo>
<item key="38C8A164-6624-3EDF-5B66-63584B8B65C8" value="true"/>
</engineerTo>
<useDomainConstraints>false</useDomainConstraints>
<use>1</use>
<logicalDatatype>LOGDT024</logicalDatatype>
<dataTypeSize>20</dataTypeSize>
<ownDataTypeParameters>20,,</ownDataTypeParameters>
</Attribute>
<Attribute name="nr_matricula" id="8863A653-8425-BEC6-5678-15F5B05E2438">
<createdBy>logonrm</createdBy>
<createdTime>2017-09-04 12:32:46 UTC</createdTime>
<generatorID>38B3E6A5-CF30-BE17-87FC-1216671B0C46</generatorID>
<ownerDesignName>BANCO_V2</ownerDesignName>
<engineerTo>
<item key="38C8A164-6624-3EDF-5B66-63584B8B65C8" value="true"/>
</engineerTo>
<referedAttribute>355C9A0D-70AD-8B0C-7408-9D49EE792C90</referedAttribute>
<useDomainConstraints>false</useDomainConstraints>
<use>1</use>
<logicalDatatype>LOGDT019</logicalDatatype>
<dataTypePrecision>5</dataTypePrecision>
<ownDataTypeParameters>,,</ownDataTypeParameters>
</Attribute>
<Attribute name="ds_senha" id="EA7076DD-0FC3-2F1E-9018-65BF3DA11459">
<createdBy>Vitor</createdBy>
<createdTime>2017-09-03 19:41:54 UTC</createdTime>
<ownerDesignName>BANCO_V2</ownerDesignName>
<engineerTo>
<item key="38C8A164-6624-3EDF-5B66-63584B8B65C8" value="true"/>
</engineerTo>
<useDomainConstraints>false</useDomainConstraints>
<use>1</use>
<logicalDatatype>LOGDT024</logicalDatatype>
<dataTypeSize>20</dataTypeSize>
<ownDataTypeParameters>20,,</ownDataTypeParameters>
</Attribute>
</attributes>
<identifiers itemClass="oracle.dbtools.crest.model.design.logical.CandidateKey">
<identifier id="24A22021-4E26-E354-F33F-4B141B640B72" name="PK_USUARIO">
<createdBy>Vitor</createdBy>
<createdTime>2017-09-03 19:41:53 UTC</createdTime>
<ownerDesignName>BANCO_V2</ownerDesignName>
<shouldEngineer>false</shouldEngineer>
<engineerTo>
<item key="38C8A164-6624-3EDF-5B66-63584B8B65C8" value="false"/>
</engineerTo>
<pk>true</pk>
<newElementsIDs>57B523B6-8051-8107-7930-D046579E1613</newElementsIDs>
<usedAttributes>
<attributeRef>57B523B6-8051-8107-7930-D046579E1613</attributeRef>
</usedAttributes>
</identifier>
</identifiers>
</Entity>