<?xml version = '1.0' encoding = 'UTF-8'?>
<Entity class="oracle.dbtools.crest.model.design.logical.Entity" directorySegmentName="seg_0" id="D0D188D0-4C17-AC5C-A832-981531392B0E" name="T_VFC_PATIO">
<createdBy>Lucas</createdBy>
<createdTime>2017-09-17 03:49:51 UTC</createdTime>
<ownerDesignName>BANCO_V2</ownerDesignName>
<engineerTo>
<item key="38C8A164-6624-3EDF-5B66-63584B8B65C8" value="true"/>
</engineerTo>
<adequatelyNormalized>NO</adequatelyNormalized>
<expectedVolumes>0</expectedVolumes>
<fwdEngineeringStrategyName>Single Table</fwdEngineeringStrategyName>
<growthPercent>0</growthPercent>
<growthType>Year</growthType>
<maxVolumes>9999999</maxVolumes>
<minVolumes>0</minVolumes>
<normalForm>Third</normalForm>
<attributes itemClass="oracle.dbtools.crest.model.design.logical.Attribute">
<Attribute name="cd_patio" id="A07C7A01-0C7B-B78A-0E1D-F0E084A09544">
<createdBy>Lucas</createdBy>
<createdTime>2017-09-17 03:50:23 UTC</createdTime>
<ownerDesignName>BANCO_V2</ownerDesignName>
<engineerTo>
<item key="38C8A164-6624-3EDF-5B66-63584B8B65C8" value="true"/>
</engineerTo>
<useDomainConstraints>false</useDomainConstraints>
<use>1</use>
<logicalDatatype>LOGDT019</logicalDatatype>
<dataTypePrecision>5</dataTypePrecision>
<ownDataTypeParameters>,5,</ownDataTypeParameters>
</Attribute>
<Attribute name="qt_capacidade_max" id="041F4D21-A014-0B6B-0E11-055CD27F6944">
<createdBy>Lucas</createdBy>
<createdTime>2017-09-17 03:51:00 UTC</createdTime>
<ownerDesignName>BANCO_V2</ownerDesignName>
<engineerTo>
<item key="38C8A164-6624-3EDF-5B66-63584B8B65C8" value="true"/>
</engineerTo>
<useDomainConstraints>false</useDomainConstraints>
<use>1</use>
<logicalDatatype>LOGDT019</logicalDatatype>
<dataTypePrecision>4</dataTypePrecision>
<ownDataTypeParameters>,4,</ownDataTypeParameters>
</Attribute>
<Attribute name="qt_capacidade_atual" id="5D6AAFED-0647-7713-D8D7-1F7B5E93A480">
<createdBy>Lucas</createdBy>
<createdTime>2017-09-17 03:52:53 UTC</createdTime>
<ownerDesignName>BANCO_V2</ownerDesignName>
<engineerTo>
<item key="38C8A164-6624-3EDF-5B66-63584B8B65C8" value="true"/>
</engineerTo>
<useDomainConstraints>false</useDomainConstraints>
<use>1</use>
<logicalDatatype>LOGDT019</logicalDatatype>
<dataTypePrecision>4</dataTypePrecision>
<ownDataTypeParameters>,4,</ownDataTypeParameters>
</Attribute>
</attributes>
<identifiers itemClass="oracle.dbtools.crest.model.design.logical.CandidateKey">
<identifier id="D1E5CB1D-73FE-D73C-1916-DD30128090AF" name="PK_VFC_PATIO">
<createdBy>Lucas</createdBy>
<createdTime>2017-09-17 03:50:55 UTC</createdTime>
<ownerDesignName>BANCO_V2</ownerDesignName>
<shouldEngineer>false</shouldEngineer>
<engineerTo>
<item key="38C8A164-6624-3EDF-5B66-63584B8B65C8" value="false"/>
</engineerTo>
<pk>true</pk>
<newElementsIDs>A07C7A01-0C7B-B78A-0E1D-F0E084A09544</newElementsIDs>
<usedAttributes>
<attributeRef>A07C7A01-0C7B-B78A-0E1D-F0E084A09544</attributeRef>
</usedAttributes>
</identifier>
</identifiers>
</Entity>