<?xml version = '1.0' encoding = 'UTF-8'?>
<Entity class="oracle.dbtools.crest.model.design.logical.Entity" directorySegmentName="seg_0" id="E45255E4-4018-E790-03A6-4460D9B1BBAD" name="T_VFC_BAIRRO">
<createdBy>logonpf</createdBy>
<createdTime>2017-04-24 13:37:59 UTC</createdTime>
<ownerDesignName>BANCO_V2</ownerDesignName>
<engineerTo>
<item key="38C8A164-6624-3EDF-5B66-63584B8B65C8" value="true"/>
</engineerTo>
<adequatelyNormalized>NO</adequatelyNormalized>
<expectedVolumes>0</expectedVolumes>
<fwdEngineeringStrategyName>Single Table</fwdEngineeringStrategyName>
<growthPercent>0</growthPercent>
<growthType>Year</growthType>
<maxVolumes>9999999</maxVolumes>
<minVolumes>0</minVolumes>
<normalForm>Third</normalForm>
<attributes itemClass="oracle.dbtools.crest.model.design.logical.Attribute">
<Attribute name="cd_bairro" id="9369A748-0830-4406-8D28-6B3BA3071F11">
<createdBy>logonpf</createdBy>
<createdTime>2017-04-24 13:38:18 UTC</createdTime>
<ownerDesignName>BANCO_V2</ownerDesignName>
<engineerTo>
<item key="38C8A164-6624-3EDF-5B66-63584B8B65C8" value="true"/>
</engineerTo>
<useDomainConstraints>false</useDomainConstraints>
<use>1</use>
<logicalDatatype>LOGDT019</logicalDatatype>
<dataTypePrecision>5</dataTypePrecision>
<ownDataTypeParameters>,5,</ownDataTypeParameters>
</Attribute>
<Attribute name="cd_cidade" id="8D0EA046-9307-654D-1322-9CAFDAFE98C1">
<createdBy>logonpf</createdBy>
<createdTime>2017-04-24 13:45:05 UTC</createdTime>
<generatorID>B3CE161B-9FFE-0D59-149E-0D27C6D5665D</generatorID>
<ownerDesignName>BANCO_V2</ownerDesignName>
<engineerTo>
<item key="38C8A164-6624-3EDF-5B66-63584B8B65C8" value="true"/>
</engineerTo>
<referedAttribute>060518A2-E4AA-D414-376F-D63A90B79035</referedAttribute>
<useDomainConstraints>false</useDomainConstraints>
<use>1</use>
<logicalDatatype>LOGDT019</logicalDatatype>
<dataTypePrecision>5</dataTypePrecision>
<ownDataTypeParameters>,5,</ownDataTypeParameters>
</Attribute>
<Attribute name="nm_bairro" id="2975FE73-4F32-5DAD-AA32-03A19E959B1C">
<createdBy>logonpf</createdBy>
<createdTime>2017-04-24 13:38:23 UTC</createdTime>
<ownerDesignName>BANCO_V2</ownerDesignName>
<engineerTo>
<item key="38C8A164-6624-3EDF-5B66-63584B8B65C8" value="true"/>
</engineerTo>
<useDomainConstraints>false</useDomainConstraints>
<use>1</use>
<logicalDatatype>LOGDT024</logicalDatatype>
<dataTypeSize>25</dataTypeSize>
<ownDataTypeParameters>25,,</ownDataTypeParameters>
</Attribute>
</attributes>
<identifiers itemClass="oracle.dbtools.crest.model.design.logical.CandidateKey">
<identifier id="67061642-29B3-0A6B-FC57-F676E6F68092" name="PK_VFC_BAIRRO">
<createdBy>logonpf</createdBy>
<createdTime>2017-04-24 13:38:22 UTC</createdTime>
<ownerDesignName>BANCO_V2</ownerDesignName>
<shouldEngineer>false</shouldEngineer>
<engineerTo>
<item key="38C8A164-6624-3EDF-5B66-63584B8B65C8" value="false"/>
</engineerTo>
<pk>true</pk>
<newElementsIDs>9369A748-0830-4406-8D28-6B3BA3071F11</newElementsIDs>
<usedAttributes>
<attributeRef>9369A748-0830-4406-8D28-6B3BA3071F11</attributeRef>
</usedAttributes>
</identifier>
</identifiers>
</Entity>