<?xml version = '1.0' encoding = 'UTF-8'?>
<Entity class="oracle.dbtools.crest.model.design.logical.Entity" directorySegmentName="seg_0" id="E926951B-778A-C369-F11D-EF67D7486E52" name="T_VFC_PESSOA_JURIDICA">
<createdBy>leand</createdBy>
<createdTime>2017-09-02 20:29:05 UTC</createdTime>
<ownerDesignName>BANCO_V2</ownerDesignName>
<engineerTo>
<item key="38C8A164-6624-3EDF-5B66-63584B8B65C8" value="true"/>
</engineerTo>
<adequatelyNormalized>NO</adequatelyNormalized>
<expectedVolumes>0</expectedVolumes>
<fwdEngineeringStrategyName>Single Table</fwdEngineeringStrategyName>
<growthPercent>0</growthPercent>
<growthType>Year</growthType>
<maxVolumes>9999999</maxVolumes>
<minVolumes>0</minVolumes>
<normalForm>Third</normalForm>
<attributes itemClass="oracle.dbtools.crest.model.design.logical.Attribute">
<Attribute name="cd_pessoa" id="927EDEF2-93CA-9474-C44F-54333231C1C7">
<createdBy>leand</createdBy>
<createdTime>2017-09-02 20:29:06 UTC</createdTime>
<generatorID>CE521DA5-393C-F6C2-B6AE-972164439751</generatorID>
<ownerDesignName>BANCO_V2</ownerDesignName>
<importedID>7BE53021-BA1F-814B-21E1-6D5C09573C5F</importedID>
<engineerTo>
<item key="38C8A164-6624-3EDF-5B66-63584B8B65C8" value="true"/>
</engineerTo>
<referedAttribute>ABEFA446-A376-CB9E-DFB4-427D35BA94E2</referedAttribute>
<useDomainConstraints>false</useDomainConstraints>
<use>1</use>
<logicalDatatype>LOGDT019</logicalDatatype>
<dataTypePrecision>5</dataTypePrecision>
<ownDataTypeParameters>,5,</ownDataTypeParameters>
</Attribute>
<Attribute name="nm_razao_social" id="4663E949-8277-6E4C-C761-009FA37E7884">
<createdBy>logonrm</createdBy>
<createdTime>2017-09-04 13:33:25 UTC</createdTime>
<ownerDesignName>BANCO_V2</ownerDesignName>
<engineerTo>
<item key="38C8A164-6624-3EDF-5B66-63584B8B65C8" value="true"/>
</engineerTo>
<useDomainConstraints>false</useDomainConstraints>
<use>1</use>
<logicalDatatype>LOGDT024</logicalDatatype>
<dataTypeSize>50</dataTypeSize>
<ownDataTypeParameters>50,,</ownDataTypeParameters>
</Attribute>
<Attribute name="nm_fantasia" id="D5E6C778-89F7-7835-9B72-342594A7A7D9">
<createdBy>leand</createdBy>
<createdTime>2017-09-02 20:29:06 UTC</createdTime>
<ownerDesignName>BANCO_V2</ownerDesignName>
<importedID>6A89B692-E292-4565-3A03-E2669F6978A9</importedID>
<engineerTo>
<item key="38C8A164-6624-3EDF-5B66-63584B8B65C8" value="true"/>
</engineerTo>
<useDomainConstraints>false</useDomainConstraints>
<use>1</use>
<logicalDatatype>LOGDT024</logicalDatatype>
<dataTypeSize>20</dataTypeSize>
<ownDataTypeParameters>20,,</ownDataTypeParameters>
</Attribute>
<Attribute name="nr_cnpj" id="ACCDB62F-004C-9A64-BEAB-E30AAFD1BC57">
<createdBy>leand</createdBy>
<createdTime>2017-09-02 20:29:06 UTC</createdTime>
<ownerDesignName>BANCO_V2</ownerDesignName>
<importedID>AB69DF45-67E8-811A-CCCF-6C961E518FF8</importedID>
<engineerTo>
<item key="38C8A164-6624-3EDF-5B66-63584B8B65C8" value="true"/>
</engineerTo>
<useDomainConstraints>false</useDomainConstraints>
<use>1</use>
<logicalDatatype>LOGDT019</logicalDatatype>
<dataTypePrecision>12</dataTypePrecision>
<ownDataTypeParameters>,12,</ownDataTypeParameters>
</Attribute>
<Attribute name="nr_insc_estadual" id="D5442242-ACE7-AB8E-A78B-831F1D430962">
<createdBy>leand</createdBy>
<createdTime>2017-09-02 20:29:06 UTC</createdTime>
<ownerDesignName>BANCO_V2</ownerDesignName>
<importedID>1B0C41DB-21C4-775A-96C7-F4C6182F50C0</importedID>
<engineerTo>
<item key="38C8A164-6624-3EDF-5B66-63584B8B65C8" value="true"/>
</engineerTo>
<useDomainConstraints>false</useDomainConstraints>
<use>1</use>
<logicalDatatype>LOGDT019</logicalDatatype>
<dataTypePrecision>5</dataTypePrecision>
<ownDataTypeParameters>,5,</ownDataTypeParameters>
</Attribute>
<Attribute name="ds_classificacao" id="84A4264E-3FB8-87CC-4215-3CDD470F055C">
<createdBy>leand</createdBy>
<createdTime>2017-09-02 20:29:06 UTC</createdTime>
<ownerDesignName>BANCO_V2</ownerDesignName>
<importedID>E6C7BFF6-5F08-2BBC-DA0D-4239D30EDF06</importedID>
<engineerTo>
<item key="38C8A164-6624-3EDF-5B66-63584B8B65C8" value="true"/>
</engineerTo>
<useDomainConstraints>false</useDomainConstraints>
<use>1</use>
<logicalDatatype>LOGDT024</logicalDatatype>
<dataTypeSize>20</dataTypeSize>
<ownDataTypeParameters>20,,</ownDataTypeParameters>
</Attribute>
</attributes>
<identifiers itemClass="oracle.dbtools.crest.model.design.logical.CandidateKey">
<identifier id="731969B1-EDBD-4F14-C346-3255F3729805" name="PK_VFC_PESSOA_J">
<createdBy>leand</createdBy>
<createdTime>2017-09-02 20:29:06 UTC</createdTime>
<ownerDesignName>BANCO_V2</ownerDesignName>
<shouldEngineer>false</shouldEngineer>
<engineerTo>
<item key="38C8A164-6624-3EDF-5B66-63584B8B65C8" value="false"/>
</engineerTo>
<pk>true</pk>
<newElementsIDs>CE521DA5-393C-F6C2-B6AE-972164439751</newElementsIDs>
<usedAttributes>
<attributeRef>927EDEF2-93CA-9474-C44F-54333231C1C7</attributeRef>
</usedAttributes>
</identifier>
</identifiers>
</Entity>