<?xml version = '1.0' encoding = 'UTF-8'?>
<Entity class="oracle.dbtools.crest.model.design.logical.Entity" directorySegmentName="seg_0" id="FB4EA689-84D4-382E-2CEC-302F372FE324" name="T_VFC_PRODUTO">
<createdBy>leand</createdBy>
<createdTime>2017-09-02 20:31:23 UTC</createdTime>
<generatorID>Gerado pelo usuário</generatorID>
<ownerDesignName>BANCO_V2</ownerDesignName>
<engineerTo>
<item key="38C8A164-6624-3EDF-5B66-63584B8B65C8" value="true"/>
</engineerTo>
<adequatelyNormalized>NO</adequatelyNormalized>
<expectedVolumes>0</expectedVolumes>
<fwdEngineeringStrategyName>Single Table</fwdEngineeringStrategyName>
<growthPercent>0</growthPercent>
<growthType>Year</growthType>
<maxVolumes>9999999</maxVolumes>
<minVolumes>0</minVolumes>
<normalForm>Third</normalForm>
<attributes itemClass="oracle.dbtools.crest.model.design.logical.Attribute">
<Attribute name="cd_produto" id="8539B5C7-0142-AEC2-2609-A608BBE0B22D">
<createdBy>leand</createdBy>
<createdTime>2017-09-02 20:31:23 UTC</createdTime>
<ownerDesignName>BANCO_V2</ownerDesignName>
<importedID>2D37198D-9FA4-BAE7-4837-EC3CD83317B1</importedID>
<engineerTo>
<item key="38C8A164-6624-3EDF-5B66-63584B8B65C8" value="true"/>
</engineerTo>
<useDomainConstraints>false</useDomainConstraints>
<use>1</use>
<logicalDatatype>LOGDT019</logicalDatatype>
<dataTypePrecision>5</dataTypePrecision>
<ownDataTypeParameters>,5,</ownDataTypeParameters>
</Attribute>
<Attribute name="ds_produto" id="630D80C6-7B4C-A623-095C-E80252610AC7">
<createdBy>leand</createdBy>
<createdTime>2017-09-02 20:31:23 UTC</createdTime>
<ownerDesignName>BANCO_V2</ownerDesignName>
<importedID>FE4EAD97-4AD3-9619-CB63-BA30763AF47E</importedID>
<engineerTo>
<item key="38C8A164-6624-3EDF-5B66-63584B8B65C8" value="true"/>
</engineerTo>
<useDomainConstraints>false</useDomainConstraints>
<use>1</use>
<logicalDatatype>LOGDT024</logicalDatatype>
<dataTypeSize>20</dataTypeSize>
<ownDataTypeParameters>20,,</ownDataTypeParameters>
</Attribute>
<Attribute name="ds_completa_produto" id="0C694194-0DEE-9B6B-BFC7-3DF5345BB5BA">
<createdBy>leand</createdBy>
<createdTime>2017-09-02 20:31:23 UTC</createdTime>
<ownerDesignName>BANCO_V2</ownerDesignName>
<importedID>FA7306D8-3E89-BEA6-27C9-F3ECF2F82CF5</importedID>
<engineerTo>
<item key="38C8A164-6624-3EDF-5B66-63584B8B65C8" value="true"/>
</engineerTo>
<useDomainConstraints>false</useDomainConstraints>
<use>1</use>
<logicalDatatype>LOGDT024</logicalDatatype>
<dataTypeSize>128</dataTypeSize>
<ownDataTypeParameters>128,,</ownDataTypeParameters>
</Attribute>
<Attribute name="qt_estoque" id="DAF16EBD-A4F3-A467-29AE-910A0C6C9D97">
<createdBy>leand</createdBy>
<createdTime>2017-09-02 20:31:23 UTC</createdTime>
<ownerDesignName>BANCO_V2</ownerDesignName>
<importedID>D254972B-F599-E9BB-37B0-DBD0AF39C7E4</importedID>
<engineerTo>
<item key="38C8A164-6624-3EDF-5B66-63584B8B65C8" value="true"/>
</engineerTo>
<useDomainConstraints>false</useDomainConstraints>
<use>1</use>
<logicalDatatype>LOGDT019</logicalDatatype>
<dataTypePrecision>4</dataTypePrecision>
<ownDataTypeParameters>,4,</ownDataTypeParameters>
</Attribute>
<Attribute name="vl_unitario" id="C7DA61BD-AEC3-6835-055C-B22D56FD20A6">
<createdBy>leand</createdBy>
<createdTime>2017-09-02 20:31:23 UTC</createdTime>
<ownerDesignName>BANCO_V2</ownerDesignName>
<importedID>8A1A643F-7FF4-7504-98EC-E86625EF82E6</importedID>
<engineerTo>
<item key="38C8A164-6624-3EDF-5B66-63584B8B65C8" value="true"/>
</engineerTo>
<useDomainConstraints>false</useDomainConstraints>
<use>1</use>
<logicalDatatype>LOGDT019</logicalDatatype>
<dataTypePrecision>6</dataTypePrecision>
<dataTypeScale>2</dataTypeScale>
<ownDataTypeParameters>,6,2</ownDataTypeParameters>
</Attribute>
<Attribute name="vl_volume" id="762C8B26-E5B5-DB92-930C-4D89EFC97DA7">
<createdBy>logonrm</createdBy>
<createdTime>2017-09-13 16:20:51 UTC</createdTime>
<ownerDesignName>BANCO_V2</ownerDesignName>
<engineerTo>
<item key="38C8A164-6624-3EDF-5B66-63584B8B65C8" value="true"/>
</engineerTo>
<useDomainConstraints>false</useDomainConstraints>
<use>1</use>
<logicalDatatype>LOGDT020</logicalDatatype>
<dataTypePrecision>1</dataTypePrecision>
<dataTypeScale>3</dataTypeScale>
<ownDataTypeParameters>,1,3</ownDataTypeParameters>
</Attribute>
<Attribute name="vl_peso" id="0D0D7AEF-3878-7796-603F-D40B908501CC">
<createdBy>logonrm</createdBy>
<createdTime>2017-09-13 16:22:40 UTC</createdTime>
<ownerDesignName>BANCO_V2</ownerDesignName>
<engineerTo>
<item key="38C8A164-6624-3EDF-5B66-63584B8B65C8" value="true"/>
</engineerTo>
<useDomainConstraints>false</useDomainConstraints>
<use>1</use>
<logicalDatatype>LOGDT020</logicalDatatype>
<dataTypePrecision>1</dataTypePrecision>
<dataTypeScale>1</dataTypeScale>
<ownDataTypeParameters>,1,1</ownDataTypeParameters>
</Attribute>
<Attribute name="ds_tempo_producao" id="7B86C41D-30F7-D245-6A14-446248AB5FD3">
<createdBy>Lucas</createdBy>
<createdTime>2017-09-17 06:42:28 UTC</createdTime>
<ownerDesignName>BANCO_V2</ownerDesignName>
<engineerTo>
<item key="38C8A164-6624-3EDF-5B66-63584B8B65C8" value="true"/>
</engineerTo>
<useDomainConstraints>false</useDomainConstraints>
<use>1</use>
<logicalDatatype>LOGDT008</logicalDatatype>
<ownDataTypeParameters>,,</ownDataTypeParameters>
</Attribute>
</attributes>
<identifiers itemClass="oracle.dbtools.crest.model.design.logical.CandidateKey">
<identifier id="9A3F79DF-B647-C032-5896-6305358071C6" name="PK_VFC_PRODUTO">
<createdBy>leand</createdBy>
<createdTime>2017-09-02 20:31:23 UTC</createdTime>
<generatorID>Gerado pelo usuário</generatorID>
<ownerDesignName>BANCO_V2</ownerDesignName>
<engineerTo>
<item key="38C8A164-6624-3EDF-5B66-63584B8B65C8" value="true"/>
</engineerTo>
<pk>true</pk>
<newElementsIDs>8539B5C7-0142-AEC2-2609-A608BBE0B22D</newElementsIDs>
<usedAttributes>
<attributeRef>8539B5C7-0142-AEC2-2609-A608BBE0B22D</attributeRef>
</usedAttributes>
</identifier>
</identifiers>
</Entity>