<?xml version = '1.0' encoding = 'UTF-8'?>
<Entity class="oracle.dbtools.crest.model.design.logical.Entity" directorySegmentName="seg_0" id="FCA1E6D5-4C3A-F4A2-5839-400134B78702" name="T_VFC_DEPOSITAR_PATIO">
<createdBy>logonrm</createdBy>
<createdTime>2017-09-18 16:08:19 UTC</createdTime>
<ownerDesignName>BANCO_V2</ownerDesignName>
<engineerTo>
<item key="38C8A164-6624-3EDF-5B66-63584B8B65C8" value="true"/>
</engineerTo>
<adequatelyNormalized>NO</adequatelyNormalized>
<expectedVolumes>0</expectedVolumes>
<fwdEngineeringStrategyName>Single Table</fwdEngineeringStrategyName>
<growthPercent>0</growthPercent>
<growthType>Year</growthType>
<maxVolumes>9999999</maxVolumes>
<minVolumes>0</minVolumes>
<normalForm>Third</normalForm>
<attributes itemClass="oracle.dbtools.crest.model.design.logical.Attribute">
<Attribute name="cd_armazenamento" id="72E089B0-F406-4C1E-097A-256255C20D0B">
<createdBy>logonrm</createdBy>
<createdTime>2017-09-18 16:10:45 UTC</createdTime>
<ownerDesignName>BANCO_V2</ownerDesignName>
<engineerTo>
<item key="38C8A164-6624-3EDF-5B66-63584B8B65C8" value="true"/>
</engineerTo>
<useDomainConstraints>false</useDomainConstraints>
<use>1</use>
<logicalDatatype>LOGDT019</logicalDatatype>
<dataTypePrecision>5</dataTypePrecision>
<ownDataTypeParameters>,5,</ownDataTypeParameters>
</Attribute>
<Attribute name="qt_armazenamento" id="A5D8245A-5A8B-F75D-8F90-F951F1EA7EE7">
<createdBy>logonrm</createdBy>
<createdTime>2017-09-18 16:30:05 UTC</createdTime>
<ownerDesignName>BANCO_V2</ownerDesignName>
<engineerTo>
<item key="38C8A164-6624-3EDF-5B66-63584B8B65C8" value="true"/>
</engineerTo>
<useDomainConstraints>false</useDomainConstraints>
<use>1</use>
<logicalDatatype>LOGDT019</logicalDatatype>
<dataTypePrecision>5</dataTypePrecision>
<ownDataTypeParameters>,5,</ownDataTypeParameters>
</Attribute>
<Attribute name="dt_armazenamento" id="D79C54BC-D4B0-151F-8443-ECE672A1F65B">
<createdBy>logonrm</createdBy>
<createdTime>2017-09-18 16:11:09 UTC</createdTime>
<ownerDesignName>BANCO_V2</ownerDesignName>
<engineerTo>
<item key="38C8A164-6624-3EDF-5B66-63584B8B65C8" value="true"/>
</engineerTo>
<useDomainConstraints>false</useDomainConstraints>
<use>1</use>
<logicalDatatype>LOGDT007</logicalDatatype>
<ownDataTypeParameters>,,</ownDataTypeParameters>
</Attribute>
<Attribute name="st_armazenamento" id="824B2DF0-AB81-74C1-F0FC-C1A0D0A93E3E">
<createdBy>logonrm</createdBy>
<createdTime>2017-09-18 16:11:47 UTC</createdTime>
<comment>O status poderá estar em aprovado ou reprovado de qualidade</comment>
<ownerDesignName>BANCO_V2</ownerDesignName>
<engineerTo>
<item key="38C8A164-6624-3EDF-5B66-63584B8B65C8" value="true"/>
</engineerTo>
<useDomainConstraints>false</useDomainConstraints>
<use>1</use>
<logicalDatatype>LOGDT024</logicalDatatype>
<dataTypeSize>10</dataTypeSize>
<ownDataTypeParameters>10,,</ownDataTypeParameters>
</Attribute>
<Attribute name="ds_armazenamento" id="654E3571-88B1-8C5C-2B2A-CEF0E01A03B9">
<createdBy>logonrm</createdBy>
<createdTime>2017-09-18 16:14:02 UTC</createdTime>
<ownerDesignName>BANCO_V2</ownerDesignName>
<engineerTo>
<item key="38C8A164-6624-3EDF-5B66-63584B8B65C8" value="true"/>
</engineerTo>
<nullsAllowed>true</nullsAllowed>
<useDomainConstraints>false</useDomainConstraints>
<use>1</use>
<logicalDatatype>LOGDT024</logicalDatatype>
<dataTypeSize>50</dataTypeSize>
<ownDataTypeParameters>50,,</ownDataTypeParameters>
</Attribute>
<Attribute name="cd_producao" id="463CABA3-E72C-6714-739B-8707072BE6EC">
<createdBy>logonrm</createdBy>
<createdTime>2017-09-19 18:50:15 UTC</createdTime>
<generatorID>5C50AEAF-D11D-D20D-B106-29D5FC729C24</generatorID>
<ownerDesignName>BANCO_V2</ownerDesignName>
<engineerTo>
<item key="38C8A164-6624-3EDF-5B66-63584B8B65C8" value="true"/>
</engineerTo>
<referedAttribute>C2825622-3CE3-0B1E-5BEE-58276E148B31</referedAttribute>
<useDomainConstraints>false</useDomainConstraints>
<use>1</use>
<logicalDatatype>LOGDT019</logicalDatatype>
<dataTypePrecision>5</dataTypePrecision>
<ownDataTypeParameters>,,</ownDataTypeParameters>
</Attribute>
<Attribute name="cd_ordem_producao" id="ABADE7B2-5FED-F50C-DFEB-236BB49A82E3">
<createdBy>logonrm</createdBy>
<createdTime>2017-09-19 18:50:15 UTC</createdTime>
<generatorID>5C50AEAF-D11D-D20D-B106-29D5FC729C24</generatorID>
<ownerDesignName>BANCO_V2</ownerDesignName>
<engineerTo>
<item key="38C8A164-6624-3EDF-5B66-63584B8B65C8" value="true"/>
</engineerTo>
<referedAttribute>C75194D1-2711-F4A5-F4A2-CDED1AAA40BD</referedAttribute>
<useDomainConstraints>false</useDomainConstraints>
<use>1</use>
<logicalDatatype>LOGDT019</logicalDatatype>
<dataTypePrecision>10</dataTypePrecision>
<ownDataTypeParameters>,,</ownDataTypeParameters>
</Attribute>
<Attribute name="cd_patio" id="6AAD28B2-E8E1-10EB-1F72-861674F501E0">
<createdBy>logonrm</createdBy>
<createdTime>2017-09-19 18:50:23 UTC</createdTime>
<generatorID>E77DAEC6-A616-CBA1-EEF1-D29977D142AD</generatorID>
<ownerDesignName>BANCO_V2</ownerDesignName>
<engineerTo>
<item key="38C8A164-6624-3EDF-5B66-63584B8B65C8" value="true"/>
</engineerTo>
<referedAttribute>A07C7A01-0C7B-B78A-0E1D-F0E084A09544</referedAttribute>
<useDomainConstraints>false</useDomainConstraints>
<use>1</use>
<logicalDatatype>LOGDT019</logicalDatatype>
<dataTypePrecision>5</dataTypePrecision>
<ownDataTypeParameters>,,</ownDataTypeParameters>
</Attribute>
</attributes>
<identifiers itemClass="oracle.dbtools.crest.model.design.logical.CandidateKey">
<identifier id="B3F12F0D-2947-5A4C-1492-A91592FD1F20" name="PK_VFC_DEPOSITAR_PATIO">
<createdBy>logonrm</createdBy>
<createdTime>2017-09-18 16:11:44 UTC</createdTime>
<ownerDesignName>BANCO_V2</ownerDesignName>
<shouldEngineer>false</shouldEngineer>
<engineerTo>
<item key="38C8A164-6624-3EDF-5B66-63584B8B65C8" value="false"/>
</engineerTo>
<pk>true</pk>
<newElementsIDs>72E089B0-F406-4C1E-097A-256255C20D0B</newElementsIDs>
<usedAttributes>
<attributeRef>72E089B0-F406-4C1E-097A-256255C20D0B</attributeRef>
</usedAttributes>
</identifier>
</identifiers>
</Entity>