<?xml version = '1.0' encoding = 'UTF-8'?>
<Entity class="oracle.dbtools.crest.model.design.logical.Entity" directorySegmentName="seg_0" id="FEF0C899-6CDB-03BA-7314-B934D397EDEA" name="T_VFC_MATERIA_PRIMA">
<createdBy>Vitor</createdBy>
<createdTime>2017-09-03 19:10:05 UTC</createdTime>
<ownerDesignName>BANCO_V2</ownerDesignName>
<engineerTo>
<item key="38C8A164-6624-3EDF-5B66-63584B8B65C8" value="true"/>
</engineerTo>
<adequatelyNormalized>NO</adequatelyNormalized>
<expectedVolumes>0</expectedVolumes>
<fwdEngineeringStrategyName>Single Table</fwdEngineeringStrategyName>
<growthPercent>0</growthPercent>
<growthType>Year</growthType>
<maxVolumes>9999999</maxVolumes>
<minVolumes>0</minVolumes>
<normalForm>Third</normalForm>
<attributes itemClass="oracle.dbtools.crest.model.design.logical.Attribute">
<Attribute name="cd_materia_prima" id="408674AE-E6DC-0E95-BB39-2E1E9B9EDAD4">
<createdBy>Vitor</createdBy>
<createdTime>2017-09-03 19:10:19 UTC</createdTime>
<ownerDesignName>BANCO_V2</ownerDesignName>
<engineerTo>
<item key="38C8A164-6624-3EDF-5B66-63584B8B65C8" value="true"/>
</engineerTo>
<useDomainConstraints>false</useDomainConstraints>
<use>1</use>
<logicalDatatype>LOGDT019</logicalDatatype>
<dataTypePrecision>5</dataTypePrecision>
<ownDataTypeParameters>,5,</ownDataTypeParameters>
</Attribute>
<Attribute name="ds_materia_prima" id="4B592BA9-90D7-2FB4-B7D0-3371F2D6FC99">
<createdBy>Vitor</createdBy>
<createdTime>2017-09-03 19:11:55 UTC</createdTime>
<ownerDesignName>BANCO_V2</ownerDesignName>
<engineerTo>
<item key="38C8A164-6624-3EDF-5B66-63584B8B65C8" value="true"/>
</engineerTo>
<useDomainConstraints>false</useDomainConstraints>
<use>1</use>
<logicalDatatype>LOGDT024</logicalDatatype>
<dataTypeSize>30</dataTypeSize>
<ownDataTypeParameters>30,,</ownDataTypeParameters>
</Attribute>
<Attribute name="vl_preco_unitario" id="2B73985D-879B-2A41-316D-FA7197F8F493">
<createdBy>Vitor</createdBy>
<createdTime>2017-09-03 19:12:35 UTC</createdTime>
<ownerDesignName>BANCO_V2</ownerDesignName>
<engineerTo>
<item key="38C8A164-6624-3EDF-5B66-63584B8B65C8" value="true"/>
</engineerTo>
<useDomainConstraints>false</useDomainConstraints>
<use>1</use>
<logicalDatatype>LOGDT019</logicalDatatype>
<dataTypePrecision>6</dataTypePrecision>
<dataTypeScale>2</dataTypeScale>
<ownDataTypeParameters>,6,2</ownDataTypeParameters>
</Attribute>
<Attribute name="qt_materia_prima" id="BA0F1C4A-1F8F-E2EB-B326-2B82A94A40FE">
<createdBy>logonrm</createdBy>
<createdTime>2017-09-05 13:30:41 UTC</createdTime>
<ownerDesignName>BANCO_V2</ownerDesignName>
<engineerTo>
<item key="38C8A164-6624-3EDF-5B66-63584B8B65C8" value="true"/>
</engineerTo>
<useDomainConstraints>false</useDomainConstraints>
<use>1</use>
<logicalDatatype>LOGDT019</logicalDatatype>
<dataTypePrecision>5</dataTypePrecision>
<dataTypeScale>5</dataTypeScale>
<ownDataTypeParameters>,5,5</ownDataTypeParameters>
</Attribute>
</attributes>
<identifiers itemClass="oracle.dbtools.crest.model.design.logical.CandidateKey">
<identifier id="FD9C47CA-CF11-6A6A-1613-48B9ECD1E667" name="PK_VFC_MATERIA_PRIMA ">
<createdBy>Vitor</createdBy>
<createdTime>2017-09-03 19:11:53 UTC</createdTime>
<ownerDesignName>BANCO_V2</ownerDesignName>
<engineerTo>
<item key="38C8A164-6624-3EDF-5B66-63584B8B65C8" value="true"/>
</engineerTo>
<pk>true</pk>
<newElementsIDs>408674AE-E6DC-0E95-BB39-2E1E9B9EDAD4</newElementsIDs>
<usedAttributes>
<attributeRef>408674AE-E6DC-0E95-BB39-2E1E9B9EDAD4</attributeRef>
</usedAttributes>
</identifier>
</identifiers>
</Entity>