<?xml version = '1.0' encoding = 'UTF-8'?>
<Relation class="oracle.dbtools.crest.model.design.logical.Relation" name="possuirv1" directorySegmentName="seg_0" id="098423A7-E573-78C1-80A3-4F4072D43FDA">
<createdBy>logonrm</createdBy>
<createdTime>2017-09-04 14:52:00 UTC</createdTime>
<ownerDesignName>banco</ownerDesignName>
<engineerTo>
<item key="79DBAC6E-7ECE-7411-7C89-31B79CF16E25" value="true"/>
</engineerTo>
<sourcePk>9A3F79DF-B647-C032-5896-6305358071C6</sourcePk>
<identifying>true</identifying>
<optionalSource>true</optionalSource>
<optionalTarget>false</optionalTarget>
<sourceCardinality>1</sourceCardinality>
<sourceEntity>FB4EA689-84D4-382E-2CEC-302F372FE324</sourceEntity>
<targetCardinalityString>*</targetCardinalityString>
<targetEntity>390EA197-180E-8C09-9BE9-5B64FBCD24C9</targetEntity>
<transferable>true</transferable>
<deleteRule>NO ACTION</deleteRule>
</Relation>