<?xml version = '1.0' encoding = 'UTF-8'?>
<Relation class="oracle.dbtools.crest.model.design.logical.Relation" name="terv1" directorySegmentName="seg_0" id="09BEFE8B-8E29-AAAF-E633-4CB93E687C3A">
<createdBy>logonrm</createdBy>
<createdTime>2017-09-04 12:40:58 UTC</createdTime>
<ownerDesignName>banco</ownerDesignName>
<engineerTo>
<item key="79DBAC6E-7ECE-7411-7C89-31B79CF16E25" value="true"/>
</engineerTo>
<sourcePk>4BF6D39C-E59B-BAFF-F1E7-6787CD171F38</sourcePk>
<targetPk>32F137AF-12E1-6182-8829-EACC7338FF7B</targetPk>
<identifying>false</identifying>
<optionalSource>false</optionalSource>
<optionalTarget>false</optionalTarget>
<sourceCardinality>1</sourceCardinality>
<sourceEntity>62105B34-9DDE-F8F3-5FE0-3EA10A3AFDFD</sourceEntity>
<targetCardinalityString>1</targetCardinalityString>
<targetEntity>9B36229F-3FB0-3ED0-E1CF-32C3EAC1D91F</targetEntity>
<transferable>true</transferable>
<deleteRule>NO ACTION</deleteRule>
</Relation>