<?xml version = '1.0' encoding = 'UTF-8'?>
<Relation class="oracle.dbtools.crest.model.design.logical.Relation" name="terv4" directorySegmentName="seg_0" id="2AC1B058-0899-EED6-CBA5-B9AE43D86729">
<createdBy>Vitor</createdBy>
<createdTime>2017-09-03 20:33:01 UTC</createdTime>
<ownerDesignName>banco</ownerDesignName>
<engineerTo>
<item key="79DBAC6E-7ECE-7411-7C89-31B79CF16E25" value="true"/>
</engineerTo>
<sourcePk>7F31025A-23C0-133F-8F0F-B970620899F6</sourcePk>
<identifying>false</identifying>
<optionalSource>true</optionalSource>
<optionalTarget>false</optionalTarget>
<sourceCardinality>1</sourceCardinality>
<sourceEntity>5CAA0A82-64BC-7525-1399-AA19EA7C3E25</sourceEntity>
<targetCardinalityString>*</targetCardinalityString>
<targetEntity>5C4E50BD-1A4E-9FD1-1B51-94936C2A3D9B</targetEntity>
<transferable>true</transferable>
<deleteRule>NO ACTION</deleteRule>
</Relation>