<?xml version = '1.0' encoding = 'UTF-8'?>
<Relation class="oracle.dbtools.crest.model.design.logical.Relation" name="comporv13" directorySegmentName="seg_0" id="353C3C95-A11D-84DA-6798-F1125CF7D11D">
<createdBy>logonrm</createdBy>
<createdTime>2017-09-18 17:30:36 UTC</createdTime>
<ownerDesignName>banco</ownerDesignName>
<engineerTo>
<item key="79DBAC6E-7ECE-7411-7C89-31B79CF16E25" value="true"/>
</engineerTo>
<sourcePk>D1E5CB1D-73FE-D73C-1916-DD30128090AF</sourcePk>
<identifying>true</identifying>
<optionalSource>true</optionalSource>
<optionalTarget>false</optionalTarget>
<sourceCardinality>1</sourceCardinality>
<sourceEntity>D0D188D0-4C17-AC5C-A832-981531392B0E</sourceEntity>
<targetCardinalityString>*</targetCardinalityString>
<targetEntity>8F57EF78-75B1-4097-54B5-5A709C805078</targetEntity>
<transferable>true</transferable>
<deleteRule>NO ACTION</deleteRule>
</Relation>