<?xml version = '1.0' encoding = 'UTF-8'?>
<Relation class="oracle.dbtools.crest.model.design.logical.Relation" name="possui" directorySegmentName="seg_0" id="71D4591C-63BF-4BFD-F4D8-EC6FF7026311">
<createdBy>Vitor</createdBy>
<createdTime>2017-09-03 20:39:40 UTC</createdTime>
<ownerDesignName>banco</ownerDesignName>
<engineerTo>
<item key="79DBAC6E-7ECE-7411-7C89-31B79CF16E25" value="true"/>
</engineerTo>
<sourcePk>3162BC81-61FA-DCD4-178A-A2FD585BEB10</sourcePk>
<identifying>true</identifying>
<optionalSource>true</optionalSource>
<optionalTarget>false</optionalTarget>
<sourceCardinality>1</sourceCardinality>
<sourceEntity>5C4E50BD-1A4E-9FD1-1B51-94936C2A3D9B</sourceEntity>
<targetCardinalityString>*</targetCardinalityString>
<targetEntity>A670E879-E3A8-0CB7-00FE-2C04E904EC66</targetEntity>
<transferable>true</transferable>
<deleteRule>NO ACTION</deleteRule>
</Relation>