<?xml version = '1.0' encoding = 'UTF-8'?>
<Relation class="oracle.dbtools.crest.model.design.logical.Relation" name="POSSUIR" directorySegmentName="seg_0" id="BCAD85B5-C9F0-2F0F-BD7A-2300539FFA02">
<createdBy>logonrm</createdBy>
<createdTime>2017-09-04 11:44:32 UTC</createdTime>
<ownerDesignName>banco</ownerDesignName>
<engineerTo>
<item key="79DBAC6E-7ECE-7411-7C89-31B79CF16E25" value="true"/>
</engineerTo>
<sourcePk>32F137AF-12E1-6182-8829-EACC7338FF7B</sourcePk>
<targetPk>EA2B034D-4F94-9B52-2E74-AB6D1D0DC455</targetPk>
<identifying>false</identifying>
<optionalSource>false</optionalSource>
<optionalTarget>false</optionalTarget>
<sourceCardinality>1</sourceCardinality>
<sourceEntity>9B36229F-3FB0-3ED0-E1CF-32C3EAC1D91F</sourceEntity>
<targetCardinalityString>1</targetCardinalityString>
<targetEntity>768D2B28-730A-A22B-8B95-8F54C13A7C8A</targetEntity>
<transferable>true</transferable>
<deleteRule>NO ACTION</deleteRule>
</Relation>