<?xml version = '1.0' encoding = 'UTF-8'?>
<Relation class="oracle.dbtools.crest.model.design.logical.Relation" name="comporv14" directorySegmentName="seg_0" id="C7ABFB0A-7475-AB59-C8A1-17B4AC540FCD">
<createdBy>logonrm</createdBy>
<createdTime>2017-09-18 17:30:56 UTC</createdTime>
<ownerDesignName>banco</ownerDesignName>
<engineerTo>
<item key="79DBAC6E-7ECE-7411-7C89-31B79CF16E25" value="true"/>
</engineerTo>
<sourcePk>181876FF-B4A5-1C96-F00F-45F32FF7FD20</sourcePk>
<identifying>true</identifying>
<optionalSource>true</optionalSource>
<optionalTarget>false</optionalTarget>
<sourceCardinality>1</sourceCardinality>
<sourceEntity>66B218AC-B90F-8385-D20D-EC42B7297F6F</sourceEntity>
<targetCardinalityString>*</targetCardinalityString>
<targetEntity>8F57EF78-75B1-4097-54B5-5A709C805078</targetEntity>
<transferable>true</transferable>
<deleteRule>NO ACTION</deleteRule>
</Relation>