<?xml version = '1.0' encoding = 'UTF-8'?>
<Relation class="oracle.dbtools.crest.model.design.logical.Relation" name="pertencerv4" directorySegmentName="seg_0" id="C8CD68AD-94FB-5F54-A72E-EA09485F25D2">
<createdBy>logonpf</createdBy>
<createdTime>2017-04-24 13:44:43 UTC</createdTime>
<ownerDesignName>banco</ownerDesignName>
<engineerTo>
<item key="79DBAC6E-7ECE-7411-7C89-31B79CF16E25" value="true"/>
</engineerTo>
<sourcePk>71E4A71F-5ADF-FD08-DF47-D805A50FC104</sourcePk>
<identifying>false</identifying>
<optionalSource>true</optionalSource>
<optionalTarget>false</optionalTarget>
<sourceCardinality>1</sourceCardinality>
<sourceEntity>30ED1ACD-696D-4F36-33A7-5D8E81B7D8AF</sourceEntity>
<targetCardinalityString>*</targetCardinalityString>
<targetEntity>AF787E04-107F-1A93-0E8A-D879EC34D880</targetEntity>
<transferable>true</transferable>
<deleteRule>NO ACTION</deleteRule>
</Relation>