<?xml version = '1.0' encoding = 'UTF-8'?>
<Relation class="oracle.dbtools.crest.model.design.logical.Relation" name="comporv7" directorySegmentName="seg_0" id="FE36E522-53BC-BB3D-5C97-42A39FD35B65">
<createdBy>logonrm</createdBy>
<createdTime>2017-09-18 15:00:18 UTC</createdTime>
<ownerDesignName>banco</ownerDesignName>
<engineerTo>
<item key="79DBAC6E-7ECE-7411-7C89-31B79CF16E25" value="true"/>
</engineerTo>
<sourcePk>FD9C47CA-CF11-6A6A-1613-48B9ECD1E667</sourcePk>
<identifying>true</identifying>
<optionalSource>true</optionalSource>
<optionalTarget>false</optionalTarget>
<sourceCardinality>1</sourceCardinality>
<sourceEntity>FEF0C899-6CDB-03BA-7314-B934D397EDEA</sourceEntity>
<targetCardinalityString>*</targetCardinalityString>
<targetEntity>94568D1B-8CD0-76C5-C197-C824FBE35066</targetEntity>
<transferable>true</transferable>
<deleteRule>NO ACTION</deleteRule>
</Relation>