<?xml version = '1.0' encoding = 'UTF-8'?>
<Table class="oracle.dbtools.crest.model.design.relational.Table" directorySegmentName="seg_0" id="3DB50617-2D00-3676-DFC4-8185CEDD10BB" name="T_VFC_DEPARTAMENTO">
<createdBy>logonrm</createdBy>
<createdTime>2017-09-21 12:01:12 UTC</createdTime>
<generatorID>AE2BFBFB-CC4E-2A5C-D198-21A39B4FB4BF</generatorID>
<ownerDesignName>banco</ownerDesignName>
<allowColumnReorder>false</allowColumnReorder>
<existDependencyGenerateInDDl>true</existDependencyGenerateInDDl>
<parsed>true</parsed>
<columns itemClass="oracle.dbtools.crest.model.design.relational.Column">
<Column name="cd_depto" id="310107F4-1740-88C1-B9FB-D9FEC91958B8">
<createdBy>logonrm</createdBy>
<createdTime>2017-09-21 12:01:12 UTC</createdTime>
<generatorID>37E0EA09-60BE-A550-02C2-0C190E2E5A16</generatorID>
<ownerDesignName>banco</ownerDesignName>
<useDomainConstraints>false</useDomainConstraints>
<use>1</use>
<logicalDatatype>LOGDT019</logicalDatatype>
<dataTypePrecision>2</dataTypePrecision>
<ownDataTypeParameters>,2,</ownDataTypeParameters>
<autoIncrementCycle>false</autoIncrementCycle>
</Column>
<Column name="nm_depto" id="89D2EA9E-E506-C5B7-1935-417335C5D88D">
<createdBy>logonrm</createdBy>
<createdTime>2017-09-21 12:01:12 UTC</createdTime>
<generatorID>8410E21B-F778-CCF0-8266-285A677C0C12</generatorID>
<ownerDesignName>banco</ownerDesignName>
<useDomainConstraints>false</useDomainConstraints>
<use>1</use>
<logicalDatatype>LOGDT024</logicalDatatype>
<dataTypeSize>30</dataTypeSize>
<ownDataTypeParameters>30,,</ownDataTypeParameters>
<autoIncrementCycle>false</autoIncrementCycle>
</Column>
</columns>
<indexes itemClass="oracle.dbtools.crest.model.design.relational.Index">
<ind_PK_UK id="922584EA-C0D0-0854-7262-4E23EE49DCB0" name="PK_VFC_DEPARTAMENTO">
<createdBy>logonrm</createdBy>
<createdTime>2017-09-21 12:01:12 UTC</createdTime>
<generatorID>6E78BF22-2FC5-E025-94E4-55498C834F13</generatorID>
<ownerDesignName>banco</ownerDesignName>
<pk>true</pk>
<indexState>Primary Constraint</indexState>
<isSurrogateKey>false</isSurrogateKey>
<indexColumnUsage>
<colUsage columnID="310107F4-1740-88C1-B9FB-D9FEC91958B8"/>
</indexColumnUsage>
</ind_PK_UK>
<ind_PK_UK id="E785AA4D-522A-5A14-D89F-F6A6E8F067A8" name="T_VFC_DEPARTAMENTO_nm_depto_UN">
<createdBy>logonrm</createdBy>
<createdTime>2017-09-21 12:01:12 UTC</createdTime>
<generatorID>269BA9F2-A6EE-39B5-2BDB-B5A3540CD750</generatorID>
<ownerDesignName>banco</ownerDesignName>
<indexState>Unique Constraint</indexState>
<isSurrogateKey>false</isSurrogateKey>
<indexColumnUsage>
<colUsage columnID="89D2EA9E-E506-C5B7-1935-417335C5D88D"/>
</indexColumnUsage>
</ind_PK_UK>
</indexes>
</Table>