<?xml version = '1.0' encoding = 'UTF-8'?>
<Table class="oracle.dbtools.crest.model.design.relational.Table" directorySegmentName="seg_0" id="591F7A71-D465-B521-1375-BFA3C2068B17" name="T_VFC_BAIRRO">
<createdBy>logonrm</createdBy>
<createdTime>2017-09-21 12:01:12 UTC</createdTime>
<generatorID>E45255E4-4018-E790-03A6-4460D9B1BBAD</generatorID>
<ownerDesignName>banco</ownerDesignName>
<allowColumnReorder>false</allowColumnReorder>
<existDependencyGenerateInDDl>true</existDependencyGenerateInDDl>
<parsed>true</parsed>
<columns itemClass="oracle.dbtools.crest.model.design.relational.Column">
<Column name="cd_bairro" id="9A3E8071-2003-9BB3-1FC3-F8EA570BBDB9">
<createdBy>logonrm</createdBy>
<createdTime>2017-09-21 12:01:12 UTC</createdTime>
<generatorID>9369A748-0830-4406-8D28-6B3BA3071F11</generatorID>
<ownerDesignName>banco</ownerDesignName>
<useDomainConstraints>false</useDomainConstraints>
<use>1</use>
<logicalDatatype>LOGDT019</logicalDatatype>
<dataTypePrecision>5</dataTypePrecision>
<ownDataTypeParameters>,5,</ownDataTypeParameters>
<autoIncrementCycle>false</autoIncrementCycle>
</Column>
<Column name="cd_cidade" id="5DA7491E-4D42-0577-6A0E-EAD689A102DD">
<createdBy>logonrm</createdBy>
<createdTime>2017-09-21 12:01:12 UTC</createdTime>
<generatorID>8D0EA046-9307-654D-1322-9CAFDAFE98C1</generatorID>
<ownerDesignName>banco</ownerDesignName>
<useDomainConstraints>false</useDomainConstraints>
<use>1</use>
<logicalDatatype>LOGDT019</logicalDatatype>
<dataTypePrecision>5</dataTypePrecision>
<ownDataTypeParameters>,,</ownDataTypeParameters>
<previousColumn>false</previousColumn>
<autoIncrementCycle>false</autoIncrementCycle>
<associations>
<colAssociation fkAssociation="B67AD690-A247-A562-6AF1-3BC4392669A4" referredColumn="ADDBECF5-243D-6BCF-1705-9547B58A9CF8"/>
</associations>
</Column>
<Column name="nm_bairro" id="75577B80-201A-CD04-A94F-64D40F2FDD86">
<createdBy>logonrm</createdBy>
<createdTime>2017-09-21 12:01:12 UTC</createdTime>
<generatorID>2975FE73-4F32-5DAD-AA32-03A19E959B1C</generatorID>
<ownerDesignName>banco</ownerDesignName>
<useDomainConstraints>false</useDomainConstraints>
<use>1</use>
<logicalDatatype>LOGDT024</logicalDatatype>
<dataTypeSize>25</dataTypeSize>
<ownDataTypeParameters>25,,</ownDataTypeParameters>
<autoIncrementCycle>false</autoIncrementCycle>
</Column>
</columns>
<indexes itemClass="oracle.dbtools.crest.model.design.relational.Index">
<ind_PK_UK id="456FD377-8CD9-B2E3-6146-038F54A8ADA4" name="PK_VFC_BAIRRO">
<createdBy>logonrm</createdBy>
<createdTime>2017-09-21 12:01:12 UTC</createdTime>
<generatorID>67061642-29B3-0A6B-FC57-F676E6F68092</generatorID>
<ownerDesignName>banco</ownerDesignName>
<pk>true</pk>
<indexState>Primary Constraint</indexState>
<isSurrogateKey>false</isSurrogateKey>
<indexColumnUsage>
<colUsage columnID="9A3E8071-2003-9BB3-1FC3-F8EA570BBDB9"/>
</indexColumnUsage>
</ind_PK_UK>
<ind_PK_UK id="887B6DD7-C0F5-2B60-0D1C-2D95922F4BD8" name="FK_VFC_BAIRRO_CIDADE">
<createdBy>logonrm</createdBy>
<createdTime>2017-09-21 12:01:12 UTC</createdTime>
<generatorID>B3CE161B-9FFE-0D59-149E-0D27C6D5665D</generatorID>
<ownerDesignName>banco</ownerDesignName>
<indexState>Foreign Key</indexState>
<isSurrogateKey>false</isSurrogateKey>
<indexColumnUsage>
<colUsage columnID="5DA7491E-4D42-0577-6A0E-EAD689A102DD"/>
</indexColumnUsage>
</ind_PK_UK>
</indexes>
</Table>