<?xml version = '1.0' encoding = 'UTF-8'?>
<Table class="oracle.dbtools.crest.model.design.relational.Table" directorySegmentName="seg_0" id="6645F73A-A941-EC24-3EE3-F7BD077D4D3A" name="T_VFC_PATIO">
<createdBy>logonrm</createdBy>
<createdTime>2017-09-21 12:01:12 UTC</createdTime>
<generatorID>D0D188D0-4C17-AC5C-A832-981531392B0E</generatorID>
<ownerDesignName>banco</ownerDesignName>
<allowColumnReorder>false</allowColumnReorder>
<existDependencyGenerateInDDl>true</existDependencyGenerateInDDl>
<parsed>true</parsed>
<columns itemClass="oracle.dbtools.crest.model.design.relational.Column">
<Column name="cd_patio" id="E12A1AF4-EC9C-7747-207E-E078ED7CF277">
<createdBy>logonrm</createdBy>
<createdTime>2017-09-21 12:01:12 UTC</createdTime>
<generatorID>A07C7A01-0C7B-B78A-0E1D-F0E084A09544</generatorID>
<ownerDesignName>banco</ownerDesignName>
<useDomainConstraints>false</useDomainConstraints>
<use>1</use>
<logicalDatatype>LOGDT019</logicalDatatype>
<dataTypePrecision>5</dataTypePrecision>
<ownDataTypeParameters>,5,</ownDataTypeParameters>
<autoIncrementCycle>false</autoIncrementCycle>
</Column>
<Column name="qt_capacidade_max" id="1740A48F-A04D-2047-BF98-545D1BDE5EF1">
<createdBy>logonrm</createdBy>
<createdTime>2017-09-21 12:01:12 UTC</createdTime>
<generatorID>041F4D21-A014-0B6B-0E11-055CD27F6944</generatorID>
<ownerDesignName>banco</ownerDesignName>
<useDomainConstraints>false</useDomainConstraints>
<use>1</use>
<logicalDatatype>LOGDT019</logicalDatatype>
<dataTypePrecision>4</dataTypePrecision>
<ownDataTypeParameters>,4,</ownDataTypeParameters>
<autoIncrementCycle>false</autoIncrementCycle>
</Column>
<Column name="qt_capacidade_atual" id="580B41D0-CFA9-9E7C-385E-8AF7AF5757A5">
<createdBy>logonrm</createdBy>
<createdTime>2017-09-21 12:01:12 UTC</createdTime>
<generatorID>5D6AAFED-0647-7713-D8D7-1F7B5E93A480</generatorID>
<ownerDesignName>banco</ownerDesignName>
<useDomainConstraints>false</useDomainConstraints>
<use>1</use>
<logicalDatatype>LOGDT019</logicalDatatype>
<dataTypePrecision>4</dataTypePrecision>
<ownDataTypeParameters>,4,</ownDataTypeParameters>
<autoIncrementCycle>false</autoIncrementCycle>
</Column>
</columns>
<indexes itemClass="oracle.dbtools.crest.model.design.relational.Index">
<ind_PK_UK id="790ADD2D-4B2A-B389-56E1-6BA068B72051" name="PK_VFC_PATIO">
<createdBy>logonrm</createdBy>
<createdTime>2017-09-21 12:01:12 UTC</createdTime>
<generatorID>D1E5CB1D-73FE-D73C-1916-DD30128090AF</generatorID>
<ownerDesignName>banco</ownerDesignName>
<pk>true</pk>
<indexState>Primary Constraint</indexState>
<isSurrogateKey>false</isSurrogateKey>
<indexColumnUsage>
<colUsage columnID="E12A1AF4-EC9C-7747-207E-E078ED7CF277"/>
</indexColumnUsage>
</ind_PK_UK>
</indexes>
</Table>