<?xml version = '1.0' encoding = 'UTF-8'?>
<Table class="oracle.dbtools.crest.model.design.relational.Table" directorySegmentName="seg_0" id="87AB2012-2A7F-6278-0FA5-83F5187BAC43" name="T_VFC_FUNCIONARIO">
<createdBy>logonrm</createdBy>
<createdTime>2017-09-21 12:01:12 UTC</createdTime>
<generatorID>75BB9B2E-93B0-674A-BC7B-77AA24C3B949</generatorID>
<ownerDesignName>banco</ownerDesignName>
<allowColumnReorder>false</allowColumnReorder>
<existDependencyGenerateInDDl>true</existDependencyGenerateInDDl>
<parsed>true</parsed>
<columns itemClass="oracle.dbtools.crest.model.design.relational.Column">
<Column name="nr_matricula" id="344D6FEE-576E-498E-357A-42C0DA1F3F4D">
<createdBy>logonrm</createdBy>
<createdTime>2017-09-21 12:01:12 UTC</createdTime>
<generatorID>355C9A0D-70AD-8B0C-7408-9D49EE792C90</generatorID>
<ownerDesignName>banco</ownerDesignName>
<useDomainConstraints>false</useDomainConstraints>
<use>1</use>
<logicalDatatype>LOGDT019</logicalDatatype>
<dataTypePrecision>5</dataTypePrecision>
<ownDataTypeParameters>,5,</ownDataTypeParameters>
<autoIncrementCycle>false</autoIncrementCycle>
</Column>
<Column name="cd_depto" id="ACBF7362-9A76-DA31-0D34-23C0431FBE6D">
<createdBy>logonrm</createdBy>
<createdTime>2017-09-21 12:01:12 UTC</createdTime>
<generatorID>570ED5CC-1245-3181-D233-550C4E5C9924</generatorID>
<ownerDesignName>banco</ownerDesignName>
<useDomainConstraints>false</useDomainConstraints>
<use>1</use>
<logicalDatatype>LOGDT019</logicalDatatype>
<dataTypePrecision>2</dataTypePrecision>
<ownDataTypeParameters>,,</ownDataTypeParameters>
<previousColumn>false</previousColumn>
<autoIncrementCycle>false</autoIncrementCycle>
<associations>
<colAssociation fkAssociation="A3E91CA2-A87D-28B9-992A-D07EEB4B278F" referredColumn="310107F4-1740-88C1-B9FB-D9FEC91958B8"/>
</associations>
</Column>
<Column name="cd_pessoa" id="A775A67C-5E05-1E52-EC5F-F127BBBA8077">
<createdBy>logonrm</createdBy>
<createdTime>2017-09-21 12:01:12 UTC</createdTime>
<generatorID>BE6EC919-3B90-82DC-A8BE-071E5BA6BD4E</generatorID>
<ownerDesignName>banco</ownerDesignName>
<useDomainConstraints>false</useDomainConstraints>
<use>1</use>
<logicalDatatype>LOGDT019</logicalDatatype>
<dataTypePrecision>5</dataTypePrecision>
<ownDataTypeParameters>,,</ownDataTypeParameters>
<previousColumn>false</previousColumn>
<autoIncrementCycle>false</autoIncrementCycle>
<associations>
<colAssociation fkAssociation="B111DAEC-79FA-AF78-866D-52688290A60A" referredColumn="323BA559-CE9D-76C9-EDD6-0603D2A9B73F"/>
</associations>
</Column>
<Column name="dt__admissao" id="75383C67-87BC-EFD7-B80A-505EA190560C">
<createdBy>logonrm</createdBy>
<createdTime>2017-09-21 12:01:12 UTC</createdTime>
<generatorID>063BE3F1-C910-3B93-3272-BD4C22491988</generatorID>
<ownerDesignName>banco</ownerDesignName>
<useDomainConstraints>false</useDomainConstraints>
<use>1</use>
<logicalDatatype>LOGDT007</logicalDatatype>
<ownDataTypeParameters>,,</ownDataTypeParameters>
<autoIncrementCycle>false</autoIncrementCycle>
</Column>
<Column name="vl_salario" id="D7FC85F2-8739-2B0C-9AB9-98A7CCAA2A64">
<createdBy>logonrm</createdBy>
<createdTime>2017-09-21 12:01:12 UTC</createdTime>
<generatorID>92FA9A48-FA4F-6276-EC39-9912BA71DFB8</generatorID>
<ownerDesignName>banco</ownerDesignName>
<useDomainConstraints>false</useDomainConstraints>
<use>1</use>
<logicalDatatype>LOGDT019</logicalDatatype>
<dataTypePrecision>7</dataTypePrecision>
<dataTypeScale>2</dataTypeScale>
<ownDataTypeParameters>,7,2</ownDataTypeParameters>
<autoIncrementCycle>false</autoIncrementCycle>
</Column>
</columns>
<indexes itemClass="oracle.dbtools.crest.model.design.relational.Index">
<ind_PK_UK id="9E81E2F6-67EC-F41C-B163-87C554D99224" name="PK_VFC_FUNCIONARIO">
<createdBy>logonrm</createdBy>
<createdTime>2017-09-21 12:01:12 UTC</createdTime>
<generatorID>B7D2202C-27E0-4770-10BE-BEF9A77DCE61</generatorID>
<ownerDesignName>banco</ownerDesignName>
<pk>true</pk>
<indexState>Primary Constraint</indexState>
<isSurrogateKey>false</isSurrogateKey>
<indexColumnUsage>
<colUsage columnID="344D6FEE-576E-498E-357A-42C0DA1F3F4D"/>
</indexColumnUsage>
</ind_PK_UK>
<ind_PK_UK id="920EF24E-A846-57CF-34AE-A99EE6B22D98" name="T_VFC_FUNCIONARIO__IDX">
<createdBy>logonrm</createdBy>
<createdTime>2017-09-21 12:01:12 UTC</createdTime>
<ownerDesignName>banco</ownerDesignName>
<indexState>Unique Plain Index</indexState>
<isSurrogateKey>false</isSurrogateKey>
<relationGeneratorID>C5C41FE6-128F-B48E-A5CE-CDC2AFFE5CC2</relationGeneratorID>
<indexColumnUsage>
<colUsage columnID="A775A67C-5E05-1E52-EC5F-F127BBBA8077"/>
</indexColumnUsage>
</ind_PK_UK>
<ind_PK_UK id="9A105D43-4FF0-04BB-29CD-CAAC7E1DDF83" name="FK_VFC_FUNCIONARIO_PESSOA">
<createdBy>logonrm</createdBy>
<createdTime>2017-09-21 12:01:12 UTC</createdTime>
<generatorID>C5C41FE6-128F-B48E-A5CE-CDC2AFFE5CC2</generatorID>
<ownerDesignName>banco</ownerDesignName>
<indexState>Foreign Key</indexState>
<isSurrogateKey>false</isSurrogateKey>
<indexColumnUsage>
<colUsage columnID="A775A67C-5E05-1E52-EC5F-F127BBBA8077"/>
</indexColumnUsage>
</ind_PK_UK>
<ind_PK_UK id="C965C863-C26F-39F5-85E3-5EFD5A9F71BE" name="FK_VFC_FUNCIONARIO_DEPTO">
<createdBy>logonrm</createdBy>
<createdTime>2017-09-21 12:01:12 UTC</createdTime>
<generatorID>B24F6DDB-AD6A-6FA3-009E-03D07925B38C</generatorID>
<ownerDesignName>banco</ownerDesignName>
<indexState>Foreign Key</indexState>
<isSurrogateKey>false</isSurrogateKey>
<indexColumnUsage>
<colUsage columnID="ACBF7362-9A76-DA31-0D34-23C0431FBE6D"/>
</indexColumnUsage>
</ind_PK_UK>
</indexes>
</Table>