<?xml version = '1.0' encoding = 'UTF-8'?>
<Table class="oracle.dbtools.crest.model.design.relational.Table" directorySegmentName="seg_0" id="A2592B1A-BD7E-2ABC-1420-313C7B44FBBD" name="T_VFC_ARMA_ENDE">
<createdBy>logonrm</createdBy>
<createdTime>2017-09-21 12:01:12 UTC</createdTime>
<generatorID>DC4F2853-181C-26FA-92F5-4D5F41036F50</generatorID>
<ownerDesignName>banco</ownerDesignName>
<allowColumnReorder>false</allowColumnReorder>
<existDependencyGenerateInDDl>true</existDependencyGenerateInDDl>
<parsed>true</parsed>
<columns itemClass="oracle.dbtools.crest.model.design.relational.Column">
<Column name="nr_cep" id="676FC9B9-CEDB-4635-8146-3312EBAD5C8D">
<createdBy>logonrm</createdBy>
<createdTime>2017-09-21 12:01:12 UTC</createdTime>
<generatorID>149E9839-0F28-19F8-E973-053741915E14</generatorID>
<ownerDesignName>banco</ownerDesignName>
<useDomainConstraints>false</useDomainConstraints>
<use>1</use>
<logicalDatatype>LOGDT019</logicalDatatype>
<dataTypePrecision>8</dataTypePrecision>
<ownDataTypeParameters>,,</ownDataTypeParameters>
<previousColumn>false</previousColumn>
<autoIncrementCycle>false</autoIncrementCycle>
<associations>
<colAssociation fkAssociation="CA278FA1-2F73-DFCE-3F73-79C8C6064AA1" referredColumn="F34F53C6-A993-F791-F743-87549C6D64DA"/>
</associations>
</Column>
<Column name="cd_armazem" id="E542EA07-E51B-321D-D006-729F866B52FB">
<createdBy>logonrm</createdBy>
<createdTime>2017-09-21 12:01:12 UTC</createdTime>
<generatorID>5DB4B925-18EC-DD43-2B3C-ED49846D08E2</generatorID>
<ownerDesignName>banco</ownerDesignName>
<useDomainConstraints>false</useDomainConstraints>
<use>1</use>
<logicalDatatype>LOGDT019</logicalDatatype>
<dataTypePrecision>5</dataTypePrecision>
<ownDataTypeParameters>,,</ownDataTypeParameters>
<previousColumn>false</previousColumn>
<autoIncrementCycle>false</autoIncrementCycle>
<associations>
<colAssociation fkAssociation="8A7C6BE6-AE2A-5238-3A23-215D8232343B" referredColumn="995F7C56-D956-D20C-9E53-C4592CDF2C84"/>
</associations>
</Column>
<Column name="nr_logradouro" id="DED2F275-2EE7-44C8-16AF-0827742DFA0C">
<createdBy>logonrm</createdBy>
<createdTime>2017-09-21 12:01:12 UTC</createdTime>
<generatorID>B0C0A2D8-3353-21C2-D35C-775F28182F0A</generatorID>
<ownerDesignName>banco</ownerDesignName>
<useDomainConstraints>false</useDomainConstraints>
<use>1</use>
<logicalDatatype>LOGDT019</logicalDatatype>
<dataTypePrecision>10</dataTypePrecision>
<ownDataTypeParameters>,10,</ownDataTypeParameters>
<autoIncrementCycle>false</autoIncrementCycle>
</Column>
<Column name="ds_complemento" id="7A7D2C5D-90F0-DD39-9402-511B9FD64D18">
<createdBy>logonrm</createdBy>
<createdTime>2017-09-21 12:01:12 UTC</createdTime>
<generatorID>A6F99F96-959D-782A-B444-BA3D2BF26B9C</generatorID>
<ownerDesignName>banco</ownerDesignName>
<nullsAllowed>true</nullsAllowed>
<useDomainConstraints>false</useDomainConstraints>
<use>1</use>
<logicalDatatype>LOGDT024</logicalDatatype>
<dataTypeSize>50</dataTypeSize>
<ownDataTypeParameters>50,,</ownDataTypeParameters>
<autoIncrementCycle>false</autoIncrementCycle>
</Column>
</columns>
<indexes itemClass="oracle.dbtools.crest.model.design.relational.Index">
<ind_PK_UK id="79FDEC4A-4ED3-EB68-1695-B6338CEA4302" name="PK_VFC_ARMA_ENDE">
<createdBy>logonrm</createdBy>
<createdTime>2017-09-21 12:01:12 UTC</createdTime>
<generatorID>1E11505A-47A6-246B-9E67-8C4E55AA26E9</generatorID>
<ownerDesignName>banco</ownerDesignName>
<pk>true</pk>
<indexState>Primary Constraint</indexState>
<isSurrogateKey>false</isSurrogateKey>
<indexColumnUsage>
<colUsage columnID="676FC9B9-CEDB-4635-8146-3312EBAD5C8D"/>
<colUsage columnID="E542EA07-E51B-321D-D006-729F866B52FB"/>
</indexColumnUsage>
</ind_PK_UK>
<ind_PK_UK id="1F018143-C3E1-1A29-542F-027BB6B279B2" name="FK_VFC_ARMA_ENDE_ENDERECO">
<createdBy>logonrm</createdBy>
<createdTime>2017-09-21 12:01:12 UTC</createdTime>
<generatorID>15C2FE7D-2669-B0F4-3080-A38F3AA8B986</generatorID>
<ownerDesignName>banco</ownerDesignName>
<indexState>Foreign Key</indexState>
<isSurrogateKey>false</isSurrogateKey>
<indexColumnUsage>
<colUsage columnID="676FC9B9-CEDB-4635-8146-3312EBAD5C8D"/>
</indexColumnUsage>
</ind_PK_UK>
<ind_PK_UK id="4AC23627-03B5-B4BA-3B13-32E8B54544A7" name="FK_VFC_ARMA_ENDE_ARMAZEM">
<createdBy>logonrm</createdBy>
<createdTime>2017-09-21 12:01:12 UTC</createdTime>
<generatorID>E033C7DE-E97E-72FA-15B3-2F7CECABAF83</generatorID>
<ownerDesignName>banco</ownerDesignName>
<indexState>Foreign Key</indexState>
<isSurrogateKey>false</isSurrogateKey>
<indexColumnUsage>
<colUsage columnID="E542EA07-E51B-321D-D006-729F866B52FB"/>
</indexColumnUsage>
</ind_PK_UK>
</indexes>
</Table>