<?xml version = '1.0' encoding = 'UTF-8'?>
<Table class="oracle.dbtools.crest.model.design.relational.Table" directorySegmentName="seg_0" id="CDBEB10D-F79B-46E2-9AFB-3E2DED3BDC0E" name="T_VFC_PRODUCAO">
<createdBy>logonrm</createdBy>
<createdTime>2017-09-21 12:01:12 UTC</createdTime>
<generatorID>39BEB9EC-7EA4-BEB9-F979-7CAB594E445C</generatorID>
<ownerDesignName>banco</ownerDesignName>
<allowColumnReorder>false</allowColumnReorder>
<existDependencyGenerateInDDl>true</existDependencyGenerateInDDl>
<parsed>true</parsed>
<columns itemClass="oracle.dbtools.crest.model.design.relational.Column">
<Column name="cd_producao" id="1EB0EB9E-D063-A334-0A54-FBC65085D601">
<createdBy>logonrm</createdBy>
<createdTime>2017-09-21 12:01:12 UTC</createdTime>
<generatorID>C2825622-3CE3-0B1E-5BEE-58276E148B31</generatorID>
<ownerDesignName>banco</ownerDesignName>
<useDomainConstraints>false</useDomainConstraints>
<use>1</use>
<logicalDatatype>LOGDT019</logicalDatatype>
<dataTypePrecision>5</dataTypePrecision>
<ownDataTypeParameters>,5,</ownDataTypeParameters>
<autoIncrementCycle>false</autoIncrementCycle>
</Column>
<Column name="cd_ordem_producao" id="68F1E3CF-BB15-A3E8-C047-60BB3EE4B3A6">
<createdBy>logonrm</createdBy>
<createdTime>2017-09-21 12:01:12 UTC</createdTime>
<generatorID>C75194D1-2711-F4A5-F4A2-CDED1AAA40BD</generatorID>
<ownerDesignName>banco</ownerDesignName>
<useDomainConstraints>false</useDomainConstraints>
<use>1</use>
<logicalDatatype>LOGDT019</logicalDatatype>
<dataTypePrecision>10</dataTypePrecision>
<ownDataTypeParameters>,,</ownDataTypeParameters>
<previousColumn>false</previousColumn>
<autoIncrementCycle>false</autoIncrementCycle>
<associations>
<colAssociation fkAssociation="9957E2E8-531E-44ED-C29F-7F8D18DADA6C" referredColumn="2DF2B7F4-F24E-4CDC-91D8-9F350F7E9045"/>
</associations>
</Column>
<Column name="dt_producao" id="304D7E98-4390-4082-7845-543056EDF474">
<createdBy>logonrm</createdBy>
<createdTime>2017-09-21 12:01:12 UTC</createdTime>
<generatorID>2DAD0BD3-B168-9A17-8EEB-25290B9E66DA</generatorID>
<ownerDesignName>banco</ownerDesignName>
<useDomainConstraints>false</useDomainConstraints>
<use>1</use>
<logicalDatatype>LOGDT007</logicalDatatype>
<ownDataTypeParameters>,,</ownDataTypeParameters>
<autoIncrementCycle>false</autoIncrementCycle>
</Column>
<Column name="inicio_producao" id="72B3A5F7-3A99-DF85-F916-35BDAE68917E">
<createdBy>logonrm</createdBy>
<createdTime>2017-09-21 12:01:12 UTC</createdTime>
<generatorID>EC2F564D-ADED-B5A1-C371-8B5236018D5A</generatorID>
<ownerDesignName>banco</ownerDesignName>
<useDomainConstraints>false</useDomainConstraints>
<use>1</use>
<logicalDatatype>LOGDT008</logicalDatatype>
<ownDataTypeParameters>,,</ownDataTypeParameters>
<autoIncrementCycle>false</autoIncrementCycle>
</Column>
<Column name="termino_producao" id="4DEF033F-5221-3A91-BC9E-2ED012564930">
<createdBy>logonrm</createdBy>
<createdTime>2017-09-21 12:01:12 UTC</createdTime>
<generatorID>F62324B6-A4B1-E6D3-4C2A-CDCE4C2358E8</generatorID>
<ownerDesignName>banco</ownerDesignName>
<useDomainConstraints>false</useDomainConstraints>
<use>1</use>
<logicalDatatype>LOGDT008</logicalDatatype>
<ownDataTypeParameters>,,</ownDataTypeParameters>
<autoIncrementCycle>false</autoIncrementCycle>
</Column>
<Column name="inicio_parada" id="B1023890-7F19-BB4A-DEC6-2423440590ED">
<createdBy>logonrm</createdBy>
<createdTime>2017-09-21 12:01:12 UTC</createdTime>
<generatorID>245D9E41-49B3-A2C1-41AC-77DEF5B6F707</generatorID>
<ownerDesignName>banco</ownerDesignName>
<nullsAllowed>true</nullsAllowed>
<useDomainConstraints>false</useDomainConstraints>
<use>1</use>
<logicalDatatype>LOGDT008</logicalDatatype>
<ownDataTypeParameters>,,</ownDataTypeParameters>
<autoIncrementCycle>false</autoIncrementCycle>
</Column>
<Column name="fim_parada" id="79FD67F5-1CAC-6950-76EF-C01729A11389">
<createdBy>logonrm</createdBy>
<createdTime>2017-09-21 12:01:12 UTC</createdTime>
<generatorID>444AB0E3-178D-947F-5472-F5D73E3012AF</generatorID>
<ownerDesignName>banco</ownerDesignName>
<nullsAllowed>true</nullsAllowed>
<useDomainConstraints>false</useDomainConstraints>
<use>1</use>
<logicalDatatype>LOGDT008</logicalDatatype>
<ownDataTypeParameters>,,</ownDataTypeParameters>
<autoIncrementCycle>false</autoIncrementCycle>
</Column>
</columns>
<indexes itemClass="oracle.dbtools.crest.model.design.relational.Index">
<ind_PK_UK id="C61430C4-0151-E9F2-D9FC-228B966B26FB" name="PK_VFC_PRODUCAO">
<createdBy>logonrm</createdBy>
<createdTime>2017-09-21 12:01:12 UTC</createdTime>
<generatorID>FD3B0E30-E3D3-8816-CA76-9AB86828CE54</generatorID>
<ownerDesignName>banco</ownerDesignName>
<pk>true</pk>
<indexState>Primary Constraint</indexState>
<isSurrogateKey>false</isSurrogateKey>
<indexColumnUsage>
<colUsage columnID="1EB0EB9E-D063-A334-0A54-FBC65085D601"/>
<colUsage columnID="68F1E3CF-BB15-A3E8-C047-60BB3EE4B3A6"/>
</indexColumnUsage>
</ind_PK_UK>
<ind_PK_UK id="24CB336E-D73C-DF97-DA98-2A1F069365E4" name="FK_VFC_PRODUCAO_ORD_PROD">
<createdBy>logonrm</createdBy>
<createdTime>2017-09-21 12:01:12 UTC</createdTime>
<generatorID>F026754F-C0FB-1693-315C-E4B464301DD3</generatorID>
<ownerDesignName>banco</ownerDesignName>
<indexState>Foreign Key</indexState>
<isSurrogateKey>false</isSurrogateKey>
<indexColumnUsage>
<colUsage columnID="68F1E3CF-BB15-A3E8-C047-60BB3EE4B3A6"/>
</indexColumnUsage>
</ind_PK_UK>
</indexes>
</Table>