<?xml version = '1.0' encoding = 'UTF-8'?>
<Table class="oracle.dbtools.crest.model.design.relational.Table" directorySegmentName="seg_0" id="DB01CC49-953B-61BE-81C7-FD6615FADD62" name="T_VFC_DEPOSITAR_PATIO">
<createdBy>logonrm</createdBy>
<createdTime>2017-09-21 12:01:12 UTC</createdTime>
<generatorID>FCA1E6D5-4C3A-F4A2-5839-400134B78702</generatorID>
<ownerDesignName>banco</ownerDesignName>
<allowColumnReorder>false</allowColumnReorder>
<existDependencyGenerateInDDl>true</existDependencyGenerateInDDl>
<parsed>true</parsed>
<columns itemClass="oracle.dbtools.crest.model.design.relational.Column">
<Column name="cd_armazenamento" id="09BF86C6-00AB-95B0-3404-3B093DA87609">
<createdBy>logonrm</createdBy>
<createdTime>2017-09-21 12:01:12 UTC</createdTime>
<generatorID>72E089B0-F406-4C1E-097A-256255C20D0B</generatorID>
<ownerDesignName>banco</ownerDesignName>
<useDomainConstraints>false</useDomainConstraints>
<use>1</use>
<logicalDatatype>LOGDT019</logicalDatatype>
<dataTypePrecision>5</dataTypePrecision>
<ownDataTypeParameters>,5,</ownDataTypeParameters>
<autoIncrementCycle>false</autoIncrementCycle>
</Column>
<Column name="cd_producao" id="5D57D513-C7F3-B9F8-B4E7-CC7F1C20EFFF">
<createdBy>logonrm</createdBy>
<createdTime>2017-09-21 12:01:12 UTC</createdTime>
<generatorID>463CABA3-E72C-6714-739B-8707072BE6EC</generatorID>
<ownerDesignName>banco</ownerDesignName>
<useDomainConstraints>false</useDomainConstraints>
<use>1</use>
<logicalDatatype>LOGDT019</logicalDatatype>
<dataTypePrecision>5</dataTypePrecision>
<ownDataTypeParameters>,,</ownDataTypeParameters>
<previousColumn>false</previousColumn>
<autoIncrementCycle>false</autoIncrementCycle>
<associations>
<colAssociation fkAssociation="C36318E1-5993-B1D0-BF7E-586B70B845E1" referredColumn="1EB0EB9E-D063-A334-0A54-FBC65085D601"/>
</associations>
</Column>
<Column name="cd_ordem_producao" id="CC8BE05E-CB99-2B6A-9E4F-125C5826AF98">
<createdBy>logonrm</createdBy>
<createdTime>2017-09-21 12:01:12 UTC</createdTime>
<generatorID>ABADE7B2-5FED-F50C-DFEB-236BB49A82E3</generatorID>
<ownerDesignName>banco</ownerDesignName>
<useDomainConstraints>false</useDomainConstraints>
<use>1</use>
<logicalDatatype>LOGDT019</logicalDatatype>
<dataTypePrecision>10</dataTypePrecision>
<ownDataTypeParameters>,,</ownDataTypeParameters>
<previousColumn>false</previousColumn>
<autoIncrementCycle>false</autoIncrementCycle>
<associations>
<colAssociation fkAssociation="C36318E1-5993-B1D0-BF7E-586B70B845E1" referredColumn="68F1E3CF-BB15-A3E8-C047-60BB3EE4B3A6"/>
</associations>
</Column>
<Column name="cd_patio" id="7BED7A8D-CCCC-2B6B-5A9B-A80D5E1D4A6E">
<createdBy>logonrm</createdBy>
<createdTime>2017-09-21 12:01:12 UTC</createdTime>
<generatorID>6AAD28B2-E8E1-10EB-1F72-861674F501E0</generatorID>
<ownerDesignName>banco</ownerDesignName>
<useDomainConstraints>false</useDomainConstraints>
<use>1</use>
<logicalDatatype>LOGDT019</logicalDatatype>
<dataTypePrecision>5</dataTypePrecision>
<ownDataTypeParameters>,,</ownDataTypeParameters>
<previousColumn>false</previousColumn>
<autoIncrementCycle>false</autoIncrementCycle>
<associations>
<colAssociation fkAssociation="B60046D1-8416-5751-B4B4-391CCB82F437" referredColumn="E12A1AF4-EC9C-7747-207E-E078ED7CF277"/>
</associations>
</Column>
<Column name="qt_armazenamento" id="0FF01B8F-46AF-A0E8-AF3A-34D2ACB822AD">
<createdBy>logonrm</createdBy>
<createdTime>2017-09-21 12:01:12 UTC</createdTime>
<generatorID>A5D8245A-5A8B-F75D-8F90-F951F1EA7EE7</generatorID>
<ownerDesignName>banco</ownerDesignName>
<useDomainConstraints>false</useDomainConstraints>
<use>1</use>
<logicalDatatype>LOGDT019</logicalDatatype>
<dataTypePrecision>5</dataTypePrecision>
<ownDataTypeParameters>,5,</ownDataTypeParameters>
<autoIncrementCycle>false</autoIncrementCycle>
</Column>
<Column name="dt_armazenamento" id="D03AFA04-484A-0748-8E3F-57DD181F9EE2">
<createdBy>logonrm</createdBy>
<createdTime>2017-09-21 12:01:12 UTC</createdTime>
<generatorID>D79C54BC-D4B0-151F-8443-ECE672A1F65B</generatorID>
<ownerDesignName>banco</ownerDesignName>
<useDomainConstraints>false</useDomainConstraints>
<use>1</use>
<logicalDatatype>LOGDT007</logicalDatatype>
<ownDataTypeParameters>,,</ownDataTypeParameters>
<autoIncrementCycle>false</autoIncrementCycle>
</Column>
<Column name="st_armazenamento" id="360D63B7-4D33-F993-0DBB-752F88BD84FB">
<createdBy>logonrm</createdBy>
<createdTime>2017-09-21 12:01:12 UTC</createdTime>
<comment>O status poderá estar em aprovado ou reprovado de qualidade</comment>
<generatorID>824B2DF0-AB81-74C1-F0FC-C1A0D0A93E3E</generatorID>
<ownerDesignName>banco</ownerDesignName>
<useDomainConstraints>false</useDomainConstraints>
<use>1</use>
<logicalDatatype>LOGDT024</logicalDatatype>
<dataTypeSize>10</dataTypeSize>
<ownDataTypeParameters>10,,</ownDataTypeParameters>
<autoIncrementCycle>false</autoIncrementCycle>
</Column>
<Column name="ds_armazenamento" id="A3CEE31C-3EF0-7842-19F9-7F81DE12EA71">
<createdBy>logonrm</createdBy>
<createdTime>2017-09-21 12:01:12 UTC</createdTime>
<generatorID>654E3571-88B1-8C5C-2B2A-CEF0E01A03B9</generatorID>
<ownerDesignName>banco</ownerDesignName>
<nullsAllowed>true</nullsAllowed>
<useDomainConstraints>false</useDomainConstraints>
<use>1</use>
<logicalDatatype>LOGDT024</logicalDatatype>
<dataTypeSize>50</dataTypeSize>
<ownDataTypeParameters>50,,</ownDataTypeParameters>
<autoIncrementCycle>false</autoIncrementCycle>
</Column>
</columns>
<indexes itemClass="oracle.dbtools.crest.model.design.relational.Index">
<ind_PK_UK id="73A94E22-ACC1-FF39-4232-0B21C417F214" name="PK_VFC_DEPOSITAR_PATIO">
<createdBy>logonrm</createdBy>
<createdTime>2017-09-21 12:01:12 UTC</createdTime>
<generatorID>B3F12F0D-2947-5A4C-1492-A91592FD1F20</generatorID>
<ownerDesignName>banco</ownerDesignName>
<pk>true</pk>
<indexState>Primary Constraint</indexState>
<isSurrogateKey>false</isSurrogateKey>
<indexColumnUsage>
<colUsage columnID="09BF86C6-00AB-95B0-3404-3B093DA87609"/>
</indexColumnUsage>
</ind_PK_UK>
<ind_PK_UK id="70A4FDFC-6DAA-913C-9F59-50968FC4FAD5" name="FK_VFC_DEPOSITAR_PATIO_PROD">
<createdBy>logonrm</createdBy>
<createdTime>2017-09-21 12:01:12 UTC</createdTime>
<generatorID>5C50AEAF-D11D-D20D-B106-29D5FC729C24</generatorID>
<ownerDesignName>banco</ownerDesignName>
<indexState>Foreign Key</indexState>
<isSurrogateKey>false</isSurrogateKey>
<indexColumnUsage>
<colUsage columnID="5D57D513-C7F3-B9F8-B4E7-CC7F1C20EFFF"/>
<colUsage columnID="CC8BE05E-CB99-2B6A-9E4F-125C5826AF98"/>
</indexColumnUsage>
</ind_PK_UK>
<ind_PK_UK id="E8F31188-6A04-F420-75D5-89FC32B2D5FB" name="FK_VFC_DEPOSITAR_PATIO_PATIO">
<createdBy>logonrm</createdBy>
<createdTime>2017-09-21 12:01:12 UTC</createdTime>
<generatorID>E77DAEC6-A616-CBA1-EEF1-D29977D142AD</generatorID>
<ownerDesignName>banco</ownerDesignName>
<indexState>Foreign Key</indexState>
<isSurrogateKey>false</isSurrogateKey>
<indexColumnUsage>
<colUsage columnID="7BED7A8D-CCCC-2B6B-5A9B-A80D5E1D4A6E"/>
</indexColumnUsage>
</ind_PK_UK>
</indexes>
</Table>