<?xml version = '1.0' encoding = 'UTF-8'?>
<Table class="oracle.dbtools.crest.model.design.relational.Table" directorySegmentName="seg_0" id="0B4817CA-89FA-828B-04A7-C5FEE6F26E43" name="T_VFC_PESSOA_FISICA">
<createdBy>logonrm</createdBy>
<createdTime>2017-09-21 12:01:12 UTC</createdTime>
<generatorID>47E1CC02-E522-734A-0504-68CEC6E9363C</generatorID>
<ownerDesignName>banco</ownerDesignName>
<allowColumnReorder>false</allowColumnReorder>
<existDependencyGenerateInDDl>true</existDependencyGenerateInDDl>
<parsed>true</parsed>
<columns itemClass="oracle.dbtools.crest.model.design.relational.Column">
<Column name="cd_pessoa" id="A6DF0FB8-A95F-E1AE-753F-2218BF1AB8B1">
<createdBy>logonrm</createdBy>
<createdTime>2017-09-21 12:01:12 UTC</createdTime>
<generatorID>2F7F3D16-5C47-17F5-6515-CE48F3FBF93F</generatorID>
<ownerDesignName>banco</ownerDesignName>
<useDomainConstraints>false</useDomainConstraints>
<use>1</use>
<logicalDatatype>LOGDT019</logicalDatatype>
<dataTypePrecision>5</dataTypePrecision>
<ownDataTypeParameters>,,</ownDataTypeParameters>
<previousColumn>false</previousColumn>
<autoIncrementCycle>false</autoIncrementCycle>
<associations>
<colAssociation fkAssociation="C042CA1B-A042-B6AD-9677-E41854166558" referredColumn="323BA559-CE9D-76C9-EDD6-0603D2A9B73F"/>
</associations>
</Column>
<Column name="nr_rg" id="7C16E29C-A483-8BCF-96DE-8C7C5026F194">
<createdBy>logonrm</createdBy>
<createdTime>2017-09-21 12:01:12 UTC</createdTime>
<generatorID>3A25DF6F-74C6-7412-852A-1626425B37A8</generatorID>
<ownerDesignName>banco</ownerDesignName>
<useDomainConstraints>false</useDomainConstraints>
<use>1</use>
<logicalDatatype>LOGDT019</logicalDatatype>
<dataTypePrecision>12</dataTypePrecision>
<ownDataTypeParameters>,12,</ownDataTypeParameters>
<autoIncrementCycle>false</autoIncrementCycle>
</Column>
<Column name="nr_cpf" id="1F723A4A-1225-77ED-8C9E-72E28CA173C1">
<createdBy>logonrm</createdBy>
<createdTime>2017-09-21 12:01:12 UTC</createdTime>
<generatorID>8FD0F743-D321-6E06-23C6-D946304B7D41</generatorID>
<ownerDesignName>banco</ownerDesignName>
<useDomainConstraints>false</useDomainConstraints>
<use>1</use>
<logicalDatatype>LOGDT024</logicalDatatype>
<dataTypeSize>12</dataTypeSize>
<ownDataTypeParameters>12,,</ownDataTypeParameters>
<autoIncrementCycle>false</autoIncrementCycle>
</Column>
<Column name="dt_nascimento" id="9593070F-48B1-7FAE-1514-27FF01940954">
<createdBy>logonrm</createdBy>
<createdTime>2017-09-21 12:01:12 UTC</createdTime>
<generatorID>4FF4E796-0DC3-E141-027D-66556B2DE578</generatorID>
<ownerDesignName>banco</ownerDesignName>
<useDomainConstraints>false</useDomainConstraints>
<use>1</use>
<logicalDatatype>LOGDT007</logicalDatatype>
<ownDataTypeParameters>,,</ownDataTypeParameters>
<autoIncrementCycle>false</autoIncrementCycle>
</Column>
<Column name="ds_sexo" id="5A50C36B-E3E3-D43A-5A79-33A42C52357F">
<createdBy>logonrm</createdBy>
<createdTime>2017-09-21 12:01:12 UTC</createdTime>
<generatorID>F26304A8-009F-1AA9-6722-49ABBBC396CE</generatorID>
<ownerDesignName>banco</ownerDesignName>
<useDomainConstraints>false</useDomainConstraints>
<use>1</use>
<logicalDatatype>LOGDT025</logicalDatatype>
<dataTypeSize>1</dataTypeSize>
<ownDataTypeParameters>1,,</ownDataTypeParameters>
<autoIncrementCycle>false</autoIncrementCycle>
</Column>
<Column name="nm_pessoa" id="84ADE5AA-2B76-D78E-03CB-AE2DD998F9CF">
<createdBy>logonrm</createdBy>
<createdTime>2017-09-21 12:01:12 UTC</createdTime>
<generatorID>5132D671-46AD-F713-490D-BDFD89B504FE</generatorID>
<ownerDesignName>banco</ownerDesignName>
<useDomainConstraints>false</useDomainConstraints>
<use>1</use>
<logicalDatatype>LOGDT024</logicalDatatype>
<dataTypeSize>50</dataTypeSize>
<ownDataTypeParameters>50,,</ownDataTypeParameters>
<autoIncrementCycle>false</autoIncrementCycle>
</Column>
</columns>
<indexes itemClass="oracle.dbtools.crest.model.design.relational.Index">
<ind_PK_UK id="EEA4D137-AC13-A0D1-15AD-BD82248A6231" name="PK_VFC_PESSOA_FISICA">
<createdBy>logonrm</createdBy>
<createdTime>2017-09-21 12:01:12 UTC</createdTime>
<generatorID>1EAC0720-BC2B-DAFC-F71D-9C42AA401F7A</generatorID>
<ownerDesignName>banco</ownerDesignName>
<pk>true</pk>
<indexState>Primary Constraint</indexState>
<isSurrogateKey>false</isSurrogateKey>
<indexColumnUsage>
<colUsage columnID="A6DF0FB8-A95F-E1AE-753F-2218BF1AB8B1"/>
</indexColumnUsage>
</ind_PK_UK>
<ind_PK_UK id="BCD9B36D-2595-AD42-FEE6-DA5B109F154B" name="FK_VFC_PESSOA_FISICA_P">
<createdBy>logonrm</createdBy>
<createdTime>2017-09-21 12:01:12 UTC</createdTime>
<generatorID>9E632964-D631-6AC7-9FBA-11A861D3DD75</generatorID>
<ownerDesignName>banco</ownerDesignName>
<indexState>Foreign Key</indexState>
<isSurrogateKey>false</isSurrogateKey>
<indexColumnUsage>
<colUsage columnID="A6DF0FB8-A95F-E1AE-753F-2218BF1AB8B1"/>
</indexColumnUsage>
</ind_PK_UK>
</indexes>
</Table>