<?xml version = '1.0' encoding = 'UTF-8'?>
<Table class="oracle.dbtools.crest.model.design.relational.Table" directorySegmentName="seg_0" id="47B22645-AF56-F842-BD0E-1D7BF8618698" name="T_VFC_TIPO_LOG">
<createdBy>logonrm</createdBy>
<createdTime>2017-09-21 12:01:12 UTC</createdTime>
<generatorID>8906B641-5F0C-25AB-2630-D19A4C98DB35</generatorID>
<ownerDesignName>banco</ownerDesignName>
<allowColumnReorder>false</allowColumnReorder>
<existDependencyGenerateInDDl>true</existDependencyGenerateInDDl>
<parsed>true</parsed>
<columns itemClass="oracle.dbtools.crest.model.design.relational.Column">
<Column name="cd_tipo_log" id="5BE0F203-85E4-26F0-46E1-2700FE093A4A">
<createdBy>logonrm</createdBy>
<createdTime>2017-09-21 12:01:12 UTC</createdTime>
<generatorID>FE9B4550-B887-21A7-F4BA-4F8E7526DBA5</generatorID>
<ownerDesignName>banco</ownerDesignName>
<useDomainConstraints>false</useDomainConstraints>
<use>1</use>
<logicalDatatype>LOGDT019</logicalDatatype>
<dataTypePrecision>2</dataTypePrecision>
<ownDataTypeParameters>,2,</ownDataTypeParameters>
<autoIncrementCycle>false</autoIncrementCycle>
</Column>
<Column name="ds_tipo_log" id="0D967A98-EA58-2E6C-7104-9D865613F350">
<createdBy>logonrm</createdBy>
<createdTime>2017-09-21 12:01:12 UTC</createdTime>
<generatorID>3B8828DE-B856-E5DD-D4A9-B305D83D8622</generatorID>
<ownerDesignName>banco</ownerDesignName>
<useDomainConstraints>false</useDomainConstraints>
<use>1</use>
<logicalDatatype>LOGDT024</logicalDatatype>
<dataTypeSize>20</dataTypeSize>
<ownDataTypeParameters>20,,</ownDataTypeParameters>
<autoIncrementCycle>false</autoIncrementCycle>
</Column>
</columns>
<indexes itemClass="oracle.dbtools.crest.model.design.relational.Index">
<ind_PK_UK id="E7CCEDB6-8147-F193-0528-3421404F98DA" name="PK_VFC_TIPO_LOG">
<createdBy>logonrm</createdBy>
<createdTime>2017-09-21 12:01:12 UTC</createdTime>
<generatorID>648EFD1E-9D55-56AC-E09D-1D1477F19637</generatorID>
<ownerDesignName>banco</ownerDesignName>
<pk>true</pk>
<indexState>Primary Constraint</indexState>
<isSurrogateKey>false</isSurrogateKey>
<indexColumnUsage>
<colUsage columnID="5BE0F203-85E4-26F0-46E1-2700FE093A4A"/>
</indexColumnUsage>
</ind_PK_UK>
</indexes>
</Table>