<?xml version = '1.0' encoding = 'UTF-8'?>
<Table class="oracle.dbtools.crest.model.design.relational.Table" directorySegmentName="seg_0" id="7DE18DF1-3701-B0C9-0A53-CB52695105BF" name="T_VFC_COMPOSICAO_PROD">
<createdBy>logonrm</createdBy>
<createdTime>2017-09-21 12:01:12 UTC</createdTime>
<generatorID>0363959F-0DBF-C9CD-135E-7F057DEAF7D7</generatorID>
<ownerDesignName>banco</ownerDesignName>
<allowColumnReorder>false</allowColumnReorder>
<existDependencyGenerateInDDl>true</existDependencyGenerateInDDl>
<parsed>true</parsed>
<columns itemClass="oracle.dbtools.crest.model.design.relational.Column">
<Column name="cd_produto" id="3E3EAC05-8E00-7FFB-F73D-C781031EEB28">
<createdBy>logonrm</createdBy>
<createdTime>2017-09-21 12:01:12 UTC</createdTime>
<generatorID>535F320A-808D-3EA0-3859-81B9E5444B06</generatorID>
<ownerDesignName>banco</ownerDesignName>
<useDomainConstraints>false</useDomainConstraints>
<use>1</use>
<logicalDatatype>LOGDT019</logicalDatatype>
<dataTypePrecision>5</dataTypePrecision>
<ownDataTypeParameters>,,</ownDataTypeParameters>
<previousColumn>false</previousColumn>
<autoIncrementCycle>false</autoIncrementCycle>
<associations>
<colAssociation fkAssociation="8B2F700C-5D86-5906-74A5-890B307376AC" referredColumn="1F716FD2-1C74-FF01-1311-D7E23E397D02"/>
</associations>
</Column>
<Column name="cd_materia_prima" id="0C53707F-3105-EDB1-5961-3D42684BD249">
<createdBy>logonrm</createdBy>
<createdTime>2017-09-21 12:01:12 UTC</createdTime>
<generatorID>0D996EDF-045A-CB7F-74AC-BEDD7563ED3E</generatorID>
<ownerDesignName>banco</ownerDesignName>
<useDomainConstraints>false</useDomainConstraints>
<use>1</use>
<logicalDatatype>LOGDT019</logicalDatatype>
<dataTypePrecision>5</dataTypePrecision>
<ownDataTypeParameters>,,</ownDataTypeParameters>
<previousColumn>false</previousColumn>
<autoIncrementCycle>false</autoIncrementCycle>
<associations>
<colAssociation fkAssociation="42DF60F3-28B1-FD80-C683-36492E7CF283" referredColumn="0950B300-2EE4-4A45-A6A8-B338FE4F2D23"/>
</associations>
</Column>
<Column name="qt_materia_prima" id="14EB0017-947B-0212-30EC-F8F84CE011B1">
<createdBy>logonrm</createdBy>
<createdTime>2017-09-21 12:01:12 UTC</createdTime>
<generatorID>3C838E2E-46B9-DFE9-7A48-6229AEDE4401</generatorID>
<ownerDesignName>banco</ownerDesignName>
<useDomainConstraints>false</useDomainConstraints>
<use>1</use>
<logicalDatatype>LOGDT019</logicalDatatype>
<dataTypePrecision>5</dataTypePrecision>
<ownDataTypeParameters>,5,</ownDataTypeParameters>
<autoIncrementCycle>false</autoIncrementCycle>
</Column>
</columns>
<indexes itemClass="oracle.dbtools.crest.model.design.relational.Index">
<ind_PK_UK id="05780431-0B7E-6FE4-1E67-74B51354407A" name="PK_VFC_COMPOSICAO_PROD">
<createdBy>logonrm</createdBy>
<createdTime>2017-09-21 12:01:12 UTC</createdTime>
<generatorID>54F6195A-B1CE-6EA0-FF14-13E1CD63EB80</generatorID>
<ownerDesignName>banco</ownerDesignName>
<pk>true</pk>
<indexState>Primary Constraint</indexState>
<isSurrogateKey>false</isSurrogateKey>
<indexColumnUsage>
<colUsage columnID="3E3EAC05-8E00-7FFB-F73D-C781031EEB28"/>
<colUsage columnID="0C53707F-3105-EDB1-5961-3D42684BD249"/>
</indexColumnUsage>
</ind_PK_UK>
<ind_PK_UK id="1E09CF0D-D109-DA27-89AD-429E3892972C" name="FK_VFC_COMPOSICAO_PROD_PRODUTO">
<createdBy>logonrm</createdBy>
<createdTime>2017-09-21 12:01:12 UTC</createdTime>
<generatorID>974E7849-7700-488F-5366-069CF6C0CCE7</generatorID>
<ownerDesignName>banco</ownerDesignName>
<indexState>Foreign Key</indexState>
<isSurrogateKey>false</isSurrogateKey>
<indexColumnUsage>
<colUsage columnID="3E3EAC05-8E00-7FFB-F73D-C781031EEB28"/>
</indexColumnUsage>
</ind_PK_UK>
<ind_PK_UK id="3BB0C067-059A-3EE9-A851-6893D5C20195" name="FK_VFC_COMPOSICAO_PROD_M_P">
<createdBy>logonrm</createdBy>
<createdTime>2017-09-21 12:01:12 UTC</createdTime>
<generatorID>BCF696DF-5B93-C178-7B25-C6176581A434</generatorID>
<ownerDesignName>banco</ownerDesignName>
<indexState>Foreign Key</indexState>
<isSurrogateKey>false</isSurrogateKey>
<indexColumnUsage>
<colUsage columnID="0C53707F-3105-EDB1-5961-3D42684BD249"/>
</indexColumnUsage>
</ind_PK_UK>
</indexes>
</Table>