<?xml version = '1.0' encoding = 'UTF-8'?>
<Table class="oracle.dbtools.crest.model.design.relational.Table" directorySegmentName="seg_0" id="8CE4A8C9-4E8B-5A2A-10F6-AF51ADCC90DA" name="T_VFC_PESSOA_ENDE">
<createdBy>logonrm</createdBy>
<createdTime>2017-09-21 12:01:12 UTC</createdTime>
<generatorID>AB7162E5-0EFD-D59F-AEB3-CE4A974D2076</generatorID>
<ownerDesignName>banco</ownerDesignName>
<allowColumnReorder>false</allowColumnReorder>
<existDependencyGenerateInDDl>true</existDependencyGenerateInDDl>
<parsed>true</parsed>
<columns itemClass="oracle.dbtools.crest.model.design.relational.Column">
<Column name="cd_pessoa" id="DA0AA6C8-27A8-301B-1348-ED7EBD79A0BC">
<createdBy>logonrm</createdBy>
<createdTime>2017-09-21 12:01:12 UTC</createdTime>
<generatorID>49063767-4AE7-C495-8613-DE1D4F413DB7</generatorID>
<ownerDesignName>banco</ownerDesignName>
<useDomainConstraints>false</useDomainConstraints>
<use>1</use>
<logicalDatatype>LOGDT019</logicalDatatype>
<dataTypePrecision>5</dataTypePrecision>
<ownDataTypeParameters>,,</ownDataTypeParameters>
<previousColumn>false</previousColumn>
<autoIncrementCycle>false</autoIncrementCycle>
<associations>
<colAssociation fkAssociation="F8C00734-57E1-BCB1-41E0-30F86CA9227E" referredColumn="323BA559-CE9D-76C9-EDD6-0603D2A9B73F"/>
</associations>
</Column>
<Column name="nr_cep" id="DA76DE82-FEAB-C9E8-A8BB-90181284A539">
<createdBy>logonrm</createdBy>
<createdTime>2017-09-21 12:01:12 UTC</createdTime>
<generatorID>E1AB14AE-E3B4-86D4-3DBB-6578CE7D076C</generatorID>
<ownerDesignName>banco</ownerDesignName>
<useDomainConstraints>false</useDomainConstraints>
<use>1</use>
<logicalDatatype>LOGDT019</logicalDatatype>
<dataTypePrecision>8</dataTypePrecision>
<ownDataTypeParameters>,,</ownDataTypeParameters>
<previousColumn>false</previousColumn>
<autoIncrementCycle>false</autoIncrementCycle>
<associations>
<colAssociation fkAssociation="3C0C1C23-60B7-DF5D-7A62-5D46D4FD8B77" referredColumn="F34F53C6-A993-F791-F743-87549C6D64DA"/>
</associations>
</Column>
<Column name="nr_logradouro" id="EAD089BD-1CBA-B119-3E2D-C2FF84A88B18">
<createdBy>logonrm</createdBy>
<createdTime>2017-09-21 12:01:12 UTC</createdTime>
<generatorID>9F135A80-7837-83C4-DA6F-E05332A69210</generatorID>
<ownerDesignName>banco</ownerDesignName>
<useDomainConstraints>false</useDomainConstraints>
<use>1</use>
<logicalDatatype>LOGDT019</logicalDatatype>
<dataTypePrecision>10</dataTypePrecision>
<ownDataTypeParameters>,10,</ownDataTypeParameters>
<autoIncrementCycle>false</autoIncrementCycle>
</Column>
<Column name="ds_complemento" id="06601414-9911-9D04-B7EF-14FCD7DC5218">
<createdBy>logonrm</createdBy>
<createdTime>2017-09-21 12:01:12 UTC</createdTime>
<generatorID>3CA7FD3C-5731-13F4-EEBC-6841F62B9F63</generatorID>
<ownerDesignName>banco</ownerDesignName>
<nullsAllowed>true</nullsAllowed>
<useDomainConstraints>false</useDomainConstraints>
<use>1</use>
<logicalDatatype>LOGDT024</logicalDatatype>
<dataTypeSize>50</dataTypeSize>
<ownDataTypeParameters>50,,</ownDataTypeParameters>
<autoIncrementCycle>false</autoIncrementCycle>
</Column>
</columns>
<indexes itemClass="oracle.dbtools.crest.model.design.relational.Index">
<ind_PK_UK id="DC71C5C3-BD14-2626-CD8B-2A596391846F" name="PK_VFC_PESSOA_ENDE">
<createdBy>logonrm</createdBy>
<createdTime>2017-09-21 12:01:12 UTC</createdTime>
<generatorID>A5E9E6A0-3044-44B1-586F-05BD0B7A25E6</generatorID>
<ownerDesignName>banco</ownerDesignName>
<pk>true</pk>
<indexState>Primary Constraint</indexState>
<isSurrogateKey>false</isSurrogateKey>
<indexColumnUsage>
<colUsage columnID="DA0AA6C8-27A8-301B-1348-ED7EBD79A0BC"/>
<colUsage columnID="DA76DE82-FEAB-C9E8-A8BB-90181284A539"/>
</indexColumnUsage>
</ind_PK_UK>
<ind_PK_UK id="E8575C09-EC4F-B3F4-ADD3-52673A52109A" name="FK_VFC_PESSOA_ENDE_E">
<createdBy>logonrm</createdBy>
<createdTime>2017-09-21 12:01:12 UTC</createdTime>
<generatorID>F51A8950-1766-01E0-A713-BA4BF188EFC1</generatorID>
<ownerDesignName>banco</ownerDesignName>
<indexState>Foreign Key</indexState>
<isSurrogateKey>false</isSurrogateKey>
<indexColumnUsage>
<colUsage columnID="DA76DE82-FEAB-C9E8-A8BB-90181284A539"/>
</indexColumnUsage>
</ind_PK_UK>
<ind_PK_UK id="D5C31B9C-26F8-5F2D-589E-778D0CD267D3" name="FK_VFC_PESSOA_ENDE_P">
<createdBy>logonrm</createdBy>
<createdTime>2017-09-21 12:01:12 UTC</createdTime>
<generatorID>A8C7053D-786B-3FE1-C3AE-E8680646F02D</generatorID>
<ownerDesignName>banco</ownerDesignName>
<indexState>Foreign Key</indexState>
<isSurrogateKey>false</isSurrogateKey>
<indexColumnUsage>
<colUsage columnID="DA0AA6C8-27A8-301B-1348-ED7EBD79A0BC"/>
</indexColumnUsage>
</ind_PK_UK>
</indexes>
</Table>