<?xml version = '1.0' encoding = 'UTF-8'?>
<Table class="oracle.dbtools.crest.model.design.relational.Table" directorySegmentName="seg_0" id="B007C825-D511-1C39-51F3-1827E3A0FDF4" name="T_VFC_PESSOA">
<createdBy>logonrm</createdBy>
<createdTime>2017-09-21 12:01:12 UTC</createdTime>
<generatorID>768D2B28-730A-A22B-8B95-8F54C13A7C8A</generatorID>
<ownerDesignName>banco</ownerDesignName>
<allowColumnReorder>false</allowColumnReorder>
<existDependencyGenerateInDDl>true</existDependencyGenerateInDDl>
<parsed>true</parsed>
<columns itemClass="oracle.dbtools.crest.model.design.relational.Column">
<Column name="cd_pessoa" id="323BA559-CE9D-76C9-EDD6-0603D2A9B73F">
<createdBy>logonrm</createdBy>
<createdTime>2017-09-21 12:01:12 UTC</createdTime>
<generatorID>ABEFA446-A376-CB9E-DFB4-427D35BA94E2</generatorID>
<ownerDesignName>banco</ownerDesignName>
<useDomainConstraints>false</useDomainConstraints>
<use>1</use>
<logicalDatatype>LOGDT019</logicalDatatype>
<dataTypePrecision>5</dataTypePrecision>
<ownDataTypeParameters>,5,</ownDataTypeParameters>
<autoIncrementCycle>false</autoIncrementCycle>
</Column>
<Column name="nr_nota_fiscal" id="C3844B07-ED8A-ADA8-0440-2B710F33ACE8">
<createdBy>logonrm</createdBy>
<createdTime>2017-09-21 12:01:12 UTC</createdTime>
<generatorID>EE30CE48-69CC-1BBA-F962-E79B72E8E2DF</generatorID>
<ownerDesignName>banco</ownerDesignName>
<useDomainConstraints>false</useDomainConstraints>
<use>1</use>
<logicalDatatype>LOGDT019</logicalDatatype>
<dataTypePrecision>6</dataTypePrecision>
<ownDataTypeParameters>,,</ownDataTypeParameters>
<previousColumn>false</previousColumn>
<autoIncrementCycle>false</autoIncrementCycle>
<associations>
<colAssociation fkAssociation="A899EAD3-9290-2E1F-B356-01559E847910" referredColumn="16D33F85-C1DA-EFD7-A4F8-CC0217E96A79"/>
</associations>
</Column>
<Column name="ds_email" id="8327768F-390F-4D3E-9B40-10C319028B0B">
<createdBy>logonrm</createdBy>
<createdTime>2017-09-21 12:01:12 UTC</createdTime>
<generatorID>674415C2-A105-A2AC-05BA-B091B4E02DEF</generatorID>
<ownerDesignName>banco</ownerDesignName>
<useDomainConstraints>false</useDomainConstraints>
<use>1</use>
<logicalDatatype>LOGDT024</logicalDatatype>
<dataTypeSize>40</dataTypeSize>
<ownDataTypeParameters>40,,</ownDataTypeParameters>
<autoIncrementCycle>false</autoIncrementCycle>
</Column>
</columns>
<indexes itemClass="oracle.dbtools.crest.model.design.relational.Index">
<ind_PK_UK id="BF3F6797-1EF9-918A-1F76-598B61B28412" name="PK_VFC_PESSOA">
<createdBy>logonrm</createdBy>
<createdTime>2017-09-21 12:01:12 UTC</createdTime>
<generatorID>EA2B034D-4F94-9B52-2E74-AB6D1D0DC455</generatorID>
<ownerDesignName>banco</ownerDesignName>
<pk>true</pk>
<indexState>Primary Constraint</indexState>
<isSurrogateKey>false</isSurrogateKey>
<indexColumnUsage>
<colUsage columnID="323BA559-CE9D-76C9-EDD6-0603D2A9B73F"/>
</indexColumnUsage>
</ind_PK_UK>
<ind_PK_UK id="25C10A23-4F14-BF68-4AB4-D3ED43839941" name="IDX_VFC_PESSOA">
<createdBy>logonrm</createdBy>
<createdTime>2017-09-21 12:01:12 UTC</createdTime>
<ownerDesignName>banco</ownerDesignName>
<indexState>Unique Plain Index</indexState>
<isSurrogateKey>false</isSurrogateKey>
<relationGeneratorID>BCAD85B5-C9F0-2F0F-BD7A-2300539FFA02</relationGeneratorID>
<indexColumnUsage>
<colUsage columnID="C3844B07-ED8A-ADA8-0440-2B710F33ACE8"/>
</indexColumnUsage>
</ind_PK_UK>
<ind_PK_UK id="3B55C813-A8F0-D325-0E7C-BD712096BE95" name="FK_VFC_PESSOA_N_F">
<createdBy>logonrm</createdBy>
<createdTime>2017-09-21 12:01:12 UTC</createdTime>
<generatorID>BCAD85B5-C9F0-2F0F-BD7A-2300539FFA02</generatorID>
<ownerDesignName>banco</ownerDesignName>
<indexState>Foreign Key</indexState>
<isSurrogateKey>false</isSurrogateKey>
<indexColumnUsage>
<colUsage columnID="C3844B07-ED8A-ADA8-0440-2B710F33ACE8"/>
</indexColumnUsage>
</ind_PK_UK>
</indexes>
</Table>