<?xml version = '1.0' encoding = 'UTF-8'?>
<Table class="oracle.dbtools.crest.model.design.relational.Table" directorySegmentName="seg_0" id="CD51CC37-D322-1AAD-EFA3-BCF492215C03" name="T_VFC_USUARIO">
<createdBy>logonrm</createdBy>
<createdTime>2017-09-21 12:01:12 UTC</createdTime>
<generatorID>B8FA1910-CD52-5126-60E4-3E6B70E61476</generatorID>
<ownerDesignName>banco</ownerDesignName>
<allowColumnReorder>false</allowColumnReorder>
<existDependencyGenerateInDDl>true</existDependencyGenerateInDDl>
<parsed>true</parsed>
<columns itemClass="oracle.dbtools.crest.model.design.relational.Column">
<Column name="nm_usuario" id="C2689D5F-6CAA-1035-86C2-8DCA64F34543">
<createdBy>logonrm</createdBy>
<createdTime>2017-09-21 12:01:12 UTC</createdTime>
<generatorID>57B523B6-8051-8107-7930-D046579E1613</generatorID>
<ownerDesignName>banco</ownerDesignName>
<useDomainConstraints>false</useDomainConstraints>
<use>1</use>
<logicalDatatype>LOGDT024</logicalDatatype>
<dataTypeSize>20</dataTypeSize>
<ownDataTypeParameters>20,,</ownDataTypeParameters>
<autoIncrementCycle>false</autoIncrementCycle>
</Column>
<Column name="nr_matricula" id="4516351D-D7AB-A52E-2957-917253698565">
<createdBy>logonrm</createdBy>
<createdTime>2017-09-21 12:01:12 UTC</createdTime>
<generatorID>8863A653-8425-BEC6-5678-15F5B05E2438</generatorID>
<ownerDesignName>banco</ownerDesignName>
<useDomainConstraints>false</useDomainConstraints>
<use>1</use>
<logicalDatatype>LOGDT019</logicalDatatype>
<dataTypePrecision>5</dataTypePrecision>
<ownDataTypeParameters>,,</ownDataTypeParameters>
<previousColumn>false</previousColumn>
<autoIncrementCycle>false</autoIncrementCycle>
<associations>
<colAssociation fkAssociation="6DFD9F81-AFC2-BB73-68BB-B5D3FFA4F73C" referredColumn="344D6FEE-576E-498E-357A-42C0DA1F3F4D"/>
</associations>
</Column>
<Column name="ds_senha" id="983A61F5-E030-632B-D462-9E2005B53A76">
<createdBy>logonrm</createdBy>
<createdTime>2017-09-21 12:01:12 UTC</createdTime>
<generatorID>EA7076DD-0FC3-2F1E-9018-65BF3DA11459</generatorID>
<ownerDesignName>banco</ownerDesignName>
<useDomainConstraints>false</useDomainConstraints>
<use>1</use>
<logicalDatatype>LOGDT024</logicalDatatype>
<dataTypeSize>20</dataTypeSize>
<ownDataTypeParameters>20,,</ownDataTypeParameters>
<autoIncrementCycle>false</autoIncrementCycle>
</Column>
</columns>
<indexes itemClass="oracle.dbtools.crest.model.design.relational.Index">
<ind_PK_UK id="3926B749-C228-2CEF-3BDD-1F00E7162AC7" name="PK_VFC_USUARIO">
<createdBy>logonrm</createdBy>
<createdTime>2017-09-21 12:01:12 UTC</createdTime>
<generatorID>24A22021-4E26-E354-F33F-4B141B640B72</generatorID>
<ownerDesignName>banco</ownerDesignName>
<pk>true</pk>
<indexState>Primary Constraint</indexState>
<isSurrogateKey>false</isSurrogateKey>
<indexColumnUsage>
<colUsage columnID="C2689D5F-6CAA-1035-86C2-8DCA64F34543"/>
</indexColumnUsage>
</ind_PK_UK>
<ind_PK_UK id="55D56C52-CA5F-F636-4812-641B9EB2D42A" name="IDX_VFC_USUARIO">
<createdBy>logonrm</createdBy>
<createdTime>2017-09-21 12:01:12 UTC</createdTime>
<ownerDesignName>banco</ownerDesignName>
<indexState>Unique Plain Index</indexState>
<isSurrogateKey>false</isSurrogateKey>
<relationGeneratorID>38B3E6A5-CF30-BE17-87FC-1216671B0C46</relationGeneratorID>
<indexColumnUsage>
<colUsage columnID="4516351D-D7AB-A52E-2957-917253698565"/>
</indexColumnUsage>
</ind_PK_UK>
<ind_PK_UK id="6E881056-4072-2ED0-C77B-4F071E63A09D" name="FK_VFC_USUARIO_FUNC">
<createdBy>logonrm</createdBy>
<createdTime>2017-09-21 12:01:12 UTC</createdTime>
<generatorID>38B3E6A5-CF30-BE17-87FC-1216671B0C46</generatorID>
<ownerDesignName>banco</ownerDesignName>
<indexState>Foreign Key</indexState>
<isSurrogateKey>false</isSurrogateKey>
<indexColumnUsage>
<colUsage columnID="4516351D-D7AB-A52E-2957-917253698565"/>
</indexColumnUsage>
</ind_PK_UK>
</indexes>
</Table>