<?xml version = '1.0' encoding = 'UTF-8'?>
<Table class="oracle.dbtools.crest.model.design.relational.Table" directorySegmentName="seg_0" id="DC91BC72-CCFC-A597-9AC4-B4AAE7BAD4A3" name="T_VFC_ARM_MAT">
<createdBy>logonrm</createdBy>
<createdTime>2017-09-21 12:01:12 UTC</createdTime>
<generatorID>8E99B1C0-26FF-4DB0-10A4-31E3B4749736</generatorID>
<ownerDesignName>banco</ownerDesignName>
<allowColumnReorder>false</allowColumnReorder>
<existDependencyGenerateInDDl>true</existDependencyGenerateInDDl>
<parsed>true</parsed>
<columns itemClass="oracle.dbtools.crest.model.design.relational.Column">
<Column name="cd_materia_prima" id="66D89204-98EE-796E-D2ED-FE36CE2BB456">
<createdBy>logonrm</createdBy>
<createdTime>2017-09-21 12:01:12 UTC</createdTime>
<generatorID>D869CD0C-DFE4-18E2-F162-B2CBE9A4D624</generatorID>
<ownerDesignName>banco</ownerDesignName>
<useDomainConstraints>false</useDomainConstraints>
<use>1</use>
<logicalDatatype>LOGDT019</logicalDatatype>
<dataTypePrecision>5</dataTypePrecision>
<ownDataTypeParameters>,,</ownDataTypeParameters>
<previousColumn>false</previousColumn>
<autoIncrementCycle>false</autoIncrementCycle>
<associations>
<colAssociation fkAssociation="3547FAEA-3BD6-D08B-4CFB-1093EF164E0C" referredColumn="0950B300-2EE4-4A45-A6A8-B338FE4F2D23"/>
</associations>
</Column>
<Column name="cd_armazem" id="F9D984F7-E76E-BC1F-39F3-91EFAFB925FB">
<createdBy>logonrm</createdBy>
<createdTime>2017-09-21 12:01:12 UTC</createdTime>
<generatorID>9BB9B782-3EB2-CA62-A9E5-003A32386F46</generatorID>
<ownerDesignName>banco</ownerDesignName>
<useDomainConstraints>false</useDomainConstraints>
<use>1</use>
<logicalDatatype>LOGDT019</logicalDatatype>
<dataTypePrecision>5</dataTypePrecision>
<ownDataTypeParameters>,,</ownDataTypeParameters>
<previousColumn>false</previousColumn>
<autoIncrementCycle>false</autoIncrementCycle>
<associations>
<colAssociation fkAssociation="91AFE58D-40B4-C8FE-4533-EA5C860C53C5" referredColumn="995F7C56-D956-D20C-9E53-C4592CDF2C84"/>
</associations>
</Column>
<Column name="dt_entrada" id="BCAFC6AF-39AC-8CB3-E07C-B8CB74DAA3FA">
<createdBy>logonrm</createdBy>
<createdTime>2017-09-21 12:01:12 UTC</createdTime>
<generatorID>97E892D6-4CE9-B552-4464-7205E095292B</generatorID>
<ownerDesignName>banco</ownerDesignName>
<nullsAllowed>true</nullsAllowed>
<useDomainConstraints>false</useDomainConstraints>
<use>1</use>
<logicalDatatype>LOGDT007</logicalDatatype>
<ownDataTypeParameters>,,</ownDataTypeParameters>
<autoIncrementCycle>false</autoIncrementCycle>
</Column>
<Column name="dt_saida" id="193A17D9-DD3F-CE75-407E-70F3788C5D08">
<createdBy>logonrm</createdBy>
<createdTime>2017-09-21 12:01:12 UTC</createdTime>
<generatorID>64F12018-2177-122D-ED36-F065F742C8D0</generatorID>
<ownerDesignName>banco</ownerDesignName>
<nullsAllowed>true</nullsAllowed>
<useDomainConstraints>false</useDomainConstraints>
<use>1</use>
<logicalDatatype>LOGDT007</logicalDatatype>
<ownDataTypeParameters>,,</ownDataTypeParameters>
<autoIncrementCycle>false</autoIncrementCycle>
</Column>
</columns>
<indexes itemClass="oracle.dbtools.crest.model.design.relational.Index">
<ind_PK_UK id="5DF9FF29-5862-0B2C-2243-78DABE87BC85" name="PK_VFC_ARM_MAT">
<createdBy>logonrm</createdBy>
<createdTime>2017-09-21 12:01:12 UTC</createdTime>
<generatorID>9073DF8F-799E-78AE-D85B-C6799FD593FA</generatorID>
<ownerDesignName>banco</ownerDesignName>
<pk>true</pk>
<indexState>Primary Constraint</indexState>
<isSurrogateKey>false</isSurrogateKey>
<indexColumnUsage>
<colUsage columnID="66D89204-98EE-796E-D2ED-FE36CE2BB456"/>
<colUsage columnID="F9D984F7-E76E-BC1F-39F3-91EFAFB925FB"/>
</indexColumnUsage>
</ind_PK_UK>
<ind_PK_UK id="F17E8FB9-376C-DFDD-A6DC-696C49F25D48" name="FK_VFC_ARM_MAT_M_P">
<createdBy>logonrm</createdBy>
<createdTime>2017-09-21 12:01:12 UTC</createdTime>
<generatorID>E7523CC7-2BCC-6C35-EB2E-BA0271223B1C</generatorID>
<ownerDesignName>banco</ownerDesignName>
<indexState>Foreign Key</indexState>
<isSurrogateKey>false</isSurrogateKey>
<indexColumnUsage>
<colUsage columnID="66D89204-98EE-796E-D2ED-FE36CE2BB456"/>
</indexColumnUsage>
</ind_PK_UK>
<ind_PK_UK id="940454FC-5EBF-B0FA-19D6-1655272B9BA1" name="FK_VFC_ARM_MAT_ARMAZEM">
<createdBy>logonrm</createdBy>
<createdTime>2017-09-21 12:01:12 UTC</createdTime>
<generatorID>9675815A-5C82-68C1-6C71-C28596619576</generatorID>
<ownerDesignName>banco</ownerDesignName>
<indexState>Foreign Key</indexState>
<isSurrogateKey>false</isSurrogateKey>
<indexColumnUsage>
<colUsage columnID="F9D984F7-E76E-BC1F-39F3-91EFAFB925FB"/>
</indexColumnUsage>
</ind_PK_UK>
</indexes>
</Table>