<?xml version = '1.0' encoding = 'UTF-8'?>
<Table class="oracle.dbtools.crest.model.design.relational.Table" directorySegmentName="seg_0" id="E764D650-FA2C-D15F-964F-8E673BB43317" name="T_VFC_CIDADE">
<createdBy>logonrm</createdBy>
<createdTime>2017-09-21 12:01:12 UTC</createdTime>
<generatorID>AF787E04-107F-1A93-0E8A-D879EC34D880</generatorID>
<ownerDesignName>banco</ownerDesignName>
<allowColumnReorder>false</allowColumnReorder>
<existDependencyGenerateInDDl>true</existDependencyGenerateInDDl>
<parsed>true</parsed>
<columns itemClass="oracle.dbtools.crest.model.design.relational.Column">
<Column name="cd_cidade" id="ADDBECF5-243D-6BCF-1705-9547B58A9CF8">
<createdBy>logonrm</createdBy>
<createdTime>2017-09-21 12:01:12 UTC</createdTime>
<generatorID>060518A2-E4AA-D414-376F-D63A90B79035</generatorID>
<ownerDesignName>banco</ownerDesignName>
<useDomainConstraints>false</useDomainConstraints>
<use>1</use>
<logicalDatatype>LOGDT019</logicalDatatype>
<dataTypePrecision>5</dataTypePrecision>
<ownDataTypeParameters>,5,</ownDataTypeParameters>
<autoIncrementCycle>false</autoIncrementCycle>
</Column>
<Column name="cd_estado" id="70495DD0-5FD4-6B7E-AB2C-AADC552FAB2A">
<createdBy>logonrm</createdBy>
<createdTime>2017-09-21 12:01:12 UTC</createdTime>
<generatorID>9866A14B-9599-77B9-E47B-292973211356</generatorID>
<ownerDesignName>banco</ownerDesignName>
<useDomainConstraints>false</useDomainConstraints>
<use>1</use>
<logicalDatatype>LOGDT019</logicalDatatype>
<dataTypePrecision>2</dataTypePrecision>
<ownDataTypeParameters>,,</ownDataTypeParameters>
<previousColumn>false</previousColumn>
<autoIncrementCycle>false</autoIncrementCycle>
<associations>
<colAssociation fkAssociation="9238F196-5144-0444-17B4-EE00B14F5F98" referredColumn="600188F2-8087-29D2-F472-0C9515945127"/>
</associations>
</Column>
<Column name="nm_cidade" id="06BFE8DB-1DB6-E2E6-4822-B6BC8C383918">
<createdBy>logonrm</createdBy>
<createdTime>2017-09-21 12:01:12 UTC</createdTime>
<generatorID>75084626-46DE-B777-91C5-923037E09A2B</generatorID>
<ownerDesignName>banco</ownerDesignName>
<useDomainConstraints>false</useDomainConstraints>
<use>1</use>
<logicalDatatype>LOGDT024</logicalDatatype>
<dataTypeSize>30</dataTypeSize>
<ownDataTypeParameters>30,,</ownDataTypeParameters>
<autoIncrementCycle>false</autoIncrementCycle>
</Column>
</columns>
<indexes itemClass="oracle.dbtools.crest.model.design.relational.Index">
<ind_PK_UK id="CA753198-0562-F76A-2D79-4C4E9118A166" name="PK_VFC_CIDADE">
<createdBy>logonrm</createdBy>
<createdTime>2017-09-21 12:01:12 UTC</createdTime>
<generatorID>AF403C8A-6206-F2AB-F81B-6FB0D722975A</generatorID>
<ownerDesignName>banco</ownerDesignName>
<pk>true</pk>
<indexState>Primary Constraint</indexState>
<isSurrogateKey>false</isSurrogateKey>
<indexColumnUsage>
<colUsage columnID="ADDBECF5-243D-6BCF-1705-9547B58A9CF8"/>
</indexColumnUsage>
</ind_PK_UK>
<ind_PK_UK id="BB7F5A5F-CC8F-583C-DC24-C8075E4572A2" name="FK_VFC_CIDADE_ESTADO">
<createdBy>logonrm</createdBy>
<createdTime>2017-09-21 12:01:12 UTC</createdTime>
<generatorID>C8CD68AD-94FB-5F54-A72E-EA09485F25D2</generatorID>
<ownerDesignName>banco</ownerDesignName>
<indexState>Foreign Key</indexState>
<isSurrogateKey>false</isSurrogateKey>
<indexColumnUsage>
<colUsage columnID="70495DD0-5FD4-6B7E-AB2C-AADC552FAB2A"/>
</indexColumnUsage>
</ind_PK_UK>
</indexes>
</Table>