<?xml version = '1.0' encoding = 'UTF-8'?>
<FKArc class="oracle.dbtools.crest.model.design.relational.FKArc" directorySegmentName="seg_0" id="5162AFE8-9275-E8D7-157E-7E86BC7609A1" name="Arc_3">
<createdBy>logonrm</createdBy>
<createdTime>2017-09-21 12:01:12 UTC</createdTime>
<ownerDesignName>banco</ownerDesignName>
<mandatory>false</mandatory>
<reverseArc>true</reverseArc>
<table>B007C825-D511-1C39-51F3-1827E3A0FDF4</table>
<fkeys>
<fkeyID>C042CA1B-A042-B6AD-9677-E41854166558</fkeyID>
<fkeyID>C44F5455-83C4-5354-026F-0453A7CD2703</fkeyID>
</fkeys>
</FKArc>